순위,제품ID,제품명,카테고리,원가USD,권장정가USD,마진USD,마진율%,배송비조회됨,이미지URL,제품링크
1,4997,Carry All Pouch,Bags,1.36,13.99,12.63,90.3,Y,https://ipimg.interestprint.com/data/product/4997/img/20251126/20251126223830831717_250x250.jpg,https://www.interestprint.com/custom/carry_all_pouch-4997.html
2,4056,"Custom MousePad 7"" × 9""",Home Decor,1.42,9.99,8.57,85.8,Y,https://ipimg.interestprint.com/data/product/4056/img/20241213/20241213001758665158_250x250.jpg,https://www.interestprint.com/custom/custom_mousepad-4056.html
3,5014,Plush Pillow Case(Double-sided design),Home Decor,1.46,12.99,11.53,88.8,Y,https://ipimg.interestprint.com/data/product/5014/img/20260710/20260710172131223365_250x250.jpg,https://www.interestprint.com/custom/plush_pillow_case-5014.html
4,5080,Round Mousepad,Home Decor,1.51,12.99,11.48,88.4,Y,https://ipimg.interestprint.com/data/product/5080/img/20251226/20251226001743666968_250x250.jpg,https://www.interestprint.com/custom/round_mousepad-5080.html
5,4057,"Custom MousePad 8"" × 10""",Home Decor,1.51,12.99,11.48,88.4,Y,https://ipimg.interestprint.com/data/product/4057/img/20241213/20241213001810451754_250x250.jpg,https://www.interestprint.com/custom/custom_mousepad_8_10-4057.html
6,4058,"Custom MousePad 10"" × 12""",Home Decor,1.69,16.99,15.3,90.1,Y,https://ipimg.interestprint.com/data/product/4058/img/20241213/20241213001827078301_250x250.jpg,https://www.interestprint.com/custom/custom_mousepad_10_12-4058.html
7,4598,Badge Holder,Accessories,1.99,15.99,14.0,87.6,Y,https://ipimg.interestprint.com/data/product/4598/img/20250812/20250812185257669025_250x250.jpg,https://www.interestprint.com/custom/badge_holder-4598.html
8,4621,Custom Linen Pillow Case 18x18 Inch (One Side Printing) (Single Pack),Home Decor,2.06,21.99,19.93,90.6,Y,https://ipimg.interestprint.com/data/product/4621/img/20250827/20250827020010751351_250x250.jpg,https://www.interestprint.com/custom/linen_pillow_case_one_side_printing-4621.html
9,3449,Baby Beanie Hat,Kid's Clothing,2.09,11.99,9.9,82.6,Y,https://ipimg.interestprint.com/data/product/3449/img/20240606/20240606022255373135_250x250.jpg,https://www.interestprint.com/custom/baby_beanie_hat-3449.html
10,4384,Cosmetic Bag (DTF)(22.5*17.5CM)(Front Printing) | Ships from USA,U.S. Fulfillment,2.19,14.99,12.8,85.4,Y,https://ipimg.interestprint.com/data/product/4384/img/20260110/20260110055803950041_250x250.jpg,https://www.interestprint.com/custom/custom_cosmetic_bag_dtf_22_5_17_5cm_us02-4384.html
11,3085,Baseball Cap,Father's Day,2.25,12.99,10.74,82.7,Y,https://ipimg.interestprint.com/data/product/3085/img/20240328/20240328234401890691_250x250.jpg,https://www.interestprint.com/custom/baseball_cap-3085.html
12,2631,"Metal Sign 8""x12"" | Ships from USA",U.S. Fulfillment,2.29,9.99,7.7,77.1,Y,https://ipimg.interestprint.com/data/product/2631/img/20260107/20260107222908249439_250x250.jpg,https://www.interestprint.com/custom/metal_sign_8x12-2631.html
13,2630,"Metal Sign 12""x8"" | Ships from USA",U.S. Fulfillment,2.29,16.99,14.7,86.5,Y,https://ipimg.interestprint.com/data/product/2630/img/20260107/20260107222943332467_250x250.jpg,https://www.interestprint.com/custom/meta_sign_12x8-2630.html
14,4620,Custom Linen Pillow Case 18x18 Inch (Two-Side Printing) (Single Pack),Home Decor,2.3,21.99,19.69,89.5,Y,https://ipimg.interestprint.com/data/product/4620/img/20250827/20250827015849577795_250x250.jpg,https://www.interestprint.com/custom/linen_pillow_case_two_side_printing-4620.html
15,6021,Custom Car Flag 20 x 30cm,Accessories,2.36,9.99,7.63,76.4,Y,https://ipimg.interestprint.com/data/product/6021/img/20260728/20260728161538955293_250x250.jpg,https://www.interestprint.com/custom/custom_car_flag_20_x_30cm-6021.html
16,4803,iPhone 17 Pro Max Transparent Case,Accessories,2.36,5.99,3.63,60.6,Y,https://ipimg.interestprint.com/data/product/4803/img/20251009/20251009235829275809_250x250.jpg,https://www.interestprint.com/custom/iphone_17_pro_max_transparent_case-4803.html
17,4802,iPhone 17 Pro Transparent Case,Accessories,2.36,5.99,3.63,60.6,Y,https://ipimg.interestprint.com/data/product/4802/img/20251009/20251009235924291879_250x250.jpg,https://www.interestprint.com/custom/iphone_17_pro_transparent_case-4802.html
18,4801,iPhone 17 Air Transparent Case,Accessories,2.36,5.99,3.63,60.6,Y,https://ipimg.interestprint.com/data/product/4801/img/20251010/20251010000008902170_250x250.jpg,https://www.interestprint.com/custom/iphone_17_air_transparent_case-4801.html
19,4800,iPhone 17 Transparent Case,Accessories,2.36,5.99,3.63,60.6,Y,https://ipimg.interestprint.com/data/product/4800/img/20251010/20251010000047972412_250x250.jpg,https://www.interestprint.com/custom/iphone_17_transparent_case-4800.html
20,4799,iPhone 17 Pro Max Black Case,Accessories,2.36,5.99,3.63,60.6,Y,https://ipimg.interestprint.com/data/product/4799/img/20251010/20251010000145284306_250x250.jpg,https://www.interestprint.com/custom/iphone_17_pro_max_black_case-4799.html
21,4798,iPhone 17 Pro Black Case,Accessories,2.36,5.99,3.63,60.6,Y,https://ipimg.interestprint.com/data/product/4798/img/20251010/20251010000238367649_250x250.jpg,https://www.interestprint.com/custom/iphone_17_pro_black_case-4798.html
22,4797,iPhone 17 Air Black Case,Accessories,2.36,5.99,3.63,60.6,Y,https://ipimg.interestprint.com/data/product/4797/img/20251010/20251010000352100962_250x250.jpg,https://www.interestprint.com/custom/iphone_17_air_black_case-4797.html
23,4795,iPhone 17 Black Case,Accessories,2.36,5.99,3.63,60.6,Y,https://ipimg.interestprint.com/data/product/4795/img/20251010/20251010000440530556_250x250.jpg,https://www.interestprint.com/custom/phone_case_for_iphone_17-4795.html
24,3196,Case for iPhone 15 Series-iPhone 15 Pro Max,Accessories,2.36,9.99,7.63,76.4,Y,https://ipimg.interestprint.com/data/product/3196/img/20240415/20240415015007037150_250x250.jpg,https://www.interestprint.com/custom/case_for_iphone_15_series_iphone_15_pro_max-3196.html
25,3195,Case for iPhone 15 Series-iPhone 15 Pro,Accessories,2.36,9.99,7.63,76.4,Y,https://ipimg.interestprint.com/data/product/3195/img/20240415/20240415014840119970_250x250.jpg,https://www.interestprint.com/custom/case_for_iphone_15_series-3195.html
26,3194,Case for iPhone 15 Series-iPhone 15 Plus,Accessories,2.36,9.99,7.63,76.4,Y,https://ipimg.interestprint.com/data/product/3194/img/20240415/20240415014857351738_250x250.jpg,https://www.interestprint.com/custom/iphone_15_fiber_skin_case-3194.html
27,3051,Case for iPhone 15 Series-iPhone 15,Accessories,2.36,9.99,7.63,76.4,Y,https://ipimg.interestprint.com/data/product/3051/img/20240415/20240415014931565075_250x250.jpg,https://www.interestprint.com/custom/case_for_iphone_15_series-3051.html
28,4736,"Custom Rectangle Mousepad 23.6"" x 11.8""（with Stitched Edges）",Home Decor,2.42,18.99,16.57,87.3,Y,https://ipimg.interestprint.com/data/product/4736/img/20250924/20250924021518636917_250x250.jpg,https://www.interestprint.com/custom/custom_mousepad_60_30cm-4736.html
29,3828,Christmas Star Shape Porcelain Ornament,Christmas Gifts,2.46,9.99,7.53,75.4,Y,https://ipimg.interestprint.com/data/product/3828/img/20240919/20240919192353385150_250x250.jpg,https://www.interestprint.com/custom/christmas_star_shape_porcelain_ornament-3828.html
30,2419,"Greeting Card 4""x6""(One Side)(Add-on Items)",Father's Day,2.5,7.99,5.49,68.7,Y,https://ipimg.interestprint.com/data/product/2419/img/20240414/20240414185041849667_250x250.jpg,https://www.interestprint.com/custom/4_x6-2419.html
31,4106,Metal Sign(Thick),Wall Art,2.55,9.99,7.44,74.5,Y,https://ipimg.interestprint.com/data/product/4106/img/20250102/20250102230151515698_250x250.jpg,https://www.interestprint.com/custom/metal_sign_thick-4106.html
32,6022,Custom Car Flag 30 x 45cm,Accessories,2.59,10.99,8.4,76.4,Y,https://ipimg.interestprint.com/data/product/6022/img/20260728/20260728161555131331_250x250.jpg,https://www.interestprint.com/custom/custom_car_flag_30_x_45cm-6022.html
33,4675,Custom Flag with Two Grommets (24x35 in),Home Decor,2.61,15.99,13.38,83.7,Y,https://ipimg.interestprint.com/data/product/4675/img/20250919/20250919004555408518_250x250.jpg,https://www.interestprint.com/custom/custom_flag_with_two_grommets-4675.html
34,4635,White Mug (11OZ),Home Decor,2.67,15.99,13.32,83.3,Y,https://ipimg.interestprint.com/data/product/4635/img/20250827/20250827020103518261_250x250.jpg,https://www.interestprint.com/custom/white_mug-4635.html
35,4235,Glasses Storage Bag (Horizontal),Bags,2.67,11.99,9.32,77.7,Y,https://ipimg.interestprint.com/data/product/4235/img/20250321/20250321013650333650_250x250.jpg,https://www.interestprint.com/custom/glasses_storage_bag_horizontal-4235.html
36,4234,Glasses Storage Bag (Vertical),Bags,2.67,11.99,9.32,77.7,Y,https://ipimg.interestprint.com/data/product/4234/img/20250321/20250321013641722734_250x250.jpg,https://www.interestprint.com/custom/glasses_storage_bag_vertical-4234.html
37,3954,Badge Clip,Accessories,2.67,9.99,7.32,73.3,Y,https://ipimg.interestprint.com/data/product/3954/img/20241106/20241106191150581949_250x250.jpg,https://www.interestprint.com/custom/badge_clip-3954.html
38,3649,Sports Sweatband,Accessories,2.67,6.99,4.32,61.8,Y,https://ipimg.interestprint.com/data/product/3649/img/20240715/20240715224504734057_250x250.jpg,https://www.interestprint.com/custom/sports_sweatband-3649.html
39,5832,"Metal Tin Sign 8"" x 12"" | Ships from USA",U.S. Fulfillment,2.69,9.99,7.3,73.1,Y,https://ipimg.interestprint.com/data/product/5832/img/20260616/20260616165036290973_250x250.jpg,https://www.interestprint.com/custom/metal_tin_sign_8_x_12_ships_from_usa-5832.html
40,5831,"Metal Tin Sign 12"" x 8"" | Ships from USA",U.S. Fulfillment,2.69,9.99,7.3,73.1,Y,https://ipimg.interestprint.com/data/product/5831/img/20260616/20260616165119855496_250x250.jpg,https://www.interestprint.com/custom/metal_tin_sign_12_x_8_ships_from_usa-5831.html
41,763,Brand Logo for One Piece Swimsuit (3cm X 5cm),Brand Logo,2.79,6.0,3.21,53.5,Y,https://ipimg.interestprint.com/data/product/763/img/20180115/20180115215047083994_250x250.jpg,https://www.interestprint.com/custom/logo_for_one_piece_swimsuit_3cm_x_5cm-763.html
42,770,Brand Logo for Window Curtains (3cm X 5cm),Brand Logo,2.79,6.0,3.21,53.5,Y,https://ipimg.interestprint.com/data/product/770/img/20180116/20180116213130851595_250x250.jpg,https://www.interestprint.com/custom/brand_logo_for_window_curtains_3cm_x_5cm-770.html
43,768,Brand Logo for Shower Curtains (3cm X 5cm),Brand Logo,2.79,6.0,3.21,53.5,Y,https://ipimg.interestprint.com/data/product/768/img/20180116/20180116194733784514_250x250.jpg,https://www.interestprint.com/custom/brand_logo_for_shower_curtain_3cm_x_5cm-768.html
44,771,Brand Logo for Umbrella (3cm X4cm),Brand Logo,2.79,6.0,3.21,53.5,Y,https://ipimg.interestprint.com/data/product/771/img/20180116/20180116214957431954_250x250.jpg,https://www.interestprint.com/custom/brand_logo_for_umbrella_3cm_x4cm-771.html
45,4252,Dust Mask with Filters,Accessories,2.82,9.99,7.17,71.8,Y,https://ipimg.interestprint.com/data/product/4252/img/20250326/20250326223721581197_250x250.jpg,https://www.interestprint.com/custom/dust_mask_with_filters-4252.html
46,4047,Car Air Freshener (One Pcs)(Love Form/Rhombus),Accessories,2.86,9.99,7.13,71.4,Y,https://ipimg.interestprint.com/data/product/4047/img/20241213/20241213001632967949_250x250.jpg,https://www.interestprint.com/custom/car_air_freshener_one_pcs_love_form-4047.html
47,4045,Car Air Freshener (One Pcs)(Square),Accessories,2.86,9.99,7.13,71.4,Y,https://ipimg.interestprint.com/data/product/4045/img/20241213/20241213001526698126_250x250.jpg,https://www.interestprint.com/custom/car_air_freshener_one_piece-4045.html
48,3982,Coin Purse,Bags,2.89,9.99,7.1,71.1,Y,https://ipimg.interestprint.com/data/product/3982/img/20241114/20241114184541941448_250x250.jpg,https://www.interestprint.com/custom/zero_wallet-3982.html
49,3443,Metal License Plate,Accessories,2.91,13.99,11.08,79.2,Y,https://ipimg.interestprint.com/data/product/3443/img/20240604/20240604015915117004_250x250.jpg,https://www.interestprint.com/custom/metal_license_plate-3443.html
50,6221,Casual Turban Headwear,Accessories,2.94,15.99,13.05,81.6,Y,https://ipimg.interestprint.com/data/product/6221/img/20260910/20260910151320618532_250x250.jpg,https://www.interestprint.com/custom/casual_turban_headwear-6221.html
51,4676,Custom Flag with Four Grommets (24x35 in),Home Decor,2.95,15.99,13.04,81.6,Y,https://ipimg.interestprint.com/data/product/4676/img/20250917/20250917010645155606_250x250.jpg,https://www.interestprint.com/custom/custom_flag_with_four_grommets-4676.html
52,5252,Metal Sign 20x30cm,Wall Art,2.95,16.99,14.04,82.6,Y,https://ipimg.interestprint.com/data/product/5252/img/20260210/20260210014907590408_250x250.jpg,https://www.interestprint.com/custom/metal_sign_20x30cm-5252.html
53,5254,Metal Sign(Vertical) 30x20cm,Wall Art,2.95,16.99,14.04,82.6,Y,https://ipimg.interestprint.com/data/product/5254/img/20260210/20260210014957223170_250x250.jpg,https://www.interestprint.com/custom/metal_sign_vertical_30x20cm-5254.html
54,4322,Multifunctional Bandana,Halloween Decor,2.97,16.99,14.02,82.5,Y,https://ipimg.interestprint.com/data/product/4322/img/20250512/20250512022643554854_250x250.jpg,https://www.interestprint.com/custom/multifunctional_bandana-4322.html
55,4912,"MousePad 7.9""×9.4"" (with Stitched Edges)",Home Decor,2.97,17.99,15.02,83.5,Y,https://ipimg.interestprint.com/data/product/4912/img/20251031/20251031004537837934_250x250.jpg,https://www.interestprint.com/custom/mousepad_7_9_9_4_with_stitched_edges-4912.html
56,6220,Custom Scrub Cap,Accessories,2.97,15.99,13.02,81.4,Y,https://ipimg.interestprint.com/data/product/6220/img/20260910/20260910151342135978_250x250.jpg,https://www.interestprint.com/custom/custom_scrub_cap-6220.html
57,4104,Metal Sign（14*20cm）,Wall Art,2.97,9.99,7.02,70.3,Y,https://ipimg.interestprint.com/data/product/4104/img/20250102/20250102230219816652_250x250.jpg,https://www.interestprint.com/custom/metal_sign_14_20cm-4104.html
58,5046,Phone Case for iPhone 17 Pro Max | Ships from USA,Valentine's Day,2.99,21.99,19.0,86.4,Y,https://ipimg.interestprint.com/data/product/5046/img/20260109/20260109231702107689_250x250.jpg,https://www.interestprint.com/custom/phone_case_for_iphone_17_pro_max-5046.html
59,5045,Phone Case for iPhone 17 Pro | Ships from USA,Valentine's Day,2.99,21.99,19.0,86.4,Y,https://ipimg.interestprint.com/data/product/5045/img/20260109/20260109231923595158_250x250.jpg,https://www.interestprint.com/custom/phone_case_for_iphone_17_pro-5045.html
60,4451,Phone Case for iPhone 16 Pro Max | Ships from USA,Back to School,2.99,25.99,23.0,88.5,Y,https://ipimg.interestprint.com/data/product/4451/img/20260109/20260109232402255389_250x250.jpg,https://www.interestprint.com/custom/phone_case_for_iphone_16_pro_max-4451.html
61,5044,Phone Case for iPhone 17 Air  | Ships from USA,U.S. Fulfillment,2.99,21.99,19.0,86.4,Y,https://ipimg.interestprint.com/data/product/5044/img/20260109/20260109232029689819_250x250.jpg,https://www.interestprint.com/custom/phone_case_for_iphone_17_air-5044.html
62,5043,Phone Case for iPhone 17 | Ships from USA,U.S. Fulfillment,2.99,21.99,19.0,86.4,Y,https://ipimg.interestprint.com/data/product/5043/img/20260109/20260109232234212770_250x250.jpg,https://www.interestprint.com/custom/phone_case_for_iphone_17-5043.html
63,4835,Rectangle Metal Sign | Ships from USA,U.S. Fulfillment,2.99,29.99,27.0,90.0,Y,https://ipimg.interestprint.com/data/product/4835/img/20260107/20260107222303321260_250x250.jpg,https://www.interestprint.com/custom/rectangle_metal_sign-4835.html
64,4450,Phone Case for iPhone 16 Pro | Ships from USA,U.S. Fulfillment,2.99,25.99,23.0,88.5,Y,https://ipimg.interestprint.com/data/product/4450/img/20260109/20260109232515823604_250x250.jpg,https://www.interestprint.com/custom/phone_case_for_iphone_16_pro-4450.html
65,4449,Phone Case for iPhone 16 Plus | Ships from USA,U.S. Fulfillment,2.99,25.99,23.0,88.5,Y,https://ipimg.interestprint.com/data/product/4449/img/20260109/20260109232628528745_250x250.jpg,https://www.interestprint.com/custom/phone_case_for_iphone_16_plus-4449.html
66,4447,Phone Case for iPhone 15 Pro Max | Ships from USA,U.S. Fulfillment,2.99,25.99,23.0,88.5,Y,https://ipimg.interestprint.com/data/product/4447/img/20260109/20260109232926081995_250x250.jpg,https://www.interestprint.com/custom/phone_case_for_iphone_15_pro_max-4447.html
67,4446,Phone Case for iPhone 15 Pro | Ships from USA,U.S. Fulfillment,2.99,25.99,23.0,88.5,Y,https://ipimg.interestprint.com/data/product/4446/img/20260109/20260109233021938541_250x250.jpg,https://www.interestprint.com/custom/phone_case_for_iphone_15_pro-4446.html
68,4445,Phone Case for iPhone 15 Plus | Ships from USA,U.S. Fulfillment,2.99,25.99,23.0,88.5,Y,https://ipimg.interestprint.com/data/product/4445/img/20260109/20260109233228925510_250x250.jpg,https://www.interestprint.com/custom/phone_case_for_iphone_15_plus-4445.html
69,750,Brand Logo For Shoes Tongue(5cm X 3cm),Brand Logo,2.99,6.0,3.01,50.2,Y,https://ipimg.interestprint.com/data/product/750/img/20180114/20180114233920171252_250x250.jpg,https://www.interestprint.com/custom/logo_for_high_top_shoes_5cm_x_3cm-750.html
70,749,Brand Logo On Shoes Insoles (3cm X 5cm),Brand Logo,2.99,6.0,3.01,50.2,Y,https://ipimg.interestprint.com/data/product/749/img/20180115/20180115020147772137_250x250.jpg,https://www.interestprint.com/custom/logo_for_shoes_inner_3cm_x_5cm-749.html
71,751,PU Leather Brand Logo On Bags Inner (5cm X 3cm),Brand Logo,2.99,6.0,3.01,50.2,Y,https://ipimg.interestprint.com/data/product/751/img/20180114/20180114212556890974_250x250.jpg,https://www.interestprint.com/custom/logo_tag_for_bags_5cm_x_3cm-751.html
72,759,Brand Logo for Tops (4cm X 5cm),Brand Logo,2.99,6.0,3.01,50.2,Y,https://ipimg.interestprint.com/data/product/759/img/20180115/20180115194354294309_250x250.jpg,https://www.interestprint.com/custom/brand_logo_for_tops_4cm_x_5cm-759.html
73,762,Brand Logo for Bottoms (4cm X 5cm),Brand Logo,2.99,6.0,3.01,50.2,Y,https://ipimg.interestprint.com/data/product/762/img/20180115/20180115213057706239_250x250.jpg,https://www.interestprint.com/custom/brand_logo_for_bottoms_4cm_x_5cm-762.html
74,769,Brand Logo for Area Rugs (4cm X 5cm),Brand Logo,2.99,6.0,3.01,50.2,Y,https://ipimg.interestprint.com/data/product/769/img/20180116/20180116212059281483_250x250.jpg,https://www.interestprint.com/custom/brand_logo_for_area_rug_4cm_x_5cm-769.html
75,1414,Brand Logo for Men's Clothing(4cm X 5cm),Brand Logo,2.99,6.0,3.01,50.2,Y,https://ipimg.interestprint.com/data/product/1414/img/20210204/20210204221710653371_250x250.jpg,https://www.interestprint.com/custom/logo_for_men_s_clothing_4cm_x_5cm-1414.html
76,999,Brand Logo for  Blanket,Brand Logo,2.99,6.0,3.01,50.2,Y,https://ipimg.interestprint.com/data/product/999/img/20190528/20190528230640711428_250x250.jpg,https://www.interestprint.com/custom/logo_for_blanket-999.html
77,814,Brand Logo On Canvas Tote Bags Inner (5cm X 4cm),Brand Logo,2.99,6.0,3.01,50.2,Y,https://ipimg.interestprint.com/data/product/814/img/20180524/20180524202138840864_250x250.png,https://www.interestprint.com/custom/logo_for_tote_bag-814.html
78,767,Brand Logo for Rectangle Beach Mats (4cm X 5cm),Brand Logo,2.99,6.0,3.01,50.2,Y,https://ipimg.interestprint.com/data/product/767/img/20180116/20180116193256288241_250x250.jpg,https://www.interestprint.com/custom/brand_logo_for_rectangle_beach_mats_4cm_x_5cm-767.html
79,766,Brand Logo for Circular Beach Shawl (4cm X 5cm),Brand Logo,2.99,6.0,3.01,50.2,Y,https://ipimg.interestprint.com/data/product/766/img/20180116/20180116174308916102_250x250.jpg,https://www.interestprint.com/custom/logo_for_circular_beach_shawl_4cm_x_5cm-766.html
80,765,Brand Logo for Tableclothes (4cm X 5cm),Brand Logo,2.99,6.0,3.01,50.2,Y,https://ipimg.interestprint.com/data/product/765/img/20180116/20180116171824808627_250x250.jpg,https://www.interestprint.com/custom/logo_for_tableclothes_4cm_x_5cm-765.html
81,2420,"Greeting Card 8""x6""(One Side)(Add-on Items)",Valentine's Day,3.0,9.99,6.99,70.0,Y,https://ipimg.interestprint.com/data/product/2420/img/20241215/20241215183750481028_250x250.jpg,https://www.interestprint.com/custom/greeting_card_8_x6-2420.html
82,5152,"Coral Velvet Bath Rug 15.7""×23.6""",Home Decor,3.0,15.99,12.99,81.2,Y,https://ipimg.interestprint.com/data/product/5152/img/20260115/20260115003136878012_250x250.jpg,https://www.interestprint.com/custom/coral_velvet_bath_rug_15_7_23_6-5152.html
83,3943,Portable Travel Makeup Mirror,Accessories,3.0,7.99,4.99,62.5,Y,https://ipimg.interestprint.com/data/product/3943/img/20241106/20241106191522329809_250x250.jpg,https://www.interestprint.com/custom/portable_travel_makeup_mirror-3943.html
84,3435,Bendable Denim Trucker Hat,Accessories,3.02,11.99,8.97,74.8,Y,https://ipimg.interestprint.com/data/product/3435/img/20240604/20240604020240293634_250x250.jpg,https://www.interestprint.com/custom/bendable_denim_trucker_hat-3435.html
85,5680,All Over Printing Women's Skirts,Women's Clothing,3.03,9.99,6.96,69.7,Y,https://ipimg.interestprint.com/data/product/5680/img/20260520/20260520174646883501_250x250.jpg,https://www.interestprint.com/custom/all_over_printing_women_s_skirts-5680.html
86,4301,Steering Wheel Cover,Accessories,3.03,19.99,16.96,84.8,Y,https://ipimg.interestprint.com/data/product/4301/img/20250420/20250420232629909864_250x250.jpg,https://www.interestprint.com/custom/steering_wheel_cover-4301.html
87,3975,Pencil Pouch,Back to School,3.08,9.99,6.91,69.2,Y,https://ipimg.interestprint.com/data/product/3975/img/20241112/20241112190757880040_250x250.jpg,https://www.interestprint.com/custom/pencil_pouch-3975.html
88,3956,Acrylic Keychain,Personalized Product,3.08,9.99,6.91,69.2,Y,https://ipimg.interestprint.com/data/product/3956/img/20241106/20241106191123000735_250x250.jpg,https://www.interestprint.com/custom/acrylic_keychain-3956.html
89,4685,Custom Flag with Two Grommets (35x59 in),Home Decor,3.08,16.99,13.91,81.9,Y,https://ipimg.interestprint.com/data/product/4685/img/20250917/20250917010602108562_250x250.jpg,https://www.interestprint.com/custom/custom_flag_with_two_grommets_35x59_in-4685.html
90,4671,PVC Table Mats,Home Decor,3.08,12.99,9.91,76.3,Y,https://ipimg.interestprint.com/data/product/4671/img/20250912/20250912014348302423_250x250.jpg,https://www.interestprint.com/custom/pvc_table_mats-4671.html
91,3827,Custom Dag Paw Christmas Stocking,Christmas Gifts,3.16,12.99,9.83,75.7,Y,https://ipimg.interestprint.com/data/product/3827/img/20240918/20240918230426810451_250x250.jpg,https://www.interestprint.com/custom/custom_dag_paw_christmas_stocking-3827.html
92,4688,Custom Flag with Four Grommets (35x59 in),Home Decor,3.16,16.99,13.83,81.4,Y,https://ipimg.interestprint.com/data/product/4688/img/20250917/20250917010702128630_250x250.jpg,https://www.interestprint.com/custom/custom_flag_with_four_grommets_35x59_in-4688.html
93,4027,All Over Print Scarf,Mother's Day,3.22,15.99,12.77,79.9,Y,https://ipimg.interestprint.com/data/product/4027/img/20241201/20241201211006892321_250x250.jpg,https://www.interestprint.com/custom/all_over_print_scarf-4027.html
94,5722,Kids' Yoga Pants,Kid's Clothing,3.22,9.99,6.77,67.8,Y,https://ipimg.interestprint.com/data/product/5722/img/20260527/20260527133247172389_250x250.jpg,https://www.interestprint.com/custom/kids_yoga_pants-5722.html
95,4903,Superfine Fiber Towel,Home Decor,3.22,15.99,12.77,79.9,Y,https://ipimg.interestprint.com/data/product/4903/img/20251103/20251103234746504105_250x250.jpg,https://www.interestprint.com/custom/superfine_fiber_towel-4903.html
96,4913,"MousePad 9.8""×11.8"" (with Stitched Edges)",Home Decor,3.22,18.99,15.77,83.0,Y,https://ipimg.interestprint.com/data/product/4913/img/20251031/20251031004741923922_250x250.jpg,https://www.interestprint.com/custom/mousepad_9_8_11_8_with_stitched_edges-4913.html
97,4295,Trendy Stockings(Short),Shoes,3.22,15.99,12.77,79.9,Y,https://ipimg.interestprint.com/data/product/4295/img/20250423/20250423231909175322_250x250.jpg,https://www.interestprint.com/custom/trendy_stockings_short-4295.html
98,4723,Car Armrest Cover,Accessories,3.22,15.99,12.77,79.9,Y,https://ipimg.interestprint.com/data/product/4723/img/20250922/20250922204122207787_250x250.jpg,https://www.interestprint.com/custom/car_armrest_cover-4723.html
99,3946,Nail Cutter,Accessories,3.22,9.99,6.77,67.8,Y,https://ipimg.interestprint.com/data/product/3946/img/20241106/20241106191437584577_250x250.jpg,https://www.interestprint.com/custom/nail_cutter-3946.html
100,3819,Shirt Cufflinks,Accessories,3.22,9.99,6.77,67.8,Y,https://ipimg.interestprint.com/data/product/3819/img/20240918/20240918230406635554_250x250.jpg,https://www.interestprint.com/custom/shirt_cufflinks-3819.html
101,4135,Custom PU Leather Mousepad,Home Decor,3.25,15.99,12.74,79.7,Y,https://ipimg.interestprint.com/data/product/4135/img/20250116/20250116191128783541_250x250.jpg,https://www.interestprint.com/custom/custom_leather_mousepad-4135.html
102,4302,All Over Print Balaclava,Accessories,3.25,19.99,16.74,83.7,Y,https://ipimg.interestprint.com/data/product/4302/img/20250421/20250421015126628500_250x250.jpg,https://www.interestprint.com/custom/all_over_print_balaclava-4302.html
103,3914,Portable Medicine Box,Accessories,3.25,8.99,5.74,63.8,Y,https://ipimg.interestprint.com/data/product/3914/img/20241024/20241024201511733442_250x250.jpg,https://www.interestprint.com/custom/custom_portable_medicine_box-3914.html
104,3913,Contact Lens Case,Accessories,3.25,9.99,6.74,67.5,Y,https://ipimg.interestprint.com/data/product/3913/img/20241024/20241024201451876130_250x250.jpg,https://www.interestprint.com/custom/custom_contact_lens_case-3913.html
105,5118,"Art Print 14""x11"" | Ships from USA",U.S. Fulfillment,3.29,16.99,13.7,80.6,Y,https://ipimg.interestprint.com/data/product/5118/img/20260109/20260109014847959429_250x250.jpg,https://www.interestprint.com/custom/art_print_14_x11-5118.html
106,5113,"Art Print 10""x8"" | Ships from USA",U.S. Fulfillment,3.29,15.99,12.7,79.4,Y,https://ipimg.interestprint.com/data/product/5113/img/20260109/20260109015741037186_250x250.jpg,https://www.interestprint.com/custom/art_print_10_x8-5113.html
107,5105,"Art Print 18""x12""  | Ships from USA",U.S. Fulfillment,3.29,17.99,14.7,81.7,Y,https://ipimg.interestprint.com/data/product/5105/img/20260109/20260109020114308757_250x250.jpg,https://www.interestprint.com/custom/art_print_18_x12-5105.html
108,5104,"Art Print 12""x8"" | Ships from USA",U.S. Fulfillment,3.29,15.99,12.7,79.4,Y,https://ipimg.interestprint.com/data/product/5104/img/20260109/20260109021440357063_250x250.jpg,https://www.interestprint.com/custom/art_print_12_x8-5104.html
109,5103,"Art Print 11""x14""  | Ships from USA",U.S. Fulfillment,3.29,16.99,13.7,80.6,Y,https://ipimg.interestprint.com/data/product/5103/img/20260109/20260109021700762979_250x250.jpg,https://www.interestprint.com/custom/art_print_11_x14-5103.html
110,5090,"Art Print 08""x10"" | Ships from USA",U.S. Fulfillment,3.29,15.99,12.7,79.4,Y,https://ipimg.interestprint.com/data/product/5090/img/20260109/20260109071443364293_250x250.jpg,https://www.interestprint.com/custom/art_print_08_x10-5090.html
111,5093,"Art Print 8""x8"" | Ships from USA",U.S. Fulfillment,3.29,15.99,12.7,79.4,Y,https://ipimg.interestprint.com/data/product/5093/img/20260109/20260109071824406880_250x250.jpg,https://www.interestprint.com/custom/art_print_8_x8-5093.html
112,5094,"Art Print 10""x10"" | Ships from USA",U.S. Fulfillment,3.29,16.99,13.7,80.6,Y,https://ipimg.interestprint.com/data/product/5094/img/20260109/20260109070839812219_250x250.jpg,https://www.interestprint.com/custom/art_print_10_x10-5094.html
113,5076,"Art Print 12""x18"" | Ships from USA",U.S. Fulfillment,3.29,17.99,14.7,81.7,Y,https://ipimg.interestprint.com/data/product/5076/img/20260109/20260109032628645233_250x250.jpg,https://www.interestprint.com/custom/art_print_12_x18-5076.html
114,5074,"Art Print 8""x12"" | Ships from USA",U.S. Fulfillment,3.29,15.99,12.7,79.4,Y,https://ipimg.interestprint.com/data/product/5074/img/20260109/20260109073023238657_250x250.jpg,https://www.interestprint.com/custom/art_print_8_x12-5074.html
115,1143,"Rectangle Mousepad(31""x12"")",Home Decor,3.3,29.99,26.69,89.0,Y,https://ipimg.interestprint.com/data/product/1143/img/20200319/20200319014328392659_250x250.jpg,https://www.interestprint.com/custom/rectangle_mousepad_31_x12-1143.html
116,6174,Custom Shaped Car Sun Visor Clip,Accessories,3.31,10.99,7.68,69.9,Y,https://ipimg.interestprint.com/data/product/6174/img/20260903/20260903155804861095_250x250.jpg,https://www.interestprint.com/custom/custom_shaped_car_sun_visor_clip-6174.html
117,4296,Trendy Stockings(Long),Shoes,3.35,15.99,12.64,79.0,Y,https://ipimg.interestprint.com/data/product/4296/img/20250423/20250423231918264602_250x250.jpg,https://www.interestprint.com/custom/trendy_stockings-4296.html
118,4150,"Diamond Painting 8""×12""(Vertical)",Wall Art,3.35,9.99,6.64,66.5,Y,https://ipimg.interestprint.com/data/product/4150/img/20250125/20250125165300882672_250x250.jpg,https://www.interestprint.com/custom/glitter_diy_canvas_wall_art_8_12-4150.html
119,4147,"Diamond Painting 12""×8""(Horizontal)",Wall Art,3.35,9.99,6.64,66.5,Y,https://ipimg.interestprint.com/data/product/4147/img/20250125/20250125165344276589_250x250.jpg,https://www.interestprint.com/custom/glitter_diy_canvas_wall_art_12_8-4147.html
120,4448,Phone Case for iPhone 16 | Ships from USA,U.S. Fulfillment,3.39,9.99,6.6,66.1,Y,https://ipimg.interestprint.com/data/product/4448/img/20260109/20260109232733764272_250x250.jpg,https://www.interestprint.com/custom/phone_case_for_iphone_16-4448.html
121,4444,Phone Case for iPhone 15 | Ships from USA,U.S. Fulfillment,3.39,9.99,6.6,66.1,Y,https://ipimg.interestprint.com/data/product/4444/img/20260109/20260109233333487371_250x250.jpg,https://www.interestprint.com/custom/custom_phone_case_for_iphone_15-4444.html
122,6143,Car Sun Visor Clip,Accessories,3.39,9.99,6.6,66.1,Y,https://ipimg.interestprint.com/data/product/6143/img/20260827/20260827144341476568_250x250.jpg,https://www.interestprint.com/custom/car_sun_visor_clip-6143.html
123,5531,Children's Crew Neck Short Sleeve T-Shirt,Kid's Clothing,3.41,9.99,6.58,65.9,Y,https://ipimg.interestprint.com/data/product/5531/img/20260421/20260421095923134712_250x250.jpg,https://www.interestprint.com/custom/children_s_round_neck_short_sleeved_t_shirt-5531.html
124,5488,Custom Dog T-Shirt,Accessories,3.41,19.99,16.58,82.9,Y,https://ipimg.interestprint.com/data/product/5488/img/20260421/20260421173110424506_250x250.jpg,https://www.interestprint.com/custom/dog_t_shirt-5488.html
125,4636,Custom Linen Pillow Case 18x18 Inch (Two-Side Printing) (Set of 2),Home Decor,3.44,17.99,14.55,80.9,Y,https://ipimg.interestprint.com/data/product/4636/img/20250827/20250827015915773840_250x250.jpg,https://www.interestprint.com/custom/custom_linen_pillow_case_18x18_inch_two_side_printing_set_of_2-4636.html
126,2820,Custom Foil Balloon (18inch),Halloween Decor,3.49,12.99,9.5,73.1,Y,https://ipimg.interestprint.com/data/product/2820/img/20230724/20230724023932948906_250x250.jpg,https://www.interestprint.com/custom/foil_balloon_18inch-2820.html
127,5009,Custom 3×3 Magic Cube Puzzle,Back to School,3.49,17.99,14.5,80.6,Y,https://ipimg.interestprint.com/data/product/5009/img/20251128/20251128233451250376_250x250.jpg,https://www.interestprint.com/custom/custom_3_3_magic_cube_puzzle-5009.html
128,4962,PU Leather Eyeglass Case,Back to School,3.49,17.99,14.5,80.6,Y,https://ipimg.interestprint.com/data/product/4962/img/20251114/20251114000516462303_250x250.jpg,https://www.interestprint.com/custom/pu_leather_eyeglass_case-4962.html
129,3542,Metal Bookmark,Back to School,3.49,9.99,6.5,65.1,Y,https://ipimg.interestprint.com/data/product/3542/img/20240624/20240624201831085281_250x250.jpg,https://www.interestprint.com/custom/metal_bookmark-3542.html
130,4998,Black Mug,Home Decor,3.49,18.99,15.5,81.6,Y,https://ipimg.interestprint.com/data/product/4998/img/20251126/20251126223846436796_250x250.jpg,https://www.interestprint.com/custom/black_mug-4998.html
131,4704,35-Piece Wooden Jigsaw Puzzles (Horizontal),Home Decor,3.49,16.99,13.5,79.5,Y,https://ipimg.interestprint.com/data/product/4704/img/20250918/20250918013819157120_250x250.jpg,https://www.interestprint.com/custom/35_piece_wooden_jigsaw_puzzles_horizontal-4704.html
132,4693,35-Piece Wooden Jigsaw Puzzles (Vertical),Home Decor,3.49,16.99,13.5,79.5,Y,https://ipimg.interestprint.com/data/product/4693/img/20250918/20250918013515315359_250x250.jpg,https://www.interestprint.com/custom/jigsaw_puzzle_toy_flat_box_vertical_version-4693.html
133,3895,Custom Black Mug,Home Decor,3.49,12.99,9.5,73.1,Y,https://ipimg.interestprint.com/data/product/3895/img/20241017/20241017200659761503_250x250.jpg,https://www.interestprint.com/custom/custom_black_mug-3895.html
134,3951,American Socket Panel,Accessories,3.49,9.99,6.5,65.1,Y,https://ipimg.interestprint.com/data/product/3951/img/20241106/20241106191603064408_250x250.jpg,https://www.interestprint.com/custom/american_socket_panel-3951.html
135,4130,Self Adhesive Poster (Horizontal),Wall Art,3.49,9.99,6.5,65.1,Y,https://ipimg.interestprint.com/data/product/4130/img/20250116/20250116191007769710_250x250.jpg,https://www.interestprint.com/custom/self_adhesive_poster_horizontal-4130.html
136,3238,Custom Poster,Wall Art,3.49,9.99,6.5,65.1,Y,https://ipimg.interestprint.com/data/product/3238/img/20240422/20240422201630495556_250x250.jpg,https://www.interestprint.com/custom/custom_self_adhesive_poster-3238.html
137,5194,Custom Socks,Shoes,3.5,12.99,9.49,73.1,Y,https://ipimg.interestprint.com/data/product/5194/img/20260122/20260122232939503712_250x250.jpg,https://www.interestprint.com/custom/custom_socks-5194.html
138,5075,Rectangle Mousepad (with Stitched Edges)30x60cm,Home Decor,3.52,16.99,13.47,79.3,Y,https://ipimg.interestprint.com/data/product/5075/img/20251226/20251226001808923853_250x250.jpg,https://www.interestprint.com/custom/rectangle_mousepad_with_stitched_edges-5075.html
139,3612,Bike Seat Cushion,Accessories,3.52,8.99,5.47,60.8,Y,https://ipimg.interestprint.com/data/product/3612/img/20240710/20240710003406119663_250x250.jpg,https://www.interestprint.com/custom/bike_seat_cushion-3612.html
140,4096,Custom Flax Garden Flag,Wall Art,3.52,9.99,6.47,64.8,Y,https://ipimg.interestprint.com/data/product/4096/img/20241226/20241226220108620112_250x250.jpg,https://www.interestprint.com/custom/linen_garden_flag-4096.html
141,3774,Men's All Over Print T-shirt OMDT01,Men's Clothing,3.54,11.99,8.45,70.5,Y,https://ipimg.interestprint.com/data/product/3774/img/20240823/20240823021059557415_250x250.jpg,https://www.interestprint.com/custom/men_s_all_over_print_t_shirt-3774.html
142,4638,Custom Linen Pillow Case 18x18 Inch (One Side Printing) (Set of 2),Home Decor,3.54,17.99,14.45,80.3,Y,https://ipimg.interestprint.com/data/product/4638/img/20250827/20250827020030775050_250x250.jpg,https://www.interestprint.com/custom/custom_linen_pillow_case_18x18_inch_one_side_printing_set_of_2-4638.html
143,5614,Kids Crew Neck Long Sleeve T-Shirt,Kid's Clothing,3.55,10.99,7.44,67.7,Y,https://ipimg.interestprint.com/data/product/5614/img/20260507/20260507100403149565_250x250.jpg,https://www.interestprint.com/custom/kids_crew_neck_long_sleeve_t_shirt-5614.html
144,5314,Easter Egg | Ships from USA,U.S. Fulfillment,3.59,15.99,12.4,77.5,Y,https://ipimg.interestprint.com/data/product/5314/img/20260304/20260304003831459173_250x250.jpg,https://www.interestprint.com/custom/easter_egg_ships_from_usa-5314.html
145,4160,Kitchen Towel 40X60cm(One Side Printing) | Ships from USA,U.S. Fulfillment,3.59,15.99,12.4,77.5,Y,https://ipimg.interestprint.com/data/product/4160/img/20260110/20260110061434300675_250x250.jpg,https://www.interestprint.com/custom/custom_kitchen_towel_40x60cm_one_side_us02-4160.html
146,2974,Custom Luggage Tag,Accessories,3.59,10.99,7.4,67.3,Y,https://ipimg.interestprint.com/data/product/2974/img/20240110/20240110182126513243_250x250.jpg,https://www.interestprint.com/custom/luggage_tag-2974.html
147,1043,Custom Men's T-shirt(USA Size)(Model T02)(One Side Printing),Men's Clothing,3.6,19.99,16.39,82.0,Y,https://ipimg.interestprint.com/data/product/1043/img/20260318/20260318182215021417_250x250.jpg,https://www.interestprint.com/custom/custom_men_s_t_shirt_usa_size_model_t02-1043.html
148,5443,Children’s Round Neck Sleeveless Dress,Women's Clothing,3.68,22.99,19.31,84.0,Y,https://ipimg.interestprint.com/data/product/5443/img/20260410/20260410151345024098_250x250.jpg,https://www.interestprint.com/custom/children_s_round_neck_sleeveless_dress-5443.html
149,4672,Table Runner with Tassels (178x33 cm),Home Decor,3.68,19.99,16.31,81.6,Y,https://ipimg.interestprint.com/data/product/4672/img/20250912/20250912014902728185_250x250.jpg,https://www.interestprint.com/custom/table_runner_with_tassels-4672.html
150,5514,"Linen Pillow Case 18"" x 18"" ( One Side & Pack of 2 )",Home Decor,3.69,9.99,6.3,63.1,Y,https://ipimg.interestprint.com/data/product/5514/img/20260418/20260418124513902084_250x250.jpg,https://www.interestprint.com/custom/cotton_linen_pillow_case_18_x18_2_pack-5514.html
151,273,Classic License Plate,Accessories,3.69,17.95,14.26,79.4,Y,https://ipimg.interestprint.com/data/product/273/img/20160317/20160317181554015876_250x250.jpg,https://www.interestprint.com/custom/metal_license_plate_for_car_new-273.html
152,913,Women's Custom Socks,Shoes,3.7,29.99,26.29,87.7,Y,https://ipimg.interestprint.com/data/product/913/img/20231218/20231218181252342403_250x250.jpg,https://www.interestprint.com/custom/women_s_custom_socks-913.html
153,914,Kid's Custom Socks,Shoes,3.7,29.99,26.29,87.7,Y,https://ipimg.interestprint.com/data/product/914/img/20181102/20181102014507420236_250x250.png,https://www.interestprint.com/custom/kid_s_custom_socks-914.html
154,5702,Custom Shape Mousepad,Home Decor,3.76,10.99,7.23,65.8,Y,https://ipimg.interestprint.com/data/product/5702/img/20260522/20260522115705624157_250x250.jpg,https://www.interestprint.com/custom/custom_shape_mousepad-5702.html
155,5154,"Diatom Ooze Bath Mat 15.7""×23.6""",Home Decor,3.76,16.99,13.23,77.9,Y,https://ipimg.interestprint.com/data/product/5154/img/20260115/20260115003157030536_250x250.jpg,https://www.interestprint.com/custom/diatom_ooze_bath_mat_15_7_23_6-5154.html
156,4146,Christmas Aluminum Ornaments-Trapezoid,Home Decor,3.76,9.99,6.23,62.4,Y,https://ipimg.interestprint.com/data/product/4146/img/20250125/20250125165356975598_250x250.jpg,https://www.interestprint.com/custom/christmas_aluminum_ornaments_trapezoid-4146.html
157,4145,Christmas Aluminum Ornaments-Circular,Home Decor,3.76,9.99,6.23,62.4,Y,https://ipimg.interestprint.com/data/product/4145/img/20250125/20250125165417086582_250x250.jpg,https://www.interestprint.com/custom/christmas_aluminum_ornaments_circular-4145.html
158,3957,Refrigerator Magnetic Sticker,Accessories,3.76,9.99,6.23,62.4,Y,https://ipimg.interestprint.com/data/product/3957/img/20241106/20241106191112794790_250x250.jpg,https://www.interestprint.com/custom/refrigerator_magnetic_sticker-3957.html
159,3935,Drawer Knots,Accessories,3.76,7.99,4.23,52.9,Y,https://ipimg.interestprint.com/data/product/3935/img/20241031/20241031183942049043_250x250.jpg,https://www.interestprint.com/custom/the_drawer_handle-3935.html
160,5735,Baby Swaddle Set,Kid's Clothing,3.79,10.99,7.2,65.5,Y,https://ipimg.interestprint.com/data/product/5735/img/20260528/20260528171311778047_250x250.jpg,https://www.interestprint.com/custom/baby_swaddle_set-5735.html
161,3942,Bottle Opener/Fridge Magnet,Accessories,3.79,9.99,6.2,62.1,Y,https://ipimg.interestprint.com/data/product/3942/img/20241106/20241106191536417484_250x250.jpg,https://www.interestprint.com/custom/bottle_opener_fridge_magnet-3942.html
162,3916,Air Cushion Comb,Accessories,3.79,9.99,6.2,62.1,Y,https://ipimg.interestprint.com/data/product/3916/img/20241024/20241024201540329082_250x250.jpg,https://www.interestprint.com/custom/air_cushion_comb-3916.html
163,912,Men's Custom Socks,Father's Day,3.8,29.99,26.19,87.3,Y,https://ipimg.interestprint.com/data/product/912/img/20240414/20240414184902640395_250x250.jpg,https://www.interestprint.com/custom/custom_socks_for_men-912.html
164,5611,Women's Sleeveless High Neck Crop Tank Top,Women's Clothing,3.82,10.99,7.17,65.2,Y,https://ipimg.interestprint.com/data/product/5611/img/20260508/20260508152205181152_250x250.jpg,https://www.interestprint.com/custom/women_s_sleeveless_high_neck_crop_tank_top-5611.html
165,5527,Kids Crew Neck Short Sleeve T-Shirt,Kid's Clothing,3.82,12.99,9.17,70.6,Y,https://ipimg.interestprint.com/data/product/5527/img/20260422/20260422171632823854_250x250.jpg,https://www.interestprint.com/custom/kids_crew_neck_short_sleeve_t_shirt-5527.html
166,5444,Car Shift Knob Hoodie,Accessories,3.82,19.99,16.17,80.9,Y,https://ipimg.interestprint.com/data/product/5444/img/20260410/20260410141404153148_250x250.jpg,https://www.interestprint.com/custom/car_shift_knob_hoodie-5444.html
167,5153,"Coral Velvet Bath Rug 19.7""×31.5""",Home Decor,3.83,17.99,14.16,78.7,Y,https://ipimg.interestprint.com/data/product/5153/img/20260115/20260115003146405761_250x250.jpg,https://www.interestprint.com/custom/coral_velvet_bath_rug_19_7_31_5-5153.html
168,3175,"Acrylic Photo Panel 4""x6"" | Ships from USA",U.S. Fulfillment,3.89,14.99,11.1,74.0,Y,https://ipimg.interestprint.com/data/product/3175/img/20260109/20260109172348520336_250x250.jpg,https://www.interestprint.com/custom/acrylic_photo_panel_4_x6-3175.html
169,1479,All Over Print Pet Dog Fuzzy Hoodie,Accessories,3.89,10.99,7.1,64.6,Y,https://ipimg.interestprint.com/data/product/1479/img/20210405/20210405204358423632_250x250.jpg,https://www.interestprint.com/custom/aop_pet_dog_hoodie-1479.html
170,4686,Custom Flag with Two Grommets (47x70 in),Home Decor,3.98,17.99,14.01,77.9,Y,https://ipimg.interestprint.com/data/product/4686/img/20250917/20250917010615950080_250x250.jpg,https://www.interestprint.com/custom/custom_flag_with_two_grommets_47x70_in-4686.html
171,4738,Baseball Cap | Ships from USA,Summer Holiday,3.99,23.99,20.0,83.4,Y,https://ipimg.interestprint.com/data/product/4738/img/20260109/20260109000450851586_250x250.jpg,https://www.interestprint.com/custom/baseball_cap-4738.html
172,5748,"Linen Pillow Case 20"" x 12"" (One Side) | Ships from USA",U.S. Fulfillment,3.99,10.99,7.0,63.7,Y,https://ipimg.interestprint.com/data/product/5748/img/20260601/20260601160213728068_250x250.jpg,https://www.interestprint.com/custom/linen_pillow_case_20_x_12_one_side_ships_from_usa-5748.html
173,5491,Women's T-Shirt (Front Printing) (Model T78) | Ships from USA,U.S. Fulfillment,3.99,19.99,16.0,80.0,Y,https://ipimg.interestprint.com/data/product/5491/img/20260417/20260417092636429478_250x250.jpg,https://www.interestprint.com/custom/women_s_t_shirt_in_usa_size_front_printing_model_t78_us04-5491.html
174,5322,Festival Banner 47x12inch,Home Decor,3.99,19.99,16.0,80.0,Y,https://ipimg.interestprint.com/data/product/5322/img/20260305/20260305222606517061_250x250.jpg,https://www.interestprint.com/custom/festival_banner_47x12inch-5322.html
175,498,Drawstring Bags (Model 1604) (Medium),Bags,4.0,22.99,18.99,82.6,Y,https://ipimg.interestprint.com/data/product/498/img/20161228/20161228232858217137_250x250.jpg,https://www.interestprint.com/custom/drawstring_bags_model_1604_medium-498.html
176,3501,Ballpoint Pen,Back to School,4.04,9.99,5.95,59.6,Y,https://ipimg.interestprint.com/data/product/3501/img/20240619/20240619002720558170_250x250.jpg,https://www.interestprint.com/custom/ball_pen-3501.html
177,4111,Switch Lite Game Console Sticker(for Switch Lite),Accessories,4.04,11.99,7.95,66.3,,https://ipimg.interestprint.com/data/product/4111/img/20250113/20250113213249082588_250x250.jpg,https://www.interestprint.com/custom/switch_game_console_sticker-4111.html
178,4110,Switch Game Console Sticker(for Switch）,Accessories,4.04,11.99,7.95,66.3,Y,https://ipimg.interestprint.com/data/product/4110/img/20250113/20250113213227259788_250x250.jpg,https://www.interestprint.com/custom/switch_lite_game_console_sticker-4110.html
179,3280,Square Badge,Accessories,4.04,12.99,8.95,68.9,Y,https://ipimg.interestprint.com/data/product/3280/img/20240428/20240428200931467770_250x250.jpg,https://www.interestprint.com/custom/square_badge-3280.html
180,3279,Heart Badge,Accessories,4.04,12.99,8.95,68.9,Y,https://ipimg.interestprint.com/data/product/3279/img/20240428/20240428200942467976_250x250.jpg,https://www.interestprint.com/custom/heart_badge-3279.html
181,3278,Round Badge,Accessories,4.04,12.99,8.95,68.9,Y,https://ipimg.interestprint.com/data/product/3278/img/20240428/20240428200953399049_250x250.jpg,https://www.interestprint.com/custom/round_badge-3278.html
182,3199,Custom iPhone 15 Pro Max Fiber Leather Case,Accessories,4.04,12.99,8.95,68.9,Y,https://ipimg.interestprint.com/data/product/3199/img/20240415/20240415014717410619_250x250.jpg,https://www.interestprint.com/custom/iphone_15_fiber_skin_case_iphone_15_pro_max-3199.html
183,3198,Custom iPhone 15 Pro Fiber Leather Case,Accessories,4.04,12.99,8.95,68.9,Y,https://ipimg.interestprint.com/data/product/3198/img/20240415/20240415014727209852_250x250.jpg,https://www.interestprint.com/custom/iphone_15_fiber_skin_case_iphone_15_pro-3198.html
184,3197,Custom iPhone 15 Plus Fiber Leather Case,Accessories,4.04,12.99,8.95,68.9,Y,https://ipimg.interestprint.com/data/product/3197/img/20240415/20240415014738272656_250x250.jpg,https://www.interestprint.com/custom/iphone_15_fiber_skin_case-3197.html
185,3052,Custom iPhone 15 Fiber Leather Case,Accessories,4.04,12.99,8.95,68.9,Y,https://ipimg.interestprint.com/data/product/3052/img/20240415/20240415014919881893_250x250.jpg,https://www.interestprint.com/custom/iphone_15_fiber_skin_case-3052.html
186,5077,Rectangle Mousepad (with Stitched Edges)30x80cm,Home Decor,4.06,17.99,13.93,77.4,Y,https://ipimg.interestprint.com/data/product/5077/img/20251226/20251226001823729339_250x250.jpg,https://www.interestprint.com/custom/rectangle_mousepad_with_stitched_edges-5077.html
187,5068,Cosmetic Bag (DTF)(22.5*17.5CM)(2-Pack) | Ships from USA,U.S. Fulfillment,4.09,15.99,11.9,74.4,Y,https://ipimg.interestprint.com/data/product/5068/img/20260110/20260110032151282107_250x250.jpg,https://www.interestprint.com/custom/cosmetic_bag_dtf_22_5_17_5cm_2_pack-5068.html
188,5557,Custom Infant Romper,Kid's Clothing,4.09,12.99,8.9,68.5,Y,https://ipimg.interestprint.com/data/product/5557/img/20260424/20260424152312057986_250x250.jpg,https://www.interestprint.com/custom/custom_infant_romper-5557.html
189,5999,Custom Metal Wind Chime,Halloween Decor,4.15,12.99,8.84,68.1,Y,https://ipimg.interestprint.com/data/product/5999/img/20260722/20260722162337440508_250x250.jpg,https://www.interestprint.com/custom/custom_metal_wind_chime-5999.html
190,5073,Cosmetic Bag (DTF)(22.5*17.5CM)(2-Pack)(Customizable Separately) | Ships from USA,U.S. Fulfillment,4.19,15.99,11.8,73.8,Y,https://ipimg.interestprint.com/data/product/5073/img/20260110/20260110031514403216_250x250.jpg,https://www.interestprint.com/custom/cosmetic_bag_dtf_22_5_17_5cm_2_pack_customizable_separately-5073.html
191,4355,Custom Girl's T-Shirt(Front Printing)  | Ships from USA,U.S. Fulfillment,4.19,17.99,13.8,76.7,Y,https://ipimg.interestprint.com/data/product/4355/img/20260110/20260110060007873834_250x250.jpg,https://www.interestprint.com/custom/custom_girl_s_t_shirt_front_printing-4355.html
192,3879,Custom Kids' T-Shirt(Front Printing) | Ships from USA,U.S. Fulfillment,4.19,17.99,13.8,76.7,Y,https://ipimg.interestprint.com/data/product/3879/img/20260109/20260109215610769121_250x250.jpg,https://www.interestprint.com/custom/custom_kids_t_shirt_front_printing-3879.html
193,5587,Custom Women's Zipper Polo Shirt ( Model T88 ),Women's Clothing,4.19,12.99,8.8,67.7,Y,https://ipimg.interestprint.com/data/product/5587/img/20260430/20260430094510521097_250x250.jpg,https://www.interestprint.com/custom/custom_women_s_zipper_polo_shirt_model_t88-5587.html
194,4682,Sexy Halter Bikini Bottom(Model S08),Women's Clothing,4.19,12.99,8.8,67.7,Y,https://ipimg.interestprint.com/data/product/4682/img/20250912/20250912010604874687_250x250.jpg,https://www.interestprint.com/custom/sexy_halter_bikini_bottom_model_s08-4682.html
195,5815,Men's Cotton T-Shirt  (One Side Print）,Men's Clothing,4.19,12.99,8.8,67.7,Y,https://ipimg.interestprint.com/data/product/5815/img/20260612/20260612112347008370_250x250.jpg,https://www.interestprint.com/custom/men_s_cotton_t_shirt_one_side_print-5815.html
196,3031,"Peach Skin Pillowcase 16""x16""(One Side Printing)(2 Pack)",Home Decor,4.19,12.99,8.8,67.7,Y,https://ipimg.interestprint.com/data/product/3031/img/20240314/20240314231513885578_250x250.jpg,https://www.interestprint.com/custom/custom_zippered_pillow_cases_16_x16_one_side_2_pack-3031.html
197,4078,Foldable Lunch Bag,Bags,4.19,15.99,11.8,73.8,Y,https://ipimg.interestprint.com/data/product/4078/img/20241224/20241224211033291484_250x250.jpg,https://www.interestprint.com/custom/foldable_lunch_bag-4078.html
198,3651,Golf Ball (One Side Print),Accessories,4.25,9.99,5.74,57.5,Y,https://ipimg.interestprint.com/data/product/3651/img/20240715/20240715224812877607_250x250.jpg,https://www.interestprint.com/custom/golf_ball_one_side_print-3651.html
199,5129,Pillow Case 30 x 20 inch | Ships from USA,U.S. Fulfillment,4.29,17.99,13.7,76.2,Y,https://ipimg.interestprint.com/data/product/5129/img/20260111/20260111193823959971_250x250.jpg,https://www.interestprint.com/custom/pillow_case_30_x_20_inch-5129.html
200,5109,"Art Print 16""x12"" | Ships from USA",U.S. Fulfillment,4.29,20.99,16.7,79.6,Y,https://ipimg.interestprint.com/data/product/5109/img/20260109/20260109020506034862_250x250.jpg,https://www.interestprint.com/custom/art_print_16_x12-5109.html
201,5086,"Art Print 12""x16""  | Ships from USA",U.S. Fulfillment,4.29,20.99,16.7,79.6,Y,https://ipimg.interestprint.com/data/product/5086/img/20260109/20260109072503974319_250x250.jpg,https://www.interestprint.com/custom/art_print_12_x16-5086.html
202,5095,"Art Print 12""x12"" | Ships from USA",U.S. Fulfillment,4.29,17.99,13.7,76.2,Y,https://ipimg.interestprint.com/data/product/5095/img/20260109/20260109070552715851_250x250.jpg,https://www.interestprint.com/custom/art_print_12_x12-5095.html
203,5096,"Art Print 16""x16"" | Ships from USA",U.S. Fulfillment,4.29,18.99,14.7,77.4,Y,https://ipimg.interestprint.com/data/product/5096/img/20260111/20260111020947605602_250x250.jpg,https://www.interestprint.com/custom/art_print_16_x16_us-5096.html
204,5222,Men's All-Over Print Boxer Briefs (Model L10),Men's Clothing,4.29,12.99,8.7,67.0,Y,https://ipimg.interestprint.com/data/product/5222/img/20260127/20260127183614458849_250x250.jpg,https://www.interestprint.com/custom/men_s_all_over_print_boxer_briefs_model_l10-5222.html
205,6140,Round Art Decorative Plate With Stand,Home Decor,4.29,12.99,8.7,67.0,Y,https://ipimg.interestprint.com/data/product/6140/img/20260827/20260827163347814604_250x250.jpg,https://www.interestprint.com/custom/round_art_decorative_plate_with_stand-6140.html
206,3950,Heart Handle Color Change Mug,Valentine's Day,4.31,11.99,7.68,64.1,Y,https://ipimg.interestprint.com/data/product/3950/img/20241106/20241106191311283532_250x250.jpg,https://www.interestprint.com/custom/heart_handle_color_change_mug-3950.html
207,3518,Square Pen Holder,Back to School,4.31,9.99,5.68,56.9,Y,https://ipimg.interestprint.com/data/product/3518/img/20240619/20240619005800678518_250x250.jpg,https://www.interestprint.com/custom/square_pen_holder-3518.html
208,3231,Girls' Underwear,Kid's Clothing,4.31,11.99,7.68,64.1,Y,https://ipimg.interestprint.com/data/product/3231/img/20240422/20240422005030810046_250x250.jpg,https://www.interestprint.com/custom/girls_underwear-3231.html
209,3967,U-Shaped Floor Mat,Home Decor,4.31,15.99,11.68,73.0,Y,https://ipimg.interestprint.com/data/product/3967/img/20241112/20241112190655589273_250x250.jpg,https://www.interestprint.com/custom/u_shaped_floor_mat-3967.html
210,5412,Switch 2 Skins,Accessories,4.31,12.99,8.68,66.8,Y,https://ipimg.interestprint.com/data/product/5412/img/20260401/20260401143520966285_250x250.jpg,https://www.interestprint.com/custom/switch_2_skins-5412.html
211,4974,AirPods 4 Bluetooth Earphone Protective Cover,Accessories,4.31,19.99,15.68,78.4,Y,https://ipimg.interestprint.com/data/product/4974/img/20251124/20251124005536576609_250x250.jpg,https://www.interestprint.com/custom/airpods_4_bluetooth_earphone_protective_cover-4974.html
212,4596,Metal Badge Clip,Accessories,4.31,16.99,12.68,74.6,Y,https://ipimg.interestprint.com/data/product/4596/img/20250812/20250812185312094656_250x250.jpg,https://www.interestprint.com/custom/metal_badge_clip-4596.html
213,3958,Cigarette Case,Accessories,4.31,9.99,5.68,56.9,Y,https://ipimg.interestprint.com/data/product/3958/img/20241106/20241106191101391146_250x250.jpg,https://www.interestprint.com/custom/cigarette_case-3958.html
214,3938,Wooden Storage Box,Accessories,4.31,12.99,8.68,66.8,Y,https://ipimg.interestprint.com/data/product/3938/img/20241031/20241031184028605720_250x250.jpg,https://www.interestprint.com/custom/wooden_storage_box-3938.html
215,3520,Metal Business Card Case,Accessories,4.31,9.99,5.68,56.9,Y,https://ipimg.interestprint.com/data/product/3520/img/20240619/20240619010145685136_250x250.jpg,https://www.interestprint.com/custom/metal_business_card_case-3520.html
216,3434,Denim Trucker Hat,Accessories,4.31,11.99,7.68,64.1,Y,https://ipimg.interestprint.com/data/product/3434/img/20240604/20240604020330133440_250x250.jpg,https://www.interestprint.com/custom/denim_trucker_hat-3434.html
217,4705,70-Piece Wooden Jigsaw Puzzles (Horizontal),Home Decor,4.34,17.99,13.65,75.9,Y,https://ipimg.interestprint.com/data/product/4705/img/20250918/20250918013839410463_250x250.jpg,https://www.interestprint.com/custom/70_piece_wooden_jigsaw_puzzles_horizontal-4705.html
218,4698,70-Piece Wooden Jigsaw Puzzles (Vertical),Home Decor,4.34,17.99,13.65,75.9,Y,https://ipimg.interestprint.com/data/product/4698/img/20250918/20250918013544607793_250x250.jpg,https://www.interestprint.com/custom/jigsaw_puzzle_toy_flat_box_vertical_version_70pcs-4698.html
219,5689,Women's Spaghetti Strap Top,Women's Clothing,4.36,13.99,9.63,68.8,Y,https://ipimg.interestprint.com/data/product/5689/img/20260522/20260522103841797433_250x250.jpg,https://www.interestprint.com/custom/women_s_spaghetti_strap_top-5689.html
220,5293,Women’s Cropped V-Neck Soccer Jersey,Women's Clothing,4.36,19.99,15.63,78.2,Y,https://ipimg.interestprint.com/data/product/5293/img/20260609/20260609113350122461_250x250.jpg,https://www.interestprint.com/custom/women_s_cropped_v_neck_soccer_jersey-5293.html
221,5946,Girl's Round Neck Short Sleeve Nightgown,Kid's Clothing,4.36,13.99,9.63,68.8,Y,https://ipimg.interestprint.com/data/product/5946/img/20260710/20260710095202543874_250x250.jpg,https://www.interestprint.com/custom/girl_s_round_neck_short_sleeve_nightgown-5946.html
222,5536,Kids’ Flared Shorts,Kid's Clothing,4.36,12.99,8.63,66.4,Y,https://ipimg.interestprint.com/data/product/5536/img/20260421/20260421153608819614_250x250.jpg,https://www.interestprint.com/custom/kids_flared_shorts-5536.html
223,5750,"Gift Wrapping Paper-Coated Paper 28"" x 20"" (1 Roll) | Ships from USA",U.S. Fulfillment,4.39,13.99,9.6,68.6,Y,https://ipimg.interestprint.com/data/product/5750/img/20260601/20260601160129485373_250x250.jpg,https://www.interestprint.com/custom/gift_wrapping_paper_coated_paper_28_x_20_1_roll_ships_from_usa-5750.html
224,5106,"Art Print 24""x16"" | Ships from USA",U.S. Fulfillment,4.39,21.99,17.6,80.0,Y,https://ipimg.interestprint.com/data/product/5106/img/20260109/20260109020803892130_250x250.jpg,https://www.interestprint.com/custom/art_print_24_x16-5106.html
225,5083,"Art Print 16""x24"" | Ships from USA",U.S. Fulfillment,4.39,21.99,17.6,80.0,Y,https://ipimg.interestprint.com/data/product/5083/img/20260109/20260109073248177953_250x250.jpg,https://www.interestprint.com/custom/art_print_16_x24-5083.html
226,5560,Custom Women's Briefs (Model L14),Women's Clothing,4.39,12.99,8.6,66.2,Y,https://ipimg.interestprint.com/data/product/5560/img/20260427/20260427112159718626_250x250.jpg,https://www.interestprint.com/custom/custom_women_s_briefs_model_l14-5560.html
227,5533,Custom Men's All Over Print T-shirt ( Model T45 ),Men's Clothing,4.39,12.99,8.6,66.2,Y,https://ipimg.interestprint.com/data/product/5533/img/20260424/20260424144059395893_250x250.jpg,https://www.interestprint.com/custom/custom_men_s_all_over_print_t_shirt_model_t45-5533.html
228,3032,"Peach Skin Pillowcase 18""x18"" (One Side Printing)(2 Pack)",Home Decor,4.39,14.99,10.6,70.7,Y,https://ipimg.interestprint.com/data/product/3032/img/20240320/20240320190757103034_250x250.jpg,https://www.interestprint.com/custom/custom_zippered_pillow_cases_18_x18_one_side_2_pack-3032.html
229,556,"Throw Pillow Cover 18""x 18""(One Side)(No Zipper)",Home Decor,4.39,12.99,8.6,66.2,Y,https://ipimg.interestprint.com/data/product/556/img/20170414/20170414005312816362_250x250.jpg,https://www.interestprint.com/custom/throw_pillow_cover_18_x_18_one_side_no_zipper-556.html
230,5568,Custom Flannel Zipper Bag,Bags,4.39,12.99,8.6,66.2,Y,https://ipimg.interestprint.com/data/product/5568/img/20260428/20260428094653798464_250x250.jpg,https://www.interestprint.com/custom/custom_flannel_zipper_bag-5568.html
231,1480,All Over Print Pet Dog Round Neck Fuzzy Shirt,Accessories,4.39,13.99,9.6,68.6,Y,https://ipimg.interestprint.com/data/product/1480/img/20210405/20210405200056508355_250x250.jpg,https://www.interestprint.com/custom/aop_pet_dog_round_neck_shirt-1480.html
232,5371,Women's Halter Neck Crop Tank Top,Women's Clothing,4.45,16.99,12.54,73.8,Y,https://ipimg.interestprint.com/data/product/5371/img/20260317/20260317001723701492_250x250.jpg,https://www.interestprint.com/custom/women_s_halter_neck_crop_tank_top-5371.html
233,3307,Custom Foil Balloons (18-inch) (Pack of 3),Halloween Decor,4.49,16.99,12.5,73.6,Y,https://ipimg.interestprint.com/data/product/3307/img/20240501/20240501180455901138_250x250.jpg,https://www.interestprint.com/custom/foil_balloon_18inch_3_pack-3307.html
234,5712,"Envelope Pillow Case 16"" x 16"" (Two-Sided Print) | Ships from USA",U.S. Fulfillment,4.49,13.99,9.5,67.9,Y,https://ipimg.interestprint.com/data/product/5712/img/20260525/20260525153008590034_250x250.jpg,https://www.interestprint.com/custom/envelope_pillow_case_16_x_16_two_sided_print_ships_from_usa-5712.html
235,5711,"Envelope Pillow Case 20"" x 12"" (Two-Sided Print) | Ships from USA",U.S. Fulfillment,4.49,13.99,9.5,67.9,Y,https://ipimg.interestprint.com/data/product/5711/img/20260525/20260525153052092130_250x250.jpg,https://www.interestprint.com/custom/envelope_pillow_case_20_x_12_two_sided_print_ships_from_usa-5711.html
236,5119,Towel 40x60cm | Ships from USA,U.S. Fulfillment,4.49,19.99,15.5,77.5,Y,https://ipimg.interestprint.com/data/product/5119/img/20260108/20260108231234105674_250x250.jpg,https://www.interestprint.com/custom/towel_40x60cm-5119.html
237,5454,Baby’s Short-Sleeve Romper,Kid's Clothing,4.5,22.99,18.49,80.4,Y,https://ipimg.interestprint.com/data/product/5454/img/20260409/20260409133307990491_250x250.jpg,https://www.interestprint.com/custom/baby_s_short_sleeve_romper-5454.html
238,4088,Canvas Tote Bag 35x45 cm (One Side Printing),Bags,4.5,15.99,11.49,71.9,Y,https://ipimg.interestprint.com/data/product/4088/img/20241226/20241226215826727275_250x250.jpg,https://www.interestprint.com/custom/canvas_tote_bag_35x45cm_one_sided_print-4088.html
239,4689,Custom Flag with Four Grommets (47x70 in),Home Decor,4.53,17.99,13.46,74.8,Y,https://ipimg.interestprint.com/data/product/4689/img/20250919/20250919004413118533_250x250.jpg,https://www.interestprint.com/custom/custom_flag_with_four_grommets_47x70_in-4689.html
240,4741,Christmas Stocking,Christmas Gifts,4.58,10.99,6.41,58.3,Y,https://ipimg.interestprint.com/data/product/4741/img/20250922/20250922203757074133_250x250.jpg,https://www.interestprint.com/custom/christmas_stocking-4741.html
241,4063,Kid's Lunch Bag,Back to School,4.58,16.99,12.41,73.0,Y,https://ipimg.interestprint.com/data/product/4063/img/20241219/20241219181154149072_250x250.jpg,https://www.interestprint.com/custom/kids_lunch_bag-4063.html
242,4341,Women's Mini Skirt,Women's Clothing,4.58,25.99,21.41,82.4,Y,https://ipimg.interestprint.com/data/product/4341/img/20250516/20250516021406306855_250x250.jpg,https://www.interestprint.com/custom/women_s_mini_skirt-4341.html
243,3627,High Waisted Underwear (NZ052),Women's Clothing,4.58,9.99,5.41,54.2,Y,https://ipimg.interestprint.com/data/product/3627/img/20240710/20240710233127362641_250x250.jpg,https://www.interestprint.com/custom/high_waisted_underwear-3627.html
244,4707,200-Piece Wooden Jigsaw Puzzles (Horizontal),Home Decor,4.58,19.99,15.41,77.1,Y,https://ipimg.interestprint.com/data/product/4707/img/20250918/20250918013921626523_250x250.jpg,https://www.interestprint.com/custom/200_piece_wooden_jigsaw_puzzles_horizontal-4707.html
245,4706,120-Piece Wooden Jigsaw Puzzles (Horizontal),Home Decor,4.58,18.99,14.41,75.9,Y,https://ipimg.interestprint.com/data/product/4706/img/20250918/20250918013858828237_250x250.jpg,https://www.interestprint.com/custom/120_piece_wooden_jigsaw_puzzles_horizontal-4706.html
246,4699,120-Piece Wooden Jigsaw Puzzles (Vertical),Home Decor,4.58,18.99,14.41,75.9,Y,https://ipimg.interestprint.com/data/product/4699/img/20250918/20250918013614018856_250x250.jpg,https://www.interestprint.com/custom/jigsaw_puzzle_toy_flat_box_vertical_version_120pcs-4699.html
247,4131,Custom Handheld Banner,Home Decor,4.58,9.99,5.41,54.2,Y,https://ipimg.interestprint.com/data/product/4131/img/20250116/20250116191030556056_250x250.jpg,https://www.interestprint.com/custom/custom_handheld_banner-4131.html
248,4084,Canvas Tote Bag 38 x 41cm ( Two-Sided Printing ),Bags,4.58,15.99,11.41,71.4,Y,https://ipimg.interestprint.com/data/product/4084/img/20260807/20260807170143612549_250x250.jpg,https://www.interestprint.com/custom/canvas_tote_bag_38x41cm_two_sided_print-4084.html
249,4085,Canvas Tote Bag 38 x 41cm ( One Side Printing ),Bags,4.58,15.99,11.41,71.4,Y,https://ipimg.interestprint.com/data/product/4085/img/20260807/20260807170513362896_250x250.jpg,https://www.interestprint.com/custom/canvas_tote_bag_one_side_printing-4085.html
250,4581,Car Seat Headrest Cover (Single or Pair),Accessories,4.58,29.99,25.41,84.7,Y,https://ipimg.interestprint.com/data/product/4581/img/20250805/20250805014759235519_250x250.jpg,https://www.interestprint.com/custom/car_headrest_covers-4581.html
251,3606,Full Print Pet Vest (CWBX),Accessories,4.58,10.99,6.41,58.3,Y,https://ipimg.interestprint.com/data/product/3606/img/20240709/20240709001037711385_250x250.jpg,https://www.interestprint.com/custom/full_print_pet_vest_cwbx-3606.html
252,3502,License Plate 15 cm  x 30 cm,Accessories,4.58,11.99,7.41,61.8,Y,https://ipimg.interestprint.com/data/product/3502/img/20240617/20240617194508198891_250x250.jpg,https://www.interestprint.com/custom/license_plate_15_x_30-3502.html
253,3224,All Over Print License Plate Frame,Accessories,4.58,9.99,5.41,54.2,Y,https://ipimg.interestprint.com/data/product/3224/img/20240419/20240419020741929691_250x250.jpg,https://www.interestprint.com/custom/license_plate_frame_black-3224.html
254,3219,License Plate Frame Black/Sliver 16 cm x 31 cm,Accessories,4.58,9.99,5.41,54.2,Y,https://ipimg.interestprint.com/data/product/3219/img/20240417/20240417002516668473_250x250.jpg,https://www.interestprint.com/custom/license_plate_frame_silver_black-3219.html
255,5783,Sliver License Plate Frame,Accessories,4.58,9.99,5.41,54.2,Y,https://ipimg.interestprint.com/data/product/5783/img/20260605/20260605160955811793_250x250.png,https://www.interestprint.com/custom/license_plate_frame_black_sliver-5783.html
256,5253,Metal Sign 30x40cm,Wall Art,4.58,19.99,15.41,77.1,Y,https://ipimg.interestprint.com/data/product/5253/img/20260210/20260210014935140454_250x250.jpg,https://www.interestprint.com/custom/metal_sign_30x40cm-5253.html
257,5255,Metal Sign(Vertical) 40x30cm,Wall Art,4.58,19.99,15.41,77.1,Y,https://ipimg.interestprint.com/data/product/5255/img/20260210/20260210015014665387_250x250.jpg,https://www.interestprint.com/custom/metal_sign_vertical_40x30cm-5255.html
258,5161,"Triptych Decorative Unframe 8"" × 12""",Wall Art,4.58,15.99,11.41,71.4,Y,https://ipimg.interestprint.com/data/product/5161/img/20260115/20260115233307265780_250x250.jpg,https://www.interestprint.com/custom/triptych_decorative_unframe_8_12-5161.html
259,4102,"Metal Sign 16""×4""",Wall Art,4.58,9.99,5.41,54.2,Y,https://ipimg.interestprint.com/data/product/4102/img/20250113/20250113213856028045_250x250.jpg,https://www.interestprint.com/custom/metal_sign_16_4-4102.html
260,4095,Round Metal Sign,Wall Art,4.58,15.99,11.41,71.4,Y,https://ipimg.interestprint.com/data/product/4095/img/20241226/20241226220031974881_250x250.jpg,https://www.interestprint.com/custom/round_metal_sign-4095.html
261,4094,Aluminum Weatherproof Metal Sign,Wall Art,4.58,16.99,12.41,73.0,Y,https://ipimg.interestprint.com/data/product/4094/img/20241226/20241226220016713547_250x250.jpg,https://www.interestprint.com/custom/aluminum_weatherproof_metal_sign-4094.html
262,3984,Custom Crystal Ornament,Graduation Gifts,4.59,16.99,12.4,73.0,Y,https://ipimg.interestprint.com/data/product/3984/img/20250204/20250204003923702761_250x250.jpg,https://www.interestprint.com/custom/custom_crystal_ornament-3984.html
263,4640,Round Placemat | Ships from USA,U.S. Fulfillment,4.59,17.99,13.4,74.5,Y,https://ipimg.interestprint.com/data/product/4640/img/20260110/20260110055428761455_250x250.jpg,https://www.interestprint.com/custom/custom_round_placemat_20x0_25cm_us02-4640.html
264,3881,Custom Kids' T-Shirt(Front Printing) | Ships from USA,U.S. Fulfillment,4.59,17.99,13.4,74.5,Y,https://ipimg.interestprint.com/data/product/3881/img/20260110/20260110060224265338_250x250.jpg,https://www.interestprint.com/custom/custom_kids_t_shirt_front_printing-3881.html
265,3880,Classic Women's T-Shirt (Front Printing) | Ships from USA,U.S. Fulfillment,4.59,20.99,16.4,78.1,Y,https://ipimg.interestprint.com/data/product/3880/img/20260110/20260110060349667372_250x250.jpg,https://www.interestprint.com/custom/classic_women_s_t_shirt_front_printing-3880.html
266,5877,"Custom Doormat 35.8"" x 23.6""",Home Decor,4.59,13.99,9.4,67.2,Y,https://ipimg.interestprint.com/data/product/5877/img/20260625/20260625143142729780_250x250.jpg,https://www.interestprint.com/custom/custom_doormat_35_8_x_23_6-5877.html
267,5749,"Gift Wrapping Paper-Coated Paper 45.3"" x 17.3"" (1 Roll)",Accessories,4.59,13.99,9.4,67.2,Y,https://ipimg.interestprint.com/data/product/5749/img/20260601/20260601102126095003_250x250.jpg,https://www.interestprint.com/custom/gift_wrapping_paper_coated_paper_45_3_x_17_3_1_roll-5749.html
268,5990,Women's Sleeveless Crew-Neck Dress,Women's Clothing,4.6,18.99,14.39,75.8,Y,https://ipimg.interestprint.com/data/product/5990/img/20260721/20260721093026759922_250x250.jpg,https://www.interestprint.com/custom/women_s_sleeveless_crew_neck_dress-5990.html
269,3955,Car Coaster,Home Decor,4.6,9.99,5.39,54.0,Y,https://ipimg.interestprint.com/data/product/3955/img/20241106/20241106191136731593_250x250.jpg,https://www.interestprint.com/custom/car_coaster-3955.html
270,3517,Round Pen Holder,Back to School,4.61,9.99,5.38,53.9,Y,https://ipimg.interestprint.com/data/product/3517/img/20240619/20240619005639455249_250x250.jpg,https://www.interestprint.com/custom/round_pen_holder-3517.html
271,5078,Rectangle Mousepad (with Stitched Edges)40x75cm,Home Decor,4.61,18.99,14.38,75.7,Y,https://ipimg.interestprint.com/data/product/5078/img/20251226/20251226001843295122_250x250.jpg,https://www.interestprint.com/custom/rectangle_mousepad_with_stitched_edges_40x75cm-5078.html
272,4432,Hair Scrunchie,Accessories,4.61,15.99,11.38,71.2,Y,https://ipimg.interestprint.com/data/product/4432/img/20250618/20250618020009928959_250x250.jpg,https://www.interestprint.com/custom/hair_scrunchie-4432.html
273,4501,Women's Underwear,Women's Clothing,4.62,25.99,21.37,82.2,Y,https://ipimg.interestprint.com/data/product/4501/img/20250713/20250713190747021839_250x250.jpg,https://www.interestprint.com/custom/custom_women_s_underwear-4501.html
274,4086,Canvas Tote Bag 38 x 46cm ( Two-Sided Printing ),Bags,4.63,15.99,11.36,71.0,Y,https://ipimg.interestprint.com/data/product/4086/img/20260807/20260807170606702284_250x250.jpg,https://www.interestprint.com/custom/canvas_tote_bag_two_sided_print-4086.html
275,5453,Baby’s Long-Sleeve Romper,Kid's Clothing,4.64,22.99,18.35,79.8,Y,https://ipimg.interestprint.com/data/product/5453/img/20260409/20260409094248165391_250x250.jpg,https://www.interestprint.com/custom/children_s_long_sleeve_romper-5453.html
276,5447,Satin Pageant Sashes,Wedding & Party Decor,4.69,13.99,9.3,66.5,Y,https://ipimg.interestprint.com/data/product/5447/img/20260407/20260407165820435968_250x250.jpg,https://www.interestprint.com/custom/satin_pageant_sashes-5447.html
277,4844,Hand Towel (One Side Printing) | Ships from USA,U.S. Fulfillment,4.69,19.99,15.3,76.5,Y,https://ipimg.interestprint.com/data/product/4844/img/20260110/20260110033925618966_250x250.jpg,https://www.interestprint.com/custom/hand_towel_one_side_printing-4844.html
278,3817,"Custom Rectangle Mousepad 23.6"" x 13.8""（with Stitched Edges）",Home Decor,4.69,25.99,21.3,82.0,Y,https://ipimg.interestprint.com/data/product/3817/img/20240911/20240911015958202898_250x250.jpg,https://www.interestprint.com/custom/rectangle_mousepad_with_stitched_edges-3817.html
279,4087,Canvas Tote Bag 35x45 cm (Two-Sided Printing),Bags,4.69,15.99,11.3,70.7,Y,https://ipimg.interestprint.com/data/product/4087/img/20241226/20241226215758899580_250x250.jpg,https://www.interestprint.com/custom/canvas_tote_bag-4087.html
280,5384,One Piece Backless Suspender Dress,Women's Clothing,4.77,21.99,17.22,78.3,Y,https://ipimg.interestprint.com/data/product/5384/img/20260320/20260320110055660091_250x250.jpg,https://www.interestprint.com/custom/one_piece_backless_suspender_dress-5384.html
281,5431,Little Girls' Ruffle Sleeve Crew-Neck Dress,Kid's Clothing,4.77,14.99,10.22,68.2,Y,https://ipimg.interestprint.com/data/product/5431/img/20260410/20260410151851464800_250x250.jpg,https://www.interestprint.com/custom/little_girls_ruffle_sleeve_crew_neck_dress-5431.html
282,5446,Tank Tops for Dogs,Accessories,4.77,19.99,15.22,76.1,Y,https://ipimg.interestprint.com/data/product/5446/img/20260407/20260407144407637641_250x250.jpg,https://www.interestprint.com/custom/tank_tops_for_dogs-5446.html
283,2207,Heart Shape Fridge Magnet(One Piece),Accessories,4.77,17.99,13.22,73.5,Y,https://ipimg.interestprint.com/data/product/2207/img/20210816/20210816011641669358_250x250.jpg,https://www.interestprint.com/custom/heart_shape_fridge_magnet_one_piece-2207.html
284,1431,"Custom Fridge Magnets(3.54"" x 3.54"")",Accessories,4.77,19.99,15.22,76.1,Y,https://ipimg.interestprint.com/data/product/1431/img/20210317/20210317232218757587_250x250.jpg,https://www.interestprint.com/custom/custom_fridge_magnets_9_9cm-1431.html
285,1430,"Custom Fridge Magnets(2.36"" x 2.36"")",Accessories,4.77,19.99,15.22,76.1,Y,https://ipimg.interestprint.com/data/product/1430/img/20210317/20210317232755866432_250x250.jpg,https://www.interestprint.com/custom/custom_fridge_magnets_6x6cm-1430.html
286,5827,"Gift Wrapping Paper-Coated Paper 58"" x 17.3"" (1 Roll) | Ships from USA",Christmas Gifts,4.79,14.99,10.2,68.0,Y,https://ipimg.interestprint.com/data/product/5827/img/20260615/20260615164357668342_250x250.jpg,https://www.interestprint.com/custom/gift_wrapping_paper_coated_paper_58_x_17_3_1_roll_ships_from_usa-5827.html
287,57,Rectangle Mousepad,Home Decor,4.79,12.99,8.2,63.1,Y,https://ipimg.interestprint.com/data/product/57/img/20150724/20150724112845926775_250x250.jpg,https://www.interestprint.com/custom/rectangle_mousepad-57.html
288,3543,Custom Folder,Back to School,4.8,9.99,5.19,52.0,Y,https://ipimg.interestprint.com/data/product/3543/img/20240624/20240624201848662996_250x250.jpg,https://www.interestprint.com/custom/custom_folder-3543.html
289,4079,Foldable Lunch Bag with Mesh Pockets,Bags,4.8,15.99,11.19,70.0,Y,https://ipimg.interestprint.com/data/product/4079/img/20241224/20241224211045496674_250x250.jpg,https://www.interestprint.com/custom/foldable_lunch_bag_with_mesh_pockets-4079.html
290,4083,Small Cotton Linen Drawstring Bags(8 Pcs),Christmas Gifts,4.85,15.99,11.14,69.7,Y,https://ipimg.interestprint.com/data/product/4083/img/20241224/20241224211203218551_250x250.jpg,https://www.interestprint.com/custom/custom_drawstring_bags-4083.html
291,4755,Lace Trim Thong,Women's Clothing,4.85,9.99,5.14,51.5,Y,https://ipimg.interestprint.com/data/product/4755/img/20250925/20250925231027391913_250x250.jpg,https://www.interestprint.com/custom/lace_trim_thong-4755.html
292,4342,Women's Skater Skirt,Women's Clothing,4.85,21.99,17.14,77.9,Y,https://ipimg.interestprint.com/data/product/4342/img/20250516/20250516021356972364_250x250.jpg,https://www.interestprint.com/custom/women_s_skater_skirt-4342.html
293,3656,Kid's Bucket Hat,Accessories,4.85,10.99,6.14,55.9,Y,https://ipimg.interestprint.com/data/product/3656/img/20240717/20240717021002698830_250x250.jpg,https://www.interestprint.com/custom/kid_s_bucket_hat-3656.html
294,3602,Pet Scarf,Accessories,4.85,9.99,5.14,51.5,Y,https://ipimg.interestprint.com/data/product/3602/img/20240709/20240709000745589733_250x250.jpg,https://www.interestprint.com/custom/pet_scarf-3602.html
295,4143,"Rusty Metal Sign(Horizontal) 7.9""×11.8""",Wall Art,4.85,11.99,7.14,59.5,Y,https://ipimg.interestprint.com/data/product/4143/img/20250121/20250121000640436801_250x250.jpg,https://www.interestprint.com/custom/metal_sign_rusty_7_9_11_8-4143.html
296,4141,Rusty Metal Sign (Vertical) 11.8‘’×7.9‘’,Wall Art,4.85,11.99,7.14,59.5,Y,https://ipimg.interestprint.com/data/product/4141/img/20250121/20250121000621201867_250x250.jpg,https://www.interestprint.com/custom/rusty_metal_sign_vertical_11_8_7_9-4141.html
297,5668,Custom Shape Acrylic Plaque,Home Decor,4.86,16.99,12.13,71.4,Y,https://ipimg.interestprint.com/data/product/5668/img/20260519/20260519101801426390_250x250.jpg,https://www.interestprint.com/custom/custom_shape_acrylic_plaque-5668.html
298,4700,200-Piece Wooden Jigsaw Puzzles (Vertical),Home Decor,4.88,19.99,15.11,75.6,Y,https://ipimg.interestprint.com/data/product/4700/img/20250918/20250918023915914642_250x250.jpg,https://www.interestprint.com/custom/200_piece_wooden_jigsaw_puzzles_vertical-4700.html
299,4137,Christmas Hanging Star,Home Decor,4.88,12.99,8.11,62.4,Y,https://ipimg.interestprint.com/data/product/4137/img/20250116/20250116191203411249_250x250.jpg,https://www.interestprint.com/custom/christmas_hanging_star-4137.html
300,3993,Coral Velvet Round Floor Mat (60*60cm),Home Decor,4.88,16.99,12.11,71.3,Y,https://ipimg.interestprint.com/data/product/3993/img/20241121/20241121232634246211_250x250.jpg,https://www.interestprint.com/custom/coral_velvet_floor_mat-3993.html
301,3917,Glass Ashtray,Home Decor,4.88,11.99,7.11,59.3,Y,https://ipimg.interestprint.com/data/product/3917/img/20241024/20241024201552795820_250x250.jpg,https://www.interestprint.com/custom/glass_ashtray-3917.html
302,4113,Game Console Stickers (for PS4 Slim),Accessories,4.88,11.99,7.11,59.3,Y,https://ipimg.interestprint.com/data/product/4113/img/20250113/20250113213325841652_250x250.jpg,https://www.interestprint.com/custom/game_console_stickers_ps4_series-4113.html
303,4112,Game Console Stickers (for PS4 Pro),Accessories,4.88,11.99,7.11,59.3,Y,https://ipimg.interestprint.com/data/product/4112/img/20250113/20250113213307860982_250x250.jpg,https://www.interestprint.com/custom/game_console_stickers_ps4_series-4112.html
304,5142,Custom Pillow Case 18x18inch | Ships from USA,U.S. Fulfillment,4.89,16.99,12.1,71.2,Y,https://ipimg.interestprint.com/data/product/5142/img/20260111/20260111225758848152_250x250.jpg,https://www.interestprint.com/custom/custom_pillow_case_18x18inch_ships_from_usa-5142.html
305,4585,Square Wooden Photo Frame | Ships from USA,U.S. Fulfillment,4.89,28.99,24.1,83.1,Y,https://ipimg.interestprint.com/data/product/4585/img/20260109/20260109200726525057_250x250.jpg,https://www.interestprint.com/custom/custom_square_wooden_frame_ornaments_20_20cm-4585.html
306,5584,All Over Print Men's Button Polo Shirt （Model T89）,Men's Clothing,4.89,13.99,9.1,65.0,Y,https://ipimg.interestprint.com/data/product/5584/img/20260429/20260429161614748767_250x250.jpg,https://www.interestprint.com/custom/all_over_print_men_s_button_polo_shirt_model_t89-5584.html
307,5232,Men's Curved Hem Hawaiian Shirt (Model T87),Men's Clothing,4.89,12.99,8.1,62.4,Y,https://ipimg.interestprint.com/data/product/5232/img/20260201/20260201211807180175_250x250.jpg,https://www.interestprint.com/custom/men_s_curved_hem_hawaiian_shirt_model_t87-5232.html
308,3030,"Peach Skin Pillowcase 20""x12"" (One Side Printing)(2 Pack)",Home Decor,4.89,12.99,8.1,62.4,Y,https://ipimg.interestprint.com/data/product/3030/img/20240320/20240320202230606514_250x250.jpg,https://www.interestprint.com/custom/custom_zippered_pillow_cases_20_x12_one_side_2_pack-3030.html
309,5988,Loose-Leaf Notebook ( Cover Print ),Accessories,4.89,13.99,9.1,65.0,Y,https://ipimg.interestprint.com/data/product/5988/img/20260720/20260720103316750059_250x250.jpg,https://www.interestprint.com/custom/loose_leaf_notebook_cover_print-5988.html
310,1075,All Over Print Pet Tank Top,Accessories,4.89,14.99,10.1,67.4,Y,https://ipimg.interestprint.com/data/product/1075/img/20190903/20190903011056346148_250x250.jpg,https://www.interestprint.com/custom/all_over_print_pet_tank_top-1075.html
311,4067,All Over Print Grocery Bag,Bags,4.9,15.99,11.09,69.4,Y,https://ipimg.interestprint.com/data/product/4067/img/20241219/20241219181329326801_250x250.jpg,https://www.interestprint.com/custom/one_shoulder_shopping_bag-4067.html
312,4039,Insulated Meal Bag,Bags,4.9,15.99,11.09,69.4,Y,https://ipimg.interestprint.com/data/product/4039/img/20241203/20241203231002417018_250x250.jpg,https://www.interestprint.com/custom/insulated_meal_bag-4039.html
313,5601,Men's Lapel V-Neck Short Sleeve T-Shirt,Men's Clothing,4.91,13.99,9.08,64.9,Y,https://ipimg.interestprint.com/data/product/5601/img/20260505/20260505142726992785_250x250.jpg,https://www.interestprint.com/custom/men_s_lapel_v_neck_short_sleeve_t_shirt-5601.html
314,5550,Kids' Drawstring Beach Shorts with Side Pockets,Kid's Clothing,4.91,16.99,12.08,71.1,Y,https://ipimg.interestprint.com/data/product/5550/img/20260423/20260423152022916715_250x250.jpg,https://www.interestprint.com/custom/kids_drawstring_beach_shorts_without_side_pocket-5550.html
315,5547,Kids' Drawstring Beach Shorts with Side Pockets,Kid's Clothing,4.91,14.99,10.08,67.2,Y,https://ipimg.interestprint.com/data/product/5547/img/20260422/20260422153512079577_250x250.jpg,https://www.interestprint.com/custom/kids_drawstring_beach_shorts_with_side_pockets-5547.html
316,4709,Round Tablecloth,Home Decor,4.92,17.99,13.07,72.7,Y,https://ipimg.interestprint.com/data/product/4709/img/20250921/20250921181254813302_250x250.jpg,https://www.interestprint.com/custom/round_tablecloth-4709.html
317,6056,Acrylic Book Shaped Vase（Front & Side）,Home Decor,4.93,14.99,10.06,67.1,Y,https://ipimg.interestprint.com/data/product/6056/img/20260810/20260810162848217207_250x250.jpg,https://www.interestprint.com/custom/acrylic_book_shaped_vase_front_side-6056.html
318,5729,Women's Round Neck Dress,Women's Clothing,4.97,15.99,11.02,68.9,,https://ipimg.interestprint.com/data/product/5729/img/20260527/20260527174454999529_250x250.jpg,https://www.interestprint.com/custom/women_s_round_neck_dress-5729.html
319,5400,Women's All-Over Print T-Shirt Dress,Women's Clothing,4.97,31.99,27.02,84.5,Y,https://ipimg.interestprint.com/data/product/5400/img/20260409/20260409110453060490_250x250.jpg,https://www.interestprint.com/custom/women_s_all_over_print_t_shirt_dress-5400.html
320,5974,Men's Drawstring Beach Shorts with Side Pockets,Men's Clothing,4.97,16.99,12.02,70.7,Y,https://ipimg.interestprint.com/data/product/5974/img/20260717/20260717094043585806_250x250.jpg,https://www.interestprint.com/custom/men_s_drawstring_beach_shorts_with_side_pockets-5974.html
321,5926,Children’s Half-Zip Sweatshirt with Pockets,Kid's Clothing,4.97,16.99,12.02,70.7,Y,https://ipimg.interestprint.com/data/product/5926/img/20260706/20260706112419150349_250x250.jpg,https://www.interestprint.com/custom/children_s_half_zip_sweatshirt_with_pockets-5926.html
322,2933,Kid's Custom Socks | Ships from USA,Halloween Decor,4.99,17.99,13.0,72.3,Y,https://ipimg.interestprint.com/data/product/2933/img/20260110/20260110041637653859_250x250.jpg,https://www.interestprint.com/custom/custom_kid_s_socks-2933.html
323,2633,"Metal Sign 12""x16"" | Ships from USA",Halloween Decor,4.99,19.99,15.0,75.0,Y,https://ipimg.interestprint.com/data/product/2633/img/20260107/20260107222540413963_250x250.jpg,https://www.interestprint.com/custom/metal_tin_sign_12_x16-2633.html
324,3878,Women's T-Shirt (Front Printing) | Ships from USA,Summer Holiday,4.99,20.99,16.0,76.2,Y,https://ipimg.interestprint.com/data/product/3878/img/20260109/20260109220047191171_250x250.jpg,https://www.interestprint.com/custom/women_s_t_shirt_in_usa_size_front_printing_t78-3878.html
325,2156,Unisex Summer Single-Layer Bucket Hat,Summer Holiday,4.99,25.99,21.0,80.8,Y,https://ipimg.interestprint.com/data/product/2156/img/20210629/20210629234339490831_250x250.jpg,https://www.interestprint.com/custom/unisex_summer_bucket_hat-2156.html
326,6148,Custom Pin Badge ( 25mm ) | Ships from USA,U.S. Fulfillment,4.99,14.99,10.0,66.7,Y,https://ipimg.interestprint.com/data/product/6148/img/20260828/20260828162113902908_250x250.jpg,https://www.interestprint.com/custom/custom_pin_badge_25mm_ships_from_usa-6148.html
327,5360,"Gift Wrapping Paper-Coated Paper 58""x 22""（1 Roll） | Ships from USA",U.S. Fulfillment,4.99,18.99,14.0,73.7,Y,https://ipimg.interestprint.com/data/product/5360/img/20260317/20260317011223900324_250x250.jpg,https://www.interestprint.com/custom/gift_wrapping_paper_coated_paper_58_x_22_1_roll_ships_from_usa-5360.html
328,5242,10oz Whiskey Glass | Ships from USA,U.S. Fulfillment,4.99,23.99,19.0,79.2,Y,https://ipimg.interestprint.com/data/product/5242/img/20260203/20260203010109656441_250x250.jpg,https://www.interestprint.com/custom/10oz_whiskey_glass_ships_from_usa-5242.html
329,5013,"Envelope Pillow Case 18"" × 18"" (Twin Sides) | Ships from USA",U.S. Fulfillment,4.99,18.99,14.0,73.7,Y,https://ipimg.interestprint.com/data/product/5013/img/20260427/20260427103113250393_250x250.jpg,https://www.interestprint.com/custom/envelope_pillow_case_two_sided_printing-5013.html
330,5047,Pet Bowl | Ships from USA,U.S. Fulfillment,4.99,19.99,15.0,75.0,Y,https://ipimg.interestprint.com/data/product/5047/img/20260110/20260110032830843475_250x250.jpg,https://www.interestprint.com/custom/pet_bowl-5047.html
331,4359,Sandwich Peak Cap | Ships from USA,U.S. Fulfillment,4.99,25.99,21.0,80.8,Y,https://ipimg.interestprint.com/data/product/4359/img/20260109/20260109060126592267_250x250.jpg,https://www.interestprint.com/custom/sandwich_peak_cap-4359.html
332,4046,Men's Cotton T-Shirt (One Side Printing) | Ships from USA,U.S. Fulfillment,4.99,21.99,17.0,77.3,Y,https://ipimg.interestprint.com/data/product/4046/img/20260109/20260109001030232290_250x250.jpg,https://www.interestprint.com/custom/custom_heavy_cotton_t_shirt_5000-4046.html
333,2632,"Metal Sign 16""x12"" | Ships from USA",U.S. Fulfillment,4.99,19.99,15.0,75.0,Y,https://ipimg.interestprint.com/data/product/2632/img/20260107/20260107222645812362_250x250.jpg,https://www.interestprint.com/custom/metal_tin_sign_16_x12-2632.html
334,3864,Men's Heavy Cotton T-Shirt (One Side Printing) | Ships from USA,U.S. Fulfillment,4.99,21.99,17.0,77.3,Y,https://ipimg.interestprint.com/data/product/3864/img/20260110/20260110060530557039_250x250.jpg,https://www.interestprint.com/custom/men_s_cotton_t_shirt-3864.html
335,3848,Men's New Heavy Cotton T-Shirt (One Side Printing) | Ships from USA,U.S. Fulfillment,4.99,21.99,17.0,77.3,Y,https://ipimg.interestprint.com/data/product/3848/img/20260109/20260109220442741155_250x250.jpg,https://www.interestprint.com/custom/men_s_heavy_cotton_t_shirt_5000_us_size-3848.html
336,5569,All Over Print Women's Sleeveless Polo Shirt (Model T90),Women's Clothing,4.99,13.99,9.0,64.3,Y,https://ipimg.interestprint.com/data/product/5569/img/20260428/20260428101339977604_250x250.jpg,https://www.interestprint.com/custom/all_over_print_women_s_sleeveless_polo_shirt_model_t90-5569.html
337,4524,Square Neck Crop Tank Tops,Women's Clothing,4.99,26.99,22.0,81.5,Y,https://ipimg.interestprint.com/data/product/4524/img/20250716/20250716191601158107_250x250.jpg,https://www.interestprint.com/custom/custom_square_neck_crop_tank_tops-4524.html
338,5349,Festival Banner 47x24inch,Home Decor,4.99,19.99,15.0,75.0,Y,https://ipimg.interestprint.com/data/product/5349/img/20260311/20260311195323881973_250x250.jpg,https://www.interestprint.com/custom/festival_banner_47x24inch-5349.html
339,4687,Custom Flag with Two Grommets (60x96 in),Home Decor,4.99,18.99,14.0,73.7,Y,https://ipimg.interestprint.com/data/product/4687/img/20250917/20250917010631031562_250x250.jpg,https://www.interestprint.com/custom/custom_flag_with_two_grommets_60x96_in-4687.html
340,6111,"Black Framed Art Print 8"" × 12""",Wall Art,4.99,15.99,11.0,68.8,Y,https://ipimg.interestprint.com/data/product/6111/img/20260821/20260821103103307192_250x250.jpg,https://www.interestprint.com/custom/black_framed_art_print_8_12-6111.html
341,4314,Bandeau Top,Women's Clothing,5.04,29.99,24.95,83.2,Y,https://ipimg.interestprint.com/data/product/4314/img/20250429/20250429012717303611_250x250.jpg,https://www.interestprint.com/custom/bandeau_top-4314.html
342,4433,Heat Resistant Oven Mitt With Pot Holder(Two Pieces Set)),Home Decor,5.04,29.99,24.95,83.2,Y,https://ipimg.interestprint.com/data/product/4433/img/20250618/20250618020001444617_250x250.jpg,https://www.interestprint.com/custom/osdsjj0522008-4433.html
343,3968,Collapsible Shopping Bag,Bags,5.04,15.99,10.95,68.5,Y,https://ipimg.interestprint.com/data/product/3968/img/20241112/20241112190709736002_250x250.jpg,https://www.interestprint.com/custom/collapsible_shopping_bag-3968.html
344,5195,Custom Socks(5 pairs with the same design),Shoes,5.04,19.99,14.95,74.8,Y,https://ipimg.interestprint.com/data/product/5195/img/20260122/20260122232953338055_250x250.jpg,https://www.interestprint.com/custom/custom_socks_5_pairs_with_the_same_design-5195.html
345,4918,Coral Fleece Towel,Home Decor,5.07,18.99,13.92,73.3,Y,https://ipimg.interestprint.com/data/product/4918/img/20251103/20251103234442991332_250x250.jpg,https://www.interestprint.com/custom/coral_fleece_towel-4918.html
346,4679,Table Runner with Tassels (229x33 cm),Home Decor,5.07,22.99,17.92,77.9,Y,https://ipimg.interestprint.com/data/product/4679/img/20250912/20250912014935479601_250x250.jpg,https://www.interestprint.com/custom/table_runner_with_tassels-4679.html
347,4038,Portable Insulated Lunch Bag,Bags,5.07,15.99,10.92,68.3,Y,https://ipimg.interestprint.com/data/product/4038/img/20241203/20241203232505721617_250x250.jpg,https://www.interestprint.com/custom/portable_insulated_lunch_bag-4038.html
348,5963,Kids' All-Over Print Baseball Cap,Accessories,5.07,15.99,10.92,68.3,Y,https://ipimg.interestprint.com/data/product/5963/img/20260714/20260714164538429353_250x250.jpg,https://www.interestprint.com/custom/kids_all_over_print_baseball_cap-5963.html
349,3436,Open-top Denim Trucker Hat,Accessories,5.07,12.99,7.92,61.0,Y,https://ipimg.interestprint.com/data/product/3436/img/20240604/20240604020308359331_250x250.jpg,https://www.interestprint.com/custom/open_top_denim_trucker_hat-3436.html
350,5535,Children’s Drawstring Cuffed Sweatpants With Side Pockets,Kid's Clothing,5.09,16.99,11.9,70.0,Y,https://ipimg.interestprint.com/data/product/5535/img/20260421/20260421150234587680_250x250.jpg,https://www.interestprint.com/custom/children_s_drawstring_cuffed_sweatpants_with_side_pockets-5535.html
351,3784,All Over Print Children's Hoodie,Kid's Clothing,5.09,15.99,10.9,68.2,Y,https://ipimg.interestprint.com/data/product/3784/img/20240829/20240829201655947725_250x250.jpg,https://www.interestprint.com/custom/all_over_print_children_s_hoodie-3784.html
352,4307,All Over Print Arm Sleeves,Accessories,5.1,19.99,14.89,74.5,Y,https://ipimg.interestprint.com/data/product/4307/img/20250429/20250429012447688474_250x250.jpg,https://www.interestprint.com/custom/all_over_print_arm_sleeves-4307.html
353,3809,Halloween Cape,Halloween Decor,5.13,14.0,8.87,63.4,Y,https://ipimg.interestprint.com/data/product/3809/img/20240913/20240913000110933080_250x250.jpg,https://www.interestprint.com/custom/halloween_cape-3809.html
354,3829,Christmas Snowman Wood Hanger,Christmas Gifts,5.13,13.99,8.86,63.3,Y,https://ipimg.interestprint.com/data/product/3829/img/20240919/20240919192413468707_250x250.jpg,https://www.interestprint.com/custom/christmas_snowman_wood_hanger-3829.html
355,5718,Custom Shaped Acrylic Pen Holder,Back to School,5.13,15.99,10.86,67.9,Y,https://ipimg.interestprint.com/data/product/5718/img/20260526/20260526152001364216_250x250.jpg,https://www.interestprint.com/custom/custom_shaped_acrylic_pen_holder-5718.html
356,4132,Protective Case for AirTag,Personalized Product,5.13,11.99,6.86,57.2,Y,https://ipimg.interestprint.com/data/product/4132/img/20250116/20250116191045667060_250x250.jpg,https://www.interestprint.com/custom/protective_case_for_airtag-4132.html
357,3626,Women's Tube Top,Women's Clothing,5.13,10.99,5.86,53.3,Y,https://ipimg.interestprint.com/data/product/3626/img/20240710/20240710233105022831_250x250.jpg,https://www.interestprint.com/custom/wrap_chest-3626.html
358,5155,"Diatom Ooze Bath Mat 19.7""×31.5""",Home Decor,5.13,19.99,14.86,74.3,Y,https://ipimg.interestprint.com/data/product/5155/img/20260115/20260115003209183067_250x250.jpg,https://www.interestprint.com/custom/diatom_ooze_bath_mat_19_7_31_5-5155.html
359,5079,Rectangle Mousepad (with Stitched Edges)40x90cm,Home Decor,5.13,19.99,14.86,74.3,Y,https://ipimg.interestprint.com/data/product/5079/img/20251226/20251226001901712380_250x250.jpg,https://www.interestprint.com/custom/rectangle_mousepad_with_stitched_edges_40x90cm-5079.html
360,4848,Flip Wallet Case for iPhone 16 E,Accessories,5.13,12.99,7.86,60.5,Y,https://ipimg.interestprint.com/data/product/4848/img/20251019/20251019224757124222_250x250.jpg,https://www.interestprint.com/custom/flip_wallet_case_for_iphone_16_e-4848.html
361,4847,Flip Wallet Case for iPhone 16 Pro Max,Accessories,5.13,12.99,7.86,60.5,Y,https://ipimg.interestprint.com/data/product/4847/img/20251019/20251019224844102934_250x250.jpg,https://www.interestprint.com/custom/flip_wallet_case_for_iphone_16_pro_max-4847.html
362,4846,Flip Wallet Case for iPhone 16 Pro,Accessories,5.13,12.99,7.86,60.5,Y,https://ipimg.interestprint.com/data/product/4846/img/20251019/20251019224946076987_250x250.jpg,https://www.interestprint.com/custom/flip_wallet_case_for_iphone_16_pro-4846.html
363,4845,Flip Wallet Case for iPhone 16 Plus,Accessories,5.13,12.99,7.86,60.5,Y,https://ipimg.interestprint.com/data/product/4845/img/20251019/20251019225034470609_250x250.jpg,https://www.interestprint.com/custom/flip_wallet_case_for_iphone_16_plus-4845.html
364,4828,Flip Wallet Case for iPhone 16,Accessories,5.13,12.99,7.86,60.5,Y,https://ipimg.interestprint.com/data/product/4828/img/20251019/20251019225131315950_250x250.jpg,https://www.interestprint.com/custom/flip_wallet_case_for_iphone_16-4828.html
365,4853,Flip Wallet Case for iPhone 15 Pro Max,Accessories,5.13,12.99,7.86,60.5,Y,https://ipimg.interestprint.com/data/product/4853/img/20251019/20251019224401146085_250x250.jpg,https://www.interestprint.com/custom/flip_wallet_case_for_iphone_15_pro_max-4853.html
366,4852,Flip Wallet Case for iPhone 15 Pro,Accessories,5.13,12.99,7.86,60.5,Y,https://ipimg.interestprint.com/data/product/4852/img/20251019/20251019224501678746_250x250.jpg,https://www.interestprint.com/custom/flip_wallet_case_for_iphone_15_pro-4852.html
367,4851,Flip Wallet Case for iPhone 15 Plus,Accessories,5.13,12.99,7.86,60.5,Y,https://ipimg.interestprint.com/data/product/4851/img/20251019/20251019224555887515_250x250.jpg,https://www.interestprint.com/custom/flip_wallet_case_for_iphone_15_plus-4851.html
368,4829,Flip Wallet Case for iPhone 15,Accessories,5.13,12.99,7.86,60.5,Y,https://ipimg.interestprint.com/data/product/4829/img/20251019/20251019225210047685_250x250.jpg,https://www.interestprint.com/custom/flip_wallet_case_for_iphone_15-4829.html
369,4838,Flip Wallet Case for iPhone 17 Pro Max,Accessories,5.13,12.99,7.86,60.5,Y,https://ipimg.interestprint.com/data/product/4838/img/20251016/20251016010358321971_250x250.jpg,https://www.interestprint.com/custom/flip_wallet_case_for_iphone_17_pro_max-4838.html
370,4837,Flip Wallet Case for iPhone 17 Pro,Accessories,5.13,12.99,7.86,60.5,Y,https://ipimg.interestprint.com/data/product/4837/img/20251016/20251016010310176900_250x250.jpg,https://www.interestprint.com/custom/flip_wallet_case_for_iphone_17_pro-4837.html
371,4836,Flip Wallet Case for iPhone 17 Air,Accessories,5.13,12.99,7.86,60.5,Y,https://ipimg.interestprint.com/data/product/4836/img/20251016/20251016010157573730_250x250.jpg,https://www.interestprint.com/custom/flip_wallet_case_for_iphone_17_air-4836.html
372,4827,Flip Wallet Case for iPhone 17,Accessories,5.13,12.99,7.86,60.5,Y,https://ipimg.interestprint.com/data/product/4827/img/20251016/20251016010054857144_250x250.jpg,https://www.interestprint.com/custom/flip_wallet_case_for_iphone_17-4827.html
373,4103,"Metal Sign 16""×6""",Wall Art,5.13,11.99,6.86,57.2,Y,https://ipimg.interestprint.com/data/product/4103/img/20250113/20250113213920942607_250x250.jpg,https://www.interestprint.com/custom/metal_sign_16_6-4103.html
374,3948,Ceramic Coasters (Square),Home Decor,5.16,11.99,6.83,57.0,Y,https://ipimg.interestprint.com/data/product/3948/img/20241106/20241106191337360282_250x250.jpg,https://www.interestprint.com/custom/ceramic_coasters_square_jj0520028-3948.html
375,4241,"Custom Frame Canvas Print 16""x8""（Vertical）",Wall Art,5.16,16.99,11.83,69.6,Y,https://ipimg.interestprint.com/data/product/4241/img/20250321/20250321013837254358_250x250.jpg,https://www.interestprint.com/custom/custom_frame_canvas_print_16_x8_vertical-4241.html
376,4236,"Custom Frame Canvas Print 8""x16""（Horizontal）",Wall Art,5.16,16.99,11.83,69.6,Y,https://ipimg.interestprint.com/data/product/4236/img/20250321/20250321013729509578_250x250.jpg,https://www.interestprint.com/custom/custom_frame_canvas_print_8_x16_horizontal-4236.html
377,3379,PS5 slim Console Sticker (Digital Version),Accessories,5.17,10.99,5.82,53.0,Y,https://ipimg.interestprint.com/data/product/3379/img/20240517/20240517003559140797_250x250.jpg,https://www.interestprint.com/custom/ps5_slim_console_sticker_digital_version-3379.html
378,5628,Women’s Lace Trim V-Neck Short Sleeve T-Shirt,Women's Clothing,5.18,15.99,10.81,67.6,Y,https://ipimg.interestprint.com/data/product/5628/img/20260508/20260508151006406806_250x250.jpg,https://www.interestprint.com/custom/women_s_lace_trim_v_neck_short_sleeve_t_shirt-5628.html
379,5618,Women's V-neck Metal Ring Camisole Top,Women's Clothing,5.18,15.99,10.81,67.6,Y,https://ipimg.interestprint.com/data/product/5618/img/20260508/20260508152756328204_250x250.jpg,https://www.interestprint.com/custom/women_s_v_neck_metal_ring_camisole_top-5618.html
380,6109,Custom Wreath Sash,Wedding & Party Decor,5.19,15.99,10.8,67.5,Y,https://ipimg.interestprint.com/data/product/6109/img/20260821/20260821173837040192_250x250.jpg,https://www.interestprint.com/custom/custom_wreath_sash-6109.html
381,5316,Sunflower-Shaped Crystal Glass Ornament (Red Gift Box) | Ships from USA,Christmas Gifts,5.19,16.99,11.8,69.5,Y,https://ipimg.interestprint.com/data/product/5316/img/20260304/20260304005214022365_250x250.jpg,https://www.interestprint.com/custom/sunflower_shaped_crystal_glass_ornament_red_gift_box_ships_from_usa-5316.html
382,5241,Custom Heart-shaped Crystal Glass Ornament (Red Gift Box) | Ships from USA,Christmas Gifts,5.19,18.99,13.8,72.7,Y,https://ipimg.interestprint.com/data/product/5241/img/20260224/20260224002104950516_250x250.jpg,https://www.interestprint.com/custom/custom_heart_shaped_crystal_glass_ornament_red_gift_box-5241.html
383,1083,Christmas Santa Hat,Christmas Gifts,5.19,29.99,24.8,82.7,Y,https://ipimg.interestprint.com/data/product/1083/img/20190929/20190929225339904881_250x250.jpg,https://www.interestprint.com/custom/santa_hat-1083.html
384,3821,Custom White Mug New (11OZ) | Ships from USA,Graduation Gifts,5.19,18.99,13.8,72.7,Y,https://ipimg.interestprint.com/data/product/3821/img/20260110/20260110042405180114_250x250.jpg,https://www.interestprint.com/custom/custom_white_mug_new_11oz_us02-3821.html
385,2324,Men's Swimming Briefs (ModelL59),Father's Day,5.19,15.99,10.8,67.5,Y,https://ipimg.interestprint.com/data/product/2324/img/20240414/20240414184729282404_250x250.jpg,https://www.interestprint.com/custom/l59-2324.html
386,3899,Custom Ceramic Mug With Inner Color((11 oz) | Ships from USA,Summer Holiday,5.19,21.99,16.8,76.4,Y,https://ipimg.interestprint.com/data/product/3899/img/20260110/20260110042643428367_250x250.jpg,https://www.interestprint.com/custom/custom_ceramic_mug_with_inner_color_11_oz-3899.html
387,6050,"Custom White Mug ( One-Sided, 11OZ ) | Ships from USA",U.S. Fulfillment,5.19,15.99,10.8,67.5,Y,https://ipimg.interestprint.com/data/product/6050/img/20260807/20260807113727669421_250x250.jpg,https://www.interestprint.com/custom/custom_white_mug_one_sided_11oz_ships_from_usa-6050.html
388,6049,"Custom White Mug ( Two-Sided, 11OZ ) | Ships from USA",U.S. Fulfillment,5.19,15.99,10.8,67.5,Y,https://ipimg.interestprint.com/data/product/6049/img/20260807/20260807113650825600_250x250.jpg,https://www.interestprint.com/custom/custom_white_mug_two_sided_11oz_ships_from_usa-6049.html
389,5588,Custom Men's Zipper Polo Shirt ( Model T88 ),Men's Clothing,5.19,15.99,10.8,67.5,Y,https://ipimg.interestprint.com/data/product/5588/img/20260430/20260430102818437567_250x250.jpg,https://www.interestprint.com/custom/custom_men_s_zipper_polo_shirt_model_t88-5588.html
390,5981,Pencil Pouch（Model 1680）,Accessories,5.19,15.99,10.8,67.5,Y,https://ipimg.interestprint.com/data/product/5981/img/20260717/20260717094701083283_250x250.jpg,https://www.interestprint.com/custom/pencil_pouch_model_1680-5981.html
391,5571,Custom Bicycle Cover,Accessories,5.21,15.99,10.78,67.4,Y,https://ipimg.interestprint.com/data/product/5571/img/20260429/20260429133738775599_250x250.jpg,https://www.interestprint.com/custom/custom_bicycle_cover-5571.html
392,3949,Couples Symbol Discoloration Mug,Valentine's Day,5.28,15.99,10.71,67.0,Y,https://ipimg.interestprint.com/data/product/3949/img/20241108/20241108010903474089_250x250.jpg,https://www.interestprint.com/custom/couples_symbol_discoloration_mug-3949.html
393,3825,Short -Sleeve Baby's Bodysuit,Kid's Clothing,5.28,16.99,11.71,68.9,Y,https://ipimg.interestprint.com/data/product/3825/img/20240913/20240913000024791448_250x250.jpg,https://www.interestprint.com/custom/short_sleeve_baby_s_bodysuit-3825.html
394,3767,Baby Romper,Kid's Clothing,5.28,16.99,11.71,68.9,Y,https://ipimg.interestprint.com/data/product/3767/img/20240823/20240823021255655712_250x250.jpg,https://www.interestprint.com/custom/baby_romper-3767.html
395,5133,Acrylic Night Light(Plastic base),Home Decor,5.28,17.99,12.71,70.7,Y,https://ipimg.interestprint.com/data/product/5133/img/20260111/20260111173055907739_250x250.jpg,https://www.interestprint.com/custom/acrylic_night_light_plastic_base-5133.html
396,3816,Hand Towel,Home Decor,5.28,18.99,13.71,72.2,Y,https://ipimg.interestprint.com/data/product/3816/img/20240918/20240918230318067322_250x250.jpg,https://www.interestprint.com/custom/hand_towel-3816.html
397,4232,Sleep Mask,Accessories,5.28,25.99,20.71,79.7,Y,https://ipimg.interestprint.com/data/product/4232/img/20250318/20250318183153400127_250x250.jpg,https://www.interestprint.com/custom/sleep_mask-4232.html
398,3980,Pencil Pouch/Small Cosmetic Bag,Accessories,5.28,16.99,11.71,68.9,Y,https://ipimg.interestprint.com/data/product/3980/img/20241114/20241114184516478078_250x250.jpg,https://www.interestprint.com/custom/pencil_pouch_small_cosmetic_bag-3980.html
399,5826,"Pillow Case 36"" x 20""  | Ships from USA",U.S. Fulfillment,5.29,15.99,10.7,66.9,Y,https://ipimg.interestprint.com/data/product/5826/img/20260616/20260616150022885772_250x250.jpg,https://www.interestprint.com/custom/pillow_case_36_x_20_ships_from_usa-5826.html
400,5097,"Art Print 20""x20"" | Ships from USA",U.S. Fulfillment,5.29,19.99,14.7,73.5,Y,https://ipimg.interestprint.com/data/product/5097/img/20260109/20260109022738678753_250x250.jpg,https://www.interestprint.com/custom/art_print_20_x20-5097.html
401,4162,Custom Pillow Case 18x18inch (One Side Printing) | Ships from USA,U.S. Fulfillment,5.29,15.99,10.7,66.9,Y,https://ipimg.interestprint.com/data/product/4162/img/20260110/20260110054559667553_250x250.jpg,https://www.interestprint.com/custom/custom_pillow_case_18x18inch_one_side_us02-4162.html
402,5956,Beach Towel 76 x 152cm,Home Decor,5.29,15.99,10.7,66.9,Y,https://ipimg.interestprint.com/data/product/5956/img/20260713/20260713162726321050_250x250.jpg,https://www.interestprint.com/custom/beach_towel-5956.html
403,5703,Custom Shape Floor Mat 40 x 60cm,Home Decor,5.29,16.99,11.7,68.9,Y,https://ipimg.interestprint.com/data/product/5703/img/20260522/20260522142654387056_250x250.jpg,https://www.interestprint.com/custom/custom_shape_floor_mat-5703.html
404,2640,Mouse Wrist Rest Pad,Home Decor,5.29,23.99,18.7,77.9,Y,https://ipimg.interestprint.com/data/product/2640/img/20230207/20230207233853091007_250x250.jpg,https://www.interestprint.com/custom/mousepad_with_wrist_rest-2640.html
405,4458,Card Holder,Accessories,5.29,21.99,16.7,75.9,Y,https://ipimg.interestprint.com/data/product/4458/img/20250626/20250626184019840542_250x250.jpg,https://www.interestprint.com/custom/card_holder-4458.html
406,3519,Leather Pen Holder,Accessories,5.3,10.99,5.69,51.8,Y,https://ipimg.interestprint.com/data/product/3519/img/20240619/20240619005956132983_250x250.jpg,https://www.interestprint.com/custom/leather_pen_holder-3519.html
407,3918,Color Change Alarm Clock,Accessories,5.31,11.99,6.68,55.7,Y,https://ipimg.interestprint.com/data/product/3918/img/20241024/20241024201603494501_250x250.jpg,https://www.interestprint.com/custom/color_change_alarm_clock-3918.html
408,5791,Women's  Lace Trim V-Neck Tank Top,Women's Clothing,5.32,15.99,10.67,66.7,Y,https://ipimg.interestprint.com/data/product/5791/img/20260609/20260609112630126924_250x250.jpg,https://www.interestprint.com/custom/women_s_lace_trim_v_neck_tank_top-5791.html
409,5422,Men's Button-Down Short-Sleeved Polo Shirt,Men's Clothing,5.32,25.99,20.67,79.5,Y,https://ipimg.interestprint.com/data/product/5422/img/20260402/20260402112822322975_250x250.jpg,https://www.interestprint.com/custom/men_s_button_down_short_sleeved_polo_shirt-5422.html
410,5526,Kids Hoodie With Pocket,Kid's Clothing,5.32,16.99,11.67,68.7,Y,https://ipimg.interestprint.com/data/product/5526/img/20260420/20260420094843456378_250x250.jpg,https://www.interestprint.com/custom/kids_hoodie_with_pocket-5526.html
411,5952,Women's Crew Neck Bodycon Dress,Women's Clothing,5.33,16.99,11.66,68.6,Y,https://ipimg.interestprint.com/data/product/5952/img/20260710/20260710173649971017_250x250.jpg,https://www.interestprint.com/custom/women_s_crew_neck_bodycon_dress-5952.html
412,5789,Women's Casual Crew Neck Pleated Shirt,Women's Clothing,5.33,15.99,10.66,66.7,Y,https://ipimg.interestprint.com/data/product/5789/img/20260609/20260609112702891763_250x250.jpg,https://www.interestprint.com/custom/women_s_casual_crew_neck_pleated_shirt-5789.html
413,3945,Appliance Top Cover,Accessories,5.35,11.99,6.64,55.4,Y,https://ipimg.interestprint.com/data/product/3945/img/20241106/20241106191449672834_250x250.jpg,https://www.interestprint.com/custom/electric_shielding-3945.html
414,5912,"Peach Skin House Flag 24"" x 36"" (One Side) | Ships from USA",U.S. Fulfillment,5.39,15.99,10.6,66.3,Y,https://ipimg.interestprint.com/data/product/5912/img/20260702/20260702163010075942_250x250.jpg,https://www.interestprint.com/custom/peach_skin_house_flag_24_x_36_one_side_ships_from_usa-5912.html
415,5114,"Art Print 20""x16""  | Ships from USA",U.S. Fulfillment,5.39,22.99,17.6,76.6,Y,https://ipimg.interestprint.com/data/product/5114/img/20260109/20260109015607846771_250x250.jpg,https://www.interestprint.com/custom/art_print_20_x16-5114.html
416,5091,"Art Print 16""x20""  | Ships from USA",U.S. Fulfillment,5.39,22.99,17.6,76.6,Y,https://ipimg.interestprint.com/data/product/5091/img/20260109/20260109072155649678_250x250.jpg,https://www.interestprint.com/custom/art_print_16_x20-5091.html
417,4171,"Thin Christmas Tree Skirt 36"" x 36""",Home Decor,5.39,15.99,10.6,66.3,Y,https://ipimg.interestprint.com/data/product/4171/img/20250212/20250212231620058544_250x250.jpg,https://www.interestprint.com/custom/custom_thin_christmas_tree_skirt_36x36inch-4171.html
418,3033,"Peach Skin Pillowcase 20""x20"" (One Side Printing)(2 Pack)",Home Decor,5.39,15.99,10.6,66.3,Y,https://ipimg.interestprint.com/data/product/3033/img/20240320/20240320191120184462_250x250.jpg,https://www.interestprint.com/custom/custom_zippered_pillow_cases_20_x20_one_side_2_pack-3033.html
419,3285,Wooden Earrings Pendant（Love Shape）,Halloween Decor,5.4,11.99,6.59,55.0,Y,https://ipimg.interestprint.com/data/product/3285/img/20250212/20250212185437976762_250x250.jpg,https://www.interestprint.com/custom/wooden_earrings_pendant_love_shape-3285.html
420,3284,Wooden Earrings Pendant（Apricot Shape）,Halloween Decor,5.4,11.99,6.59,55.0,Y,https://ipimg.interestprint.com/data/product/3284/img/20250212/20250212185451120455_250x250.jpg,https://www.interestprint.com/custom/wooden_earrings_pendant_apricot_shape-3284.html
421,3283,Wooden Earrings Pendant（Star Shape）,Halloween Decor,5.4,11.99,6.59,55.0,Y,https://ipimg.interestprint.com/data/product/3283/img/20250212/20250212185500165674_250x250.jpg,https://www.interestprint.com/custom/wooden_earrings_pendant_start_shape-3283.html
422,4677,Table Runner,Halloween Decor,5.4,19.99,14.59,73.0,Y,https://ipimg.interestprint.com/data/product/4677/img/20250912/20250912014409802994_250x250.jpg,https://www.interestprint.com/custom/table_runner-4677.html
423,5577,Women's Off-the-Shoulder Shirt,Women's Clothing,5.4,16.99,11.59,68.2,Y,https://ipimg.interestprint.com/data/product/5577/img/20260429/20260429140858757853_250x250.jpg,https://www.interestprint.com/custom/women_s_off_the_shoulder_shirt-5577.html
424,3777,Men's Short Sleeve T-shirt,Men's Clothing,5.4,15.99,10.59,66.2,Y,https://ipimg.interestprint.com/data/product/3777/img/20240827/20240827194609602011_250x250.jpg,https://www.interestprint.com/custom/men_s_short_sleeve_t_shirt-3777.html
425,4678,Table Runner with Tassels (200x33 cm),Home Decor,5.4,21.99,16.59,75.4,Y,https://ipimg.interestprint.com/data/product/4678/img/20250912/20250912014923218120_250x250.jpg,https://www.interestprint.com/custom/table_runner_with_tassels_200x33_cm-4678.html
426,4299,Arm Sleeves,Accessories,5.4,19.99,14.59,73.0,Y,https://ipimg.interestprint.com/data/product/4299/img/20250417/20250417204245961325_250x250.jpg,https://www.interestprint.com/custom/cooling_compression_arm_sleeves-4299.html
427,3953,Eyeglass Cases,Accessories,5.4,9.99,4.59,45.9,Y,https://ipimg.interestprint.com/data/product/3953/img/20241106/20241106191204462217_250x250.jpg,https://www.interestprint.com/custom/eyeglass_cases-3953.html
428,3650,Golf Ball (Two Side Print),Accessories,5.4,10.99,5.59,50.9,Y,https://ipimg.interestprint.com/data/product/3650/img/20240715/20240715224616378732_250x250.jpg,https://www.interestprint.com/custom/golf_ball_two_side_print-3650.html
429,3636,Stretch Apple Watch Band,Accessories,5.4,10.99,5.59,50.9,Y,https://ipimg.interestprint.com/data/product/3636/img/20240715/20240715003530405949_250x250.jpg,https://www.interestprint.com/custom/stretch_apple_watch_band-3636.html
430,3087,Wooden Earrings Pendant,Accessories,5.4,11.99,6.59,55.0,Y,https://ipimg.interestprint.com/data/product/3087/img/20250212/20250212185513011222_250x250.jpg,https://www.interestprint.com/custom/wooden_earrings_pendant-3087.html
431,3214,Car Pendant,Accessories,5.4,11.99,6.59,55.0,Y,https://ipimg.interestprint.com/data/product/3214/img/20240417/20240417002538161209_250x250.jpg,https://www.interestprint.com/custom/car_pendant-3214.html
432,4240,"Custom Frame Canvas Print 10""x8""（Vertical）",Wall Art,5.4,15.99,10.59,66.2,Y,https://ipimg.interestprint.com/data/product/4240/img/20250321/20250321013823975975_250x250.jpg,https://www.interestprint.com/custom/custom_frame_canvas_print_8_x10_vertical-4240.html
433,4231,"Custom Frame Canvas Print 8""x10""（Horizontal）",Wall Art,5.4,15.99,10.59,66.2,Y,https://ipimg.interestprint.com/data/product/4231/img/20250321/20250321013718218455_250x250.jpg,https://www.interestprint.com/custom/wall_art-4231.html
434,4151,"Diamond Painting 12""×16""(Vertical)",Wall Art,5.4,11.99,6.59,55.0,Y,https://ipimg.interestprint.com/data/product/4151/img/20250125/20250125165249830026_250x250.jpg,https://www.interestprint.com/custom/glitter_diy_canvas_wall_art_12_16-4151.html
435,4148,"Diamond Painting 16""×12""(Horizontal)",Wall Art,5.4,11.99,6.59,55.0,Y,https://ipimg.interestprint.com/data/product/4148/img/20250125/20250125165329789774_250x250.jpg,https://www.interestprint.com/custom/glitter_diy_canvas_wall_art_16_12-4148.html
436,4098,Magnetic Hanger Canvas Print,Wall Art,5.4,15.99,10.59,66.2,Y,https://ipimg.interestprint.com/data/product/4098/img/20241226/20241226215958953201_250x250.jpg,https://www.interestprint.com/custom/magnetic_hanger_canvas_print-4098.html
437,3737,Fitted All-Over Print Tank Top BK,Men's Clothing,5.43,15.99,10.56,66.0,Y,https://ipimg.interestprint.com/data/product/3737/img/20240808/20240808232709834294_250x250.jpg,https://www.interestprint.com/custom/fitted_all_over_print_tank_top-3737.html
438,4710,300-Piece Wooden Jigsaw Puzzles (Horizontal),Home Decor,5.43,20.99,15.56,74.1,Y,https://ipimg.interestprint.com/data/product/4710/img/20250918/20250918013941108410_250x250.jpg,https://www.interestprint.com/custom/300_piece_wooden_jigsaw_puzzles_horizontal-4710.html
439,4701,300-Piece Wooden Jigsaw Puzzles (Vertical),Home Decor,5.43,20.99,15.56,74.1,Y,https://ipimg.interestprint.com/data/product/4701/img/20250918/20250918023807239913_250x250.jpg,https://www.interestprint.com/custom/300_piece_wooden_jigsaw_puzzles_vertical-4701.html
440,4115,SWITCH Base Protective Case,Accessories,5.43,15.99,10.56,66.0,Y,https://ipimg.interestprint.com/data/product/4115/img/20250102/20250102230108410971_250x250.jpg,https://www.interestprint.com/custom/switch_base_protective_case-4115.html
441,3210,Car Phone Mount,Accessories,5.43,12.99,7.56,58.2,Y,https://ipimg.interestprint.com/data/product/3210/img/20240417/20240417002624505845_250x250.jpg,https://www.interestprint.com/custom/car_phone_mount-3210.html
442,4097,Metal Sign (Shield Shape),Wall Art,5.43,17.99,12.56,69.8,Y,https://ipimg.interestprint.com/data/product/4097/img/20241226/20241226220047539937_250x250.jpg,https://www.interestprint.com/custom/metal_sign_shield_shape-4097.html
443,4091,Hanging Canvas Print,Wall Art,5.43,14.99,9.56,63.8,Y,https://ipimg.interestprint.com/data/product/4091/img/20241226/20241226215945680647_250x250.jpg,https://www.interestprint.com/custom/hanging_canvas_print-4091.html
444,4006,Portable Cosmetic Bag,Mother's Day,5.45,11.99,6.54,54.5,Y,https://ipimg.interestprint.com/data/product/4006/img/20241121/20241121232751936670_250x250.jpg,https://www.interestprint.com/custom/portable_cosmetic_bag-4006.html
445,5546,Men's Short Sleeve 3-Button Henley Shirt,Women's Clothing,5.45,18.99,13.54,71.3,Y,https://ipimg.interestprint.com/data/product/5546/img/20260424/20260424150156223763_250x250.jpg,https://www.interestprint.com/custom/men_s_short_sleeve_3_button_henley_shirt-5546.html
446,5448,Women's Round Neck Short Sleeve Dress,Women's Clothing,5.45,16.99,11.54,67.9,Y,https://ipimg.interestprint.com/data/product/5448/img/20260408/20260408102055582426_250x250.jpg,https://www.interestprint.com/custom/women_s_round_neck_short_sleeve_dress-5448.html
447,5605,Children's Hoodie With Drawstring Hood,Kid's Clothing,5.45,16.99,11.54,67.9,Y,https://ipimg.interestprint.com/data/product/5605/img/20260506/20260506091646239506_250x250.jpg,https://www.interestprint.com/custom/children_s_hoodie_with_drawstring_hood-5605.html
448,5884,Women's High Waist Pleated Button Skort,Women's Clothing,5.46,16.99,11.53,67.9,Y,https://ipimg.interestprint.com/data/product/5884/img/20260626/20260626172854847578_250x250.jpg,https://www.interestprint.com/custom/women_s_high_waist_pleated_button_skort-5884.html
449,5797,Women's V-Neck Short Sleeve T-Shirt,Women's Clothing,5.46,16.99,11.53,67.9,Y,https://ipimg.interestprint.com/data/product/5797/img/20260610/20260610110858123456_250x250.jpg,https://www.interestprint.com/custom/women_s_v_neck_short_sleeve_t_shirt-5797.html
450,5768,Women’s Square Neck Asymmetrical Hem Short Sleeve T-Shirt,Women's Clothing,5.46,16.99,11.53,67.9,Y,https://ipimg.interestprint.com/data/product/5768/img/20260604/20260604134512123910_250x250.jpg,https://www.interestprint.com/custom/women_s_square_neck_asymmetrical_hem_short_sleeve_t_shirt-5768.html
451,5665,Women's Gathered Tank Top with Straps,Women's Clothing,5.46,16.99,11.53,67.9,Y,https://ipimg.interestprint.com/data/product/5665/img/20260518/20260518174716294249_250x250.jpg,https://www.interestprint.com/custom/women_s_gathered_tank_top_with_straps-5665.html
452,5607,Women's Cat Ear Hoodie With Bare Midriff,Women's Clothing,5.46,16.99,11.53,67.9,Y,https://ipimg.interestprint.com/data/product/5607/img/20260506/20260506095210549558_250x250.jpg,https://www.interestprint.com/custom/women_s_cat_ear_hoodie_with_bare_midriff-5607.html
453,5430,Big Girls' Ruffle Sleeve Crew-Neck Dress,Kid's Clothing,5.46,16.99,11.53,67.9,Y,https://ipimg.interestprint.com/data/product/5430/img/20260410/20260410151633238971_250x250.jpg,https://www.interestprint.com/custom/big_girls_ruffle_sleeve_crew_neck_dress-5430.html
454,5574,Women’s Crew Neck Short Sleeve Dress With Pocket,Women's Clothing,5.47,16.99,11.52,67.8,Y,https://ipimg.interestprint.com/data/product/5574/img/20260428/20260428142641112846_250x250.jpg,https://www.interestprint.com/custom/women_s_crew_neck_short_sleeve_dress_with_pocket-5574.html
455,4690,Custom Flag with Four Grommets (60x96 in),Home Decor,5.48,18.99,13.51,71.1,Y,https://ipimg.interestprint.com/data/product/4690/img/20250917/20250917010726326594_250x250.jpg,https://www.interestprint.com/custom/custom_flag_with_four_grommets_60x96_in-4690.html
456,5849,Pet Dress-Small,Accessories,5.48,16.99,11.51,67.7,Y,https://ipimg.interestprint.com/data/product/5849/img/20260618/20260618145131082109_250x250.jpg,https://www.interestprint.com/custom/pet_dress_small-5849.html
457,4050,Car Air Freshener (Three Pcs)(Love Form/Rhombus),Accessories,5.48,15.99,10.51,65.7,Y,https://ipimg.interestprint.com/data/product/4050/img/20241213/20241213001706506558_250x250.jpg,https://www.interestprint.com/custom/car_air_freshener_three_pcs_love_form-4050.html
458,4049,Car Air Freshener (Three Pcs)(Square),Accessories,5.48,15.99,10.51,65.7,Y,https://ipimg.interestprint.com/data/product/4049/img/20241213/20241213001652830479_250x250.jpg,https://www.interestprint.com/custom/car_air_freshener_three_pcs_square-4049.html
459,5256,New Custom Scented Candle | Ships from USA,Wedding & Party Decor,5.49,21.99,16.5,75.0,Y,https://ipimg.interestprint.com/data/product/5256/img/20260227/20260227002212929293_250x250.jpg,https://www.interestprint.com/custom/frosted_glass_candle_cup_large_size_shipped_from_usa-5256.html
460,2690,Custom Scented Candle | Ships from USA,Wedding & Party Decor,5.49,21.99,16.5,75.0,Y,https://ipimg.interestprint.com/data/product/2690/img/20260109/20260109190919766650_250x250.jpg,https://www.interestprint.com/custom/custom_scented_candle-2690.html
461,2934,Women's Custom  Socks | Ships from USA,Halloween Decor,5.49,17.99,12.5,69.5,Y,https://ipimg.interestprint.com/data/product/2934/img/20260110/20260110041439868278_250x250.jpg,https://www.interestprint.com/custom/custom_socks_for_women-2934.html
462,3308,Custom Foil Balloons (18-inch) (Pack of 5),Halloween Decor,5.49,20.99,15.5,73.8,Y,https://ipimg.interestprint.com/data/product/3308/img/20240501/20240501180444787553_250x250.jpg,https://www.interestprint.com/custom/foil_balloon_18inch_5_pack-3308.html
463,2152,"Doormat 24"" x 16""(Rubber) | Ships from USA",Halloween Decor,5.49,29.99,24.5,81.7,Y,https://ipimg.interestprint.com/data/product/2152/img/20260109/20260109180953143347_250x250.jpg,https://www.interestprint.com/custom/doormat_23_6_x15_7-2152.html
464,2707,"Polyester Peach Skin Wall Tapestry 40""x 30""  | Ships from USA",Halloween Decor,5.49,21.99,16.5,75.0,Y,https://ipimg.interestprint.com/data/product/2707/img/20260112/20260112001401025538_250x250.jpg,https://www.interestprint.com/custom/polyester_peach_skin_wall_tapestry_40_x_30-2707.html
465,5243,Custom 7cm Round Crystal Glass Ornament (Red Gift Box) | Ships from USA,Christmas Gifts,5.49,19.99,14.5,72.5,Y,https://ipimg.interestprint.com/data/product/5243/img/20260224/20260224002003875104_250x250.jpg,https://www.interestprint.com/custom/custom_7cm_round_crystal_glass_ornament_red_gift_box_ships_from_usa-5243.html
466,5713,"Envelope Pillow Case 20"" x 20"" (Two-Sided Print) | Ships from USA",U.S. Fulfillment,5.49,17.99,12.5,69.5,Y,https://ipimg.interestprint.com/data/product/5713/img/20260525/20260525152839449976_250x250.jpg,https://www.interestprint.com/custom/envelope_pillow_case_20_x_20_two_sided_print_ships_from_usa-5713.html
467,5626,Custom Luggage Tag | Ships from USA,U.S. Fulfillment,5.49,16.99,11.5,67.7,Y,https://ipimg.interestprint.com/data/product/5626/img/20260508/20260508142918436486_250x250.jpg,https://www.interestprint.com/custom/custom_luggage_tag_ships_from_usa-5626.html
468,5416,"New Polyester Peach Skin Wall Tapestry 30"" x 40"" | Ships from USA",U.S. Fulfillment,5.49,16.99,11.5,67.7,Y,https://ipimg.interestprint.com/data/product/5416/img/20260623/20260623165156750496_250x250.jpg,https://www.interestprint.com/custom/new_polyester_peach_skin_wall_tapestry_30_x_40-5416.html
469,5415,"New Polyester Peach Skin Wall Tapestry 40"" x 30"" | Ships from USA",U.S. Fulfillment,5.49,16.99,11.5,67.7,Y,https://ipimg.interestprint.com/data/product/5415/img/20260623/20260623165213559441_250x250.jpg,https://www.interestprint.com/custom/new_polyester_peach_skin_wall_tapestry_40_x_30-5415.html
470,2706,"Polyester Peach Skin Wall Tapestry 30""x 40""  | Ships from USA",U.S. Fulfillment,5.49,15.99,10.5,65.7,Y,https://ipimg.interestprint.com/data/product/2706/img/20260107/20260107230145081512_250x250.jpg,https://www.interestprint.com/custom/cotton_linen_tapestry_30_x_40-2706.html
471,777,All Over Print Adjustable Apron with Pocket for Women,Home Decor,5.49,16.99,11.5,67.7,Y,https://ipimg.interestprint.com/data/product/777/img/20231218/20231218182134725229_250x250.jpg,https://www.interestprint.com/custom/all_over_print_apron_for_women_men-777.html
472,4806,Flip Cover for iPhone 17 Pro Max,Accessories,5.49,11.99,6.5,54.2,Y,https://ipimg.interestprint.com/data/product/4806/img/20251009/20251009235440562786_250x250.jpg,https://www.interestprint.com/custom/flip_cover_for_iphone_17_pro_max-4806.html
473,4805,Flip Cover for iPhone 17 Pro,Accessories,5.49,11.99,6.5,54.2,Y,https://ipimg.interestprint.com/data/product/4805/img/20251009/20251009235622963489_250x250.jpg,https://www.interestprint.com/custom/flip_cover_for_iphone_17_pro-4805.html
474,4804,Flip Cover for iPhone 17 Air,Accessories,5.49,11.99,6.5,54.2,Y,https://ipimg.interestprint.com/data/product/4804/img/20251009/20251009235716785162_250x250.jpg,https://www.interestprint.com/custom/flip_cover_for_iphone_17_air-4804.html
475,4794,Flip Cover for iPhone 17,Accessories,5.49,11.99,6.5,54.2,Y,https://ipimg.interestprint.com/data/product/4794/img/20251010/20251010000533213030_250x250.jpg,https://www.interestprint.com/custom/flip_cover_for_iphone_17-4794.html
476,4028,Custom Scarf,Mother's Day,5.53,15.99,10.46,65.4,Y,https://ipimg.interestprint.com/data/product/4028/img/20241201/20241201210953135005_250x250.jpg,https://www.interestprint.com/custom/custom_scarf-4028.html
477,4030,Custom Wallet,Back to School,5.53,19.99,14.46,72.3,Y,https://ipimg.interestprint.com/data/product/4030/img/20241201/20241201210942936256_250x250.jpg,https://www.interestprint.com/custom/custom_wallet-4030.html
478,3977,Pencil Cosmetic Bag,Back to School,5.53,14.99,9.46,63.1,Y,https://ipimg.interestprint.com/data/product/3977/img/20241114/20241114184610000248_250x250.jpg,https://www.interestprint.com/custom/pencil_cosmetic_bag-3977.html
479,3516,Notebook Cover(A5),Back to School,5.53,10.99,5.46,49.7,Y,https://ipimg.interestprint.com/data/product/3516/img/20240619/20240619005501659744_250x250.jpg,https://www.interestprint.com/custom/notebook_cover_a5-3516.html
480,3513,Custom Bookends,Back to School,5.53,10.99,5.46,49.7,Y,https://ipimg.interestprint.com/data/product/3513/img/20240619/20240619003856031501_250x250.jpg,https://www.interestprint.com/custom/custom_bookends-3513.html
481,5503,Custom Women's Mesh T-shirt,Women's Clothing,5.53,16.99,11.46,67.5,Y,https://ipimg.interestprint.com/data/product/5503/img/20260417/20260417163820119479_250x250.jpg,https://www.interestprint.com/custom/custom_women_s_mesh_t_shirt-5503.html
482,5326,Women's Crop Rugby Jersey,Women's Clothing,5.53,29.99,24.46,81.6,Y,https://ipimg.interestprint.com/data/product/5326/img/20260309/20260309010454317205_250x250.jpg,https://www.interestprint.com/custom/women_s_crop_rugby_jersey-5326.html
483,3823,Unisex Kid's T-Shirt,Kid's Clothing,5.53,16.99,11.46,67.5,Y,https://ipimg.interestprint.com/data/product/3823/img/20240912/20240912235954907099_250x250.jpg,https://www.interestprint.com/custom/unisex_kid_s_t_shirt-3823.html
484,5957,Beach Towel 80 x 160cm,Home Decor,5.53,16.99,11.46,67.5,Y,https://ipimg.interestprint.com/data/product/5957/img/20260713/20260713162919905853_250x250.jpg,https://www.interestprint.com/custom/beach_towel_80_x_160cm-5957.html
485,4967,Oxford Square Tablecloth,Home Decor,5.53,21.99,16.46,74.9,Y,https://ipimg.interestprint.com/data/product/4967/img/20251119/20251119002857584277_250x250.jpg,https://www.interestprint.com/custom/oxford_square_tablecloth-4967.html
486,4695,All Over Print Storage Bag,Home Decor,5.53,23.99,18.46,76.9,Y,https://ipimg.interestprint.com/data/product/4695/img/20250918/20250918004219050127_250x250.jpg,https://www.interestprint.com/custom/all_over_print_storage_bag-4695.html
487,3616,Custom Sofa Cover,Home Decor,5.53,11.99,6.46,53.9,Y,https://ipimg.interestprint.com/data/product/3616/img/20240710/20240710004702661902_250x250.jpg,https://www.interestprint.com/custom/custom_sofa_cover-3616.html
488,3896,Custom Trifold Wallet,Bags,5.53,15.99,10.46,65.4,Y,https://ipimg.interestprint.com/data/product/3896/img/20241017/20241017200709496804_250x250.jpg,https://www.interestprint.com/custom/wallet-3896.html
489,3440,License Plate & Frame Set - 2 Round Holes,Accessories,5.53,13.99,8.46,60.5,Y,https://ipimg.interestprint.com/data/product/3440/img/20240604/20240604020454952765_250x250.jpg,https://www.interestprint.com/custom/license_plate-3440.html
490,3441,License Plate & Frame Set - 4 Round Holes,Accessories,5.53,13.99,8.46,60.5,Y,https://ipimg.interestprint.com/data/product/3441/img/20240604/20240604020436681208_250x250.jpg,https://www.interestprint.com/custom/license_plate_frame_set_4_round_holes-3441.html
491,3442,License Plate & Frame Set - 4 Slotted Holes,Accessories,5.53,13.99,8.46,60.5,Y,https://ipimg.interestprint.com/data/product/3442/img/20240604/20240604020420021068_250x250.jpg,https://www.interestprint.com/custom/license_plate_frame_set_4_slotted_holes-3442.html
492,5162,"Triptych Decorative Unframe 12"" × 18""",Wall Art,5.53,17.99,12.46,69.3,Y,https://ipimg.interestprint.com/data/product/5162/img/20260115/20260115233328802893_250x250.jpg,https://www.interestprint.com/custom/triptych_decorative_unframe_12_18-5162.html
493,4256,Custom Frame Canvas Print（40×30cm)(Horizontal),Wall Art,5.53,17.99,12.46,69.3,Y,https://ipimg.interestprint.com/data/product/4256/img/20250326/20250326223808791804_250x250.jpg,https://www.interestprint.com/custom/custom_frame_canvas_print_40_30cm_horizontal-4256.html
494,4248,Custom Frame Canvas Print（30×40cm)(Vertical),Wall Art,5.53,17.99,12.46,69.3,Y,https://ipimg.interestprint.com/data/product/4248/img/20250324/20250324012734432628_250x250.jpg,https://www.interestprint.com/custom/custom_frame_canvas_print_30_40cm-4248.html
495,4144,"Rusty Metal Sign(Horizontal) 11.8""×15.7""",Wall Art,5.53,12.99,7.46,57.4,Y,https://ipimg.interestprint.com/data/product/4144/img/20250121/20250121000648328078_250x250.jpg,https://www.interestprint.com/custom/metal_sign_rusty_11_8_15_7-4144.html
496,4142,Rusty Metal Sign (Vertical) 15.7‘’×11.8‘’,Wall Art,5.53,12.99,7.46,57.4,Y,https://ipimg.interestprint.com/data/product/4142/img/20250121/20250121000630668464_250x250.jpg,https://www.interestprint.com/custom/rusty_metal_sign_vertical_15_7_11_8-4142.html
497,3418,Custom Yard Sign Banner,Halloween Decor,5.54,19.99,14.45,72.3,Y,https://ipimg.interestprint.com/data/product/3418/img/20240821/20240821181251954334_250x250.jpg,https://www.interestprint.com/custom/yard_sign_banner_personalized_porch_banner-3418.html
498,2700,Custom Tumbler with Transparent Lid (20oz),Valentine's Day,5.55,23.99,18.44,76.9,Y,https://ipimg.interestprint.com/data/product/2700/img/20231218/20231218182006167656_250x250.jpg,https://www.interestprint.com/custom/20oz_tumbler-2700.html
499,3500,Sticker(BG1604005),Back to School,5.55,13.99,8.44,60.3,Y,https://ipimg.interestprint.com/data/product/3500/img/20240616/20240616185808267179_250x250.jpg,https://www.interestprint.com/custom/sticker_bg1604005-3500.html
500,5191,Women's T-Shirt (Front Printing),Women's Clothing,5.55,19.99,14.44,72.2,Y,https://ipimg.interestprint.com/data/product/5191/img/20260122/20260122232855488532_250x250.jpg,https://www.interestprint.com/custom/women_s_t_shirt_front_printing-5191.html
501,4310,Men's Short Sleeve T-shirt(Front Printing),Men's Clothing,5.55,22.99,17.44,75.9,Y,https://ipimg.interestprint.com/data/product/4310/img/20250429/20250429012548921899_250x250.jpg,https://www.interestprint.com/custom/men_s_t_shirt_front_printing-4310.html
502,6151,Girls' Ruffle Hem Nightgown,Kid's Clothing,5.55,18.99,13.44,70.8,Y,https://ipimg.interestprint.com/data/product/6151/img/20260828/20260828161940454459_250x250.jpg,https://www.interestprint.com/custom/girls_ruffle_hem_nightgown-6151.html
503,3974,Leather Key Bag,Bags,5.55,14.99,9.44,63.0,Y,https://ipimg.interestprint.com/data/product/3974/img/20241112/20241112190810392842_250x250.jpg,https://www.interestprint.com/custom/leather_key_bag-3974.html
504,5883,Women's Cropped Crew Neck Sun Protection Shirt,Women's Clothing,5.58,16.99,11.41,67.2,Y,https://ipimg.interestprint.com/data/product/5883/img/20260626/20260626172938582251_250x250.jpg,https://www.interestprint.com/custom/women_s_cropped_crew_neck_sun_protection_shirt-5883.html
505,5649,Women's Sleeveless V-Neck Tank Top,Women's Clothing,5.58,16.99,11.41,67.2,Y,https://ipimg.interestprint.com/data/product/5649/img/20260518/20260518173920927720_250x250.jpg,https://www.interestprint.com/custom/women_s_sleeveless_v_neck_tank_top-5649.html
506,5620,Women's V-Neck Short Sleeve Shirt with Pockets,Women's Clothing,5.58,16.99,11.41,67.2,Y,https://ipimg.interestprint.com/data/product/5620/img/20260508/20260508152413082665_250x250.jpg,https://www.interestprint.com/custom/women_s_v_neck_short_sleeve_shirt_with_pockets-5620.html
507,5287,Graduation Cap Photo Charm  | Ships from USA,Graduation Gifts,5.59,19.99,14.4,72.0,Y,https://ipimg.interestprint.com/data/product/5287/img/20260301/20260301212442928573_250x250.jpg,https://www.interestprint.com/custom/graduation_cap_photo_charm_ships_from_usa-5287.html
508,5296,Festival Banner 47x12inch  | Ships from USA,U.S. Fulfillment,5.59,19.99,14.4,72.0,Y,https://ipimg.interestprint.com/data/product/5296/img/20260227/20260227002758790853_250x250.jpg,https://www.interestprint.com/custom/festival_banner_47x12inch_ships_from_usa-5296.html
509,2192,High-Waisted High-Cut Bikini Bottom(ModelS07),Women's Clothing,5.59,21.99,16.4,74.6,Y,https://ipimg.interestprint.com/data/product/2192/img/20210708/20210708180226941204_250x250.jpg,https://www.interestprint.com/custom/high_waisted_high_cut_bikini_bottom_models07-2192.html
510,3586,Yoga Top (A6K),Women's Clothing,5.62,12.99,7.37,56.7,Y,https://ipimg.interestprint.com/data/product/3586/img/20240703/20240703230146257942_250x250.jpg,https://www.interestprint.com/custom/yoga_top_a6k-3586.html
511,6100,Custom Party Hats ( 3-Pack ),Wedding & Party Decor,5.69,16.99,11.3,66.5,Y,https://ipimg.interestprint.com/data/product/6100/img/20260819/20260819140859370446_250x250.jpg,https://www.interestprint.com/custom/custom_party_hats_3_pack-6100.html
512,5497,Vintage Washed Baseball Cap | Ships from USA,U.S. Fulfillment,5.69,21.99,16.3,74.1,Y,https://ipimg.interestprint.com/data/product/5497/img/20260417/20260417130624644670_250x250.jpg,https://www.interestprint.com/custom/vintage_washed_baseball_cap-5497.html
513,5146,Flannel Pillow Case 30 x 20 inch | Ships from USA,U.S. Fulfillment,5.69,16.99,11.3,66.5,Y,https://ipimg.interestprint.com/data/product/5146/img/20260111/20260111230115791017_250x250.jpg,https://www.interestprint.com/custom/flannel_pillow_case_30_x_20_inch_ships_from_usa-5146.html
514,1116,"Ultra-Soft Micro Fleece Blanket 30""x40""",Home Decor,5.69,18.99,13.3,70.0,Y,https://ipimg.interestprint.com/data/product/1116/img/20191128/20191128011346483820_250x250.jpg,https://www.interestprint.com/custom/ultra_soft_micro_fleece_blanket_30_40-1116.html
515,5991,Women's Spaghetti Strap Dress,Women's Clothing,5.7,17.99,12.29,68.3,Y,https://ipimg.interestprint.com/data/product/5991/img/20260721/20260721092951547699_250x250.jpg,https://www.interestprint.com/custom/women_s_spaghetti_strap_dress-5991.html
516,1236,Wooden Photo Puzzle(120 Pieces),Home Decor,5.7,21.99,16.29,74.1,Y,https://ipimg.interestprint.com/data/product/1236/img/20200709/20200709012059078500_250x250.jpg,https://www.interestprint.com/custom/wooden_photo_puzzle_120_pieces-1236.html
517,4330,Women's String Bikini Bottom,Women's Clothing,5.72,17.99,12.27,68.2,Y,https://ipimg.interestprint.com/data/product/4330/img/20250515/20250515010402739010_250x250.jpg,https://www.interestprint.com/custom/women_s_string_bikini_bottom-4330.html
518,4312,Women's T-Shirt (Two-Sided Printing),Women's Clothing,5.72,25.99,20.27,78.0,Y,https://ipimg.interestprint.com/data/product/4312/img/20250429/20250429012700578801_250x250.jpg,https://www.interestprint.com/custom/women_s_t_shirt_two_sides_printing-4312.html
519,3724,Women's Strap Tank Top,Women's Clothing,5.72,12.99,7.27,56.0,Y,https://ipimg.interestprint.com/data/product/3724/img/20240730/20240730015858262612_250x250.jpg,https://www.interestprint.com/custom/women_s_strap_tank_top-3724.html
520,3290,Women's Short-Sleeve V-Neck T-Shirt,Women's Clothing,5.72,14.99,9.27,61.8,Y,https://ipimg.interestprint.com/data/product/3290/img/20240429/20240429005651749266_250x250.jpg,https://www.interestprint.com/custom/women_s_short_sleeve_v_neck_t_shirt-3290.html
521,4311,Men's T-Shirt (Two-Sided Printing),Men's Clothing,5.72,24.99,19.27,77.1,Y,https://ipimg.interestprint.com/data/product/4311/img/20260708/20260708164711499250_250x250.jpg,https://www.interestprint.com/custom/men_s_t_shirt_two_sides_printing-4311.html
522,5266,Women’s V-Neck Lace Trim Camisole,Women's Clothing,5.77,19.99,14.22,71.1,Y,https://ipimg.interestprint.com/data/product/5266/img/20260211/20260211002348874247_250x250.jpg,https://www.interestprint.com/custom/women_s_v_neck_lace_trim_camisole-5266.html
523,5124,Women’s Flare Sleeve Top,Women's Clothing,5.77,25.99,20.22,77.8,Y,https://ipimg.interestprint.com/data/product/5124/img/20251231/20251231003730412285_250x250.jpg,https://www.interestprint.com/custom/women_s_flare_sleeve_top-5124.html
524,4666,Women's Knitted Vest,Women's Clothing,5.77,32.99,27.22,82.5,Y,https://ipimg.interestprint.com/data/product/4666/img/20250910/20250910014434987006_250x250.jpg,https://www.interestprint.com/custom/women_s_knitted_vest-4666.html
525,4343,Women's Sleeveless Dress,Women's Clothing,5.77,29.99,24.22,80.8,Y,https://ipimg.interestprint.com/data/product/4343/img/20250516/20250516021347308858_250x250.jpg,https://www.interestprint.com/custom/women_s_sleeveless_dress-4343.html
526,4264,Women's V-Neck T-Shirt,Women's Clothing,5.77,21.99,16.22,73.8,Y,https://ipimg.interestprint.com/data/product/4264/img/20250409/20250409202806034639_250x250.jpg,https://www.interestprint.com/custom/women_s_ice_silk_v_neck_t_shirt-4264.html
527,4403,All-Over Print Casual T-shirt,Men's Clothing,5.77,23.99,18.22,75.9,Y,https://ipimg.interestprint.com/data/product/4403/img/20250609/20250609232453657861_250x250.jpg,https://www.interestprint.com/custom/men_s_ice_silk_all_print_t_shirt-4403.html
528,4300,Baby Sleeper Gown,Kid's Clothing,5.77,21.99,16.22,73.8,Y,https://ipimg.interestprint.com/data/product/4300/img/20250420/20250420232651033641_250x250.jpg,https://www.interestprint.com/custom/baby_sleeper_gown-4300.html
529,4090,Canvas Tote Bag 32x38 cm (One Side Printing),Bags,5.77,16.99,11.22,66.0,Y,https://ipimg.interestprint.com/data/product/4090/img/20241226/20241226215903928967_250x250.jpg,https://www.interestprint.com/custom/canvas_tote_bag_32x38cm_one_sided_print-4090.html
530,4081,Portable Lunch Bag,Bags,5.77,14.99,9.22,61.5,Y,https://ipimg.interestprint.com/data/product/4081/img/20241224/20241224211534186471_250x250.jpg,https://www.interestprint.com/custom/portable_lunch_bag-4081.html
531,4060,Portable Thermal Insulation and Cold Preservation Dinner Bag,Bags,5.77,15.99,10.22,63.9,Y,https://ipimg.interestprint.com/data/product/4060/img/20241219/20241219181439939491_250x250.jpg,https://www.interestprint.com/custom/custom_lunch_bag-4060.html
532,5166,Jewelry Storage Box,Accessories,5.77,16.99,11.22,66.0,Y,https://ipimg.interestprint.com/data/product/5166/img/20260115/20260115232852571168_250x250.jpg,https://www.interestprint.com/custom/jewelry_storage_box-5166.html
533,4109,PS5 Game Console Sticker (Optical Drive Version),Accessories,5.77,15.99,10.22,63.9,Y,https://ipimg.interestprint.com/data/product/4109/img/20250102/20250102230120897638_250x250.jpg,https://www.interestprint.com/custom/ps5_game_console_sticker_optical_drive_version-4109.html
534,4108,PS5 Game Console Sticker (Digital Version),Accessories,5.77,15.99,10.22,63.9,Y,https://ipimg.interestprint.com/data/product/4108/img/20250102/20250102230129246507_250x250.jpg,https://www.interestprint.com/custom/ps5_game_console_sticker_digital_version-4108.html
535,3634,Silicone Strap,Accessories,5.77,10.99,5.22,47.5,Y,https://ipimg.interestprint.com/data/product/3634/img/20240715/20240715003621332919_250x250.jpg,https://www.interestprint.com/custom/silicone_strap-3634.html
536,4242,"Custom Frame Canvas Print 14""x11""（Vertical）",Wall Art,5.77,17.99,12.22,67.9,Y,https://ipimg.interestprint.com/data/product/4242/img/20250321/20250321013851347306_250x250.jpg,https://www.interestprint.com/custom/custom_frame_canvas_print_14_x11_vertical-4242.html
537,4237,"Custom Frame Canvas Print 11""x14""（Horizontal）",Wall Art,5.77,17.99,12.22,67.9,Y,https://ipimg.interestprint.com/data/product/4237/img/20250321/20250321013741392572_250x250.jpg,https://www.interestprint.com/custom/custom_frame_canvas_print_11_x14_horizontal-4237.html
538,5795,"Metal Tin Sign 16"" x 12"" | Ships from USA",U.S. Fulfillment,5.79,15.99,10.2,63.8,Y,https://ipimg.interestprint.com/data/product/5795/img/20260609/20260609141503339372_250x250.jpg,https://www.interestprint.com/custom/metal_tin_sign_16_x_12_ships_from_usa-5795.html
539,5794,"Metal Tin Sign 12"" x 16"" | Ships from USA",U.S. Fulfillment,5.79,15.99,10.2,63.8,Y,https://ipimg.interestprint.com/data/product/5794/img/20260609/20260609141323893281_250x250.jpg,https://www.interestprint.com/custom/metal_tin_sign_12_x_16_ships_from_usa-5794.html
540,3571,Women's Flare Pants,Women's Clothing,5.79,11.99,6.2,51.7,Y,https://ipimg.interestprint.com/data/product/3571/img/20240702/20240702195542705305_250x250.jpg,https://www.interestprint.com/custom/women_s_flare_pants-3571.html
541,4711,500-Piece Wooden Jigsaw Puzzles (Horizontal),Home Decor,5.79,25.99,20.2,77.7,Y,https://ipimg.interestprint.com/data/product/4711/img/20250918/20250918013958405479_250x250.jpg,https://www.interestprint.com/custom/500_piece_wooden_jigsaw_puzzles_horizontal-4711.html
542,4702,500-Piece Wooden Jigsaw Puzzles (Vertical),Home Decor,5.79,25.99,20.2,77.7,Y,https://ipimg.interestprint.com/data/product/4702/img/20250918/20250918013731558239_250x250.jpg,https://www.interestprint.com/custom/500_piece_wooden_jigsaw_puzzles_vertical-4702.html
543,3915,CD Collection Bag,Bags,5.79,11.99,6.2,51.7,Y,https://ipimg.interestprint.com/data/product/3915/img/20241024/20241024201525209448_250x250.jpg,https://www.interestprint.com/custom/cd_collection_bag-3915.html
544,4107,Switch Game Console Cartridge (12-Bit),Accessories,5.79,16.99,11.2,65.9,Y,https://ipimg.interestprint.com/data/product/4107/img/20250102/20250102230140104535_250x250.jpg,https://www.interestprint.com/custom/switch_game_card_box_12_slots-4107.html
545,3512,Acrylic clipboard（A4）,Back to School,5.8,10.99,5.19,47.2,Y,https://ipimg.interestprint.com/data/product/3512/img/20240619/20240619003018785145_250x250.jpg,https://www.interestprint.com/custom/acrylic_clipboard_a4-3512.html
546,4029,Tassel Scarf,Mother's Day,5.81,16.99,11.18,65.8,Y,https://ipimg.interestprint.com/data/product/4029/img/20241201/20241201210933268719_250x250.jpg,https://www.interestprint.com/custom/tassel_scarf-4029.html
547,5992,Women's Square Neck Short Sleeve Shirt With Three Buttons,Women's Clothing,5.82,18.99,13.17,69.4,Y,https://ipimg.interestprint.com/data/product/5992/img/20260721/20260721092916669384_250x250.jpg,https://www.interestprint.com/custom/women_s_square_neck_short_sleeve_shirt_with_three_buttons-5992.html
548,5731,Women's Short Sleeve Round Neck Dress,Women's Clothing,5.82,16.99,11.17,65.7,Y,https://ipimg.interestprint.com/data/product/5731/img/20260529/20260529112632036996_250x250.jpg,https://www.interestprint.com/custom/women_s_short_sleeve_round_neck_dress-5731.html
549,5630,Women's Asymmetrical V-Neck T-Shirt with Buttons,Women's Clothing,5.82,16.99,11.17,65.7,Y,https://ipimg.interestprint.com/data/product/5630/img/20260518/20260518175352484019_250x250.jpg,https://www.interestprint.com/custom/women_s_asymmetrical_v_neck_t_shirt_with_buttons-5630.html
550,5418,Women's Skater Skirt with Inner Shorts,Women's Clothing,5.82,22.99,17.17,74.7,Y,https://ipimg.interestprint.com/data/product/5418/img/20260402/20260402101017750246_250x250.jpg,https://www.interestprint.com/custom/women_s_skater_skirt_with_inner_shorts-5418.html
551,6024,Women's V Neck Metal Strap Off Shoulder Top,Women's Clothing,5.86,17.99,12.13,67.4,Y,https://ipimg.interestprint.com/data/product/6024/img/20260731/20260731095248798699_250x250.jpg,https://www.interestprint.com/custom/women_s_v_neck_metal_strap_off_shoulder_top-6024.html
552,5658,Custom Flat Brim Hat | Ships from USA,U.S. Fulfillment,5.89,16.99,11.1,65.3,Y,https://ipimg.interestprint.com/data/product/5658/img/20260514/20260514111246576065_250x250.jpg,https://www.interestprint.com/custom/custom_flat_brim_hat_ships_from_usa-5658.html
553,5657,Custom Sandwich Peak Cap | Ships from USA,U.S. Fulfillment,5.89,16.99,11.1,65.3,Y,https://ipimg.interestprint.com/data/product/5657/img/20260514/20260514143020116456_250x250.jpg,https://www.interestprint.com/custom/custom_sandwich_peak_cap_ships_from_usa-5657.html
554,5653,Washed Mesh Cap | Ships from USA,U.S. Fulfillment,5.89,16.99,11.1,65.3,Y,https://ipimg.interestprint.com/data/product/5653/img/20260514/20260514095611520436_250x250.jpg,https://www.interestprint.com/custom/washed_mesh_cap_ships_from_usa-5653.html
555,4099,PVC Wall Clock,Home Decor,5.89,19.99,14.1,70.5,Y,https://ipimg.interestprint.com/data/product/4099/img/20241226/20241226220205792021_250x250.jpg,https://www.interestprint.com/custom/pvc_wall_clock-4099.html
556,3164,Half Apron,Home Decor,5.9,11.99,6.09,50.8,Y,https://ipimg.interestprint.com/data/product/3164/img/20240406/20240406223917892903_250x250.jpg,https://www.interestprint.com/custom/half_apron-3164.html
557,5573,Women's Metal Ring Neck Sleeveless Dress,Women's Clothing,5.94,16.99,11.05,65.0,Y,https://ipimg.interestprint.com/data/product/5573/img/20260428/20260428134714032753_250x250.jpg,https://www.interestprint.com/custom/women_s_metal_ring_neck_sleeveless_dress-5573.html
558,6101,Custom Portable Lunch Bag,Bags,5.95,16.99,11.04,65.0,Y,https://ipimg.interestprint.com/data/product/6101/img/20260820/20260820150724332527_250x250.jpg,https://www.interestprint.com/custom/custom_portable_lunch_bag-6101.html
559,4887,Women's All Over Print Raglan T-shirt,Women's Clothing,5.96,22.99,17.03,74.1,Y,https://ipimg.interestprint.com/data/product/4887/img/20251027/20251027231605363381_250x250.jpg,https://www.interestprint.com/custom/women_s_all_over_print_raglan_t_shirt-4887.html
560,4843,Plus Size Drop Shoulder T-Shirt,Men's Clothing,5.96,12.99,7.03,54.1,Y,https://ipimg.interestprint.com/data/product/4843/img/20251017/20251017010017496727_250x250.jpg,https://www.interestprint.com/custom/plus_size_drop_shoulder_t_shirt-4843.html
561,3230,Long Sleeve Baby Romper,Kid's Clothing,5.96,16.99,11.03,64.9,Y,https://ipimg.interestprint.com/data/product/3230/img/20240422/20240422005048249747_250x250.jpg,https://www.interestprint.com/custom/long_sleeve_baby_romper-3230.html
562,3438,License Plate Frame - 4 Slotted Holes (Set of 2),Accessories,5.96,13.99,8.03,57.4,Y,https://ipimg.interestprint.com/data/product/3438/img/20240604/20240604020150015146_250x250.jpg,https://www.interestprint.com/custom/license_plate_frame-3438.html
563,3439,License Plate Frame - 4 Round Holes (Set of 2),Accessories,5.96,13.99,8.03,57.4,Y,https://ipimg.interestprint.com/data/product/3439/img/20240604/20240604020129603133_250x250.jpg,https://www.interestprint.com/custom/license_plate_frame-3439.html
564,3218,License Plate Frame 15.9 cm x 30.9 cm (2 Pieces),Accessories,5.96,11.99,6.03,50.3,Y,https://ipimg.interestprint.com/data/product/3218/img/20240417/20240417002522452750_250x250.jpg,https://www.interestprint.com/custom/license_plate_frame-3218.html
565,4521,Basic Backless Tube Crop Tops,Women's Clothing,5.98,19.99,14.01,70.1,Y,https://ipimg.interestprint.com/data/product/4521/img/20250716/20250716184325960787_250x250.jpg,https://www.interestprint.com/custom/custom_basic_backless_tube_crop_tops-4521.html
566,5480,"New Polyester Peach Skin Wall Tapestry 12"" x 40"" | Ships from USA",Wedding & Party Decor,5.99,17.99,12.0,66.7,Y,https://ipimg.interestprint.com/data/product/5480/img/20260416/20260416101903624252_250x250.jpg,https://www.interestprint.com/custom/new_polyester_peach_skin_wall_tapestry_12_x_40_ships_from_usa-5480.html
567,2182,"Garden Flag 12"" x 18"" (Twin Sides) | Ships from USA",Wedding & Party Decor,5.99,19.99,14.0,70.0,Y,https://ipimg.interestprint.com/data/product/2182/img/20260108/20260108011427700132_250x250.jpg,https://www.interestprint.com/custom/garden_flag_12_x18-2182.html
568,5576,Round Ceramic Ornament ( One Side ) | Ships from USA,Christmas Gifts,5.99,16.99,11.0,64.7,Y,https://ipimg.interestprint.com/data/product/5576/img/20260505/20260505154909099622_250x250.jpg,https://www.interestprint.com/custom/round_ceramic_ornament_one_side_ships_from_usa-5576.html
569,2677,"Garden Flag 12"" x 18"" (Two Sides with Different Printing) | Ships from USA",Graduation Gifts,5.99,19.99,14.0,70.0,Y,https://ipimg.interestprint.com/data/product/2677/img/20260520/20260520140630450894_250x250.jpg,https://www.interestprint.com/custom/garden_12x_18_inch-2677.html
570,5563,Custom Women's Sexy Bikini Set （Model S01）,Summer Holiday,5.99,16.99,11.0,64.7,Y,https://ipimg.interestprint.com/data/product/5563/img/20260427/20260427133636133946_250x250.jpg,https://www.interestprint.com/custom/custom_women_s_sexy_bikini_set_model_s01-5563.html
571,5565,Custom Women‘s High Waist Bikini Set ( Model S07),Summer Holiday,5.99,16.99,11.0,64.7,Y,https://ipimg.interestprint.com/data/product/5565/img/20260427/20260427150232757129_250x250.jpg,https://www.interestprint.com/custom/custom_women_s_high_waist_bikini_set_model_s07-5565.html
572,6149,Custom Pin Badge ( 37mm ) | Ships from USA,U.S. Fulfillment,5.99,17.99,12.0,66.7,Y,https://ipimg.interestprint.com/data/product/6149/img/20260828/20260828162036549817_250x250.jpg,https://www.interestprint.com/custom/custom_pin_badge_37mm_ships_from_usa-6149.html
573,6004,Stair Tread Mat ( 1 Piece ) | Ships from USA,U.S. Fulfillment,5.99,16.99,11.0,64.7,Y,https://ipimg.interestprint.com/data/product/6004/img/20260723/20260723160845036599_250x250.jpg,https://www.interestprint.com/custom/stair_tread_mat_1_piece_ships_from_usa-6004.html
574,5760,Custom Crew Socks | Ships from USA,U.S. Fulfillment,5.99,15.99,10.0,62.5,Y,https://ipimg.interestprint.com/data/product/5760/img/20260602/20260602170729162687_250x250.jpg,https://www.interestprint.com/custom/custom_crew_socks_ships_from_usa-5760.html
575,5069,Cosmetic Bag (DTF)(22.5*17.5CM)(3-Pack) | Ships from USA,U.S. Fulfillment,5.99,16.99,11.0,64.7,Y,https://ipimg.interestprint.com/data/product/5069/img/20260110/20260110032018834491_250x250.jpg,https://www.interestprint.com/custom/cosmetic_bag_dtf_22_5_17_5cm_3_pack-5069.html
576,4914,Pet Feeding Mat 40x30cm | Ships from USA,U.S. Fulfillment,5.99,19.99,14.0,70.0,Y,https://ipimg.interestprint.com/data/product/4914/img/20260110/20260110033234762566_250x250.jpg,https://www.interestprint.com/custom/pet_feeding_mat_40x30cm-4914.html
577,4892,300-Piece Jigsaw Puzzle (Horizontal) | Ships from USA,U.S. Fulfillment,5.99,15.99,10.0,62.5,Y,https://ipimg.interestprint.com/data/product/4892/img/20260311/20260311181515624696_250x250.jpg,https://www.interestprint.com/custom/300_piece_jigsaw_puzzles_horizontal_made_in_usa-4892.html
578,4878,Sandwich Peak Cap | Ships from USA,U.S. Fulfillment,5.99,23.99,18.0,75.0,Y,https://ipimg.interestprint.com/data/product/4878/img/20260109/20260109001344861674_250x250.jpg,https://www.interestprint.com/custom/sandwich_peak_cap-4878.html
579,4772,Chair Cover | Ships from USA,U.S. Fulfillment,5.99,23.99,18.0,75.0,Y,https://ipimg.interestprint.com/data/product/4772/img/20260109/20260109222538154857_250x250.jpg,https://www.interestprint.com/custom/chair_cover-4772.html
580,4649,"Ultra-Soft Micro Fleece Blanket 30"" x  40"" | Ships from USA",U.S. Fulfillment,5.99,19.99,14.0,70.0,Y,https://ipimg.interestprint.com/data/product/4649/img/20250829/20250829005449591992_250x250.jpg,https://www.interestprint.com/custom/ultra_soft_micro_fleece_blanket_30_x_40-4649.html
581,4254,Short Window Curtain 60x18inch | Ships from USA,U.S. Fulfillment,5.99,25.99,20.0,77.0,Y,https://ipimg.interestprint.com/data/product/4254/img/20260109/20260109183501760783_250x250.jpg,https://www.interestprint.com/custom/short_window_curtain_60x18inch-4254.html
582,4215,"Custom Rectangle Mousepad 23.6"" x 13.8""(with Stitched Edges) | Ships from USA",U.S. Fulfillment,5.99,28.99,23.0,79.3,Y,https://ipimg.interestprint.com/data/product/4215/img/20260110/20260110052218035585_250x250.jpg,https://www.interestprint.com/custom/custom_rectangle_mousepad_23_6_x_13_8_with_stitched_edges-4215.html
583,4183,31x20 Inch Area Rug with Black Binding | Ships from USA,U.S. Fulfillment,5.99,28.99,23.0,79.3,Y,https://ipimg.interestprint.com/data/product/4183/img/20260110/20260110052823354338_250x250.jpg,https://www.interestprint.com/custom/custom_area_rug_with_black_binding_31x20inch_us02-4183.html
584,2708,"Cotton Linen Wall Tapestry 30""x 40"" | Ships from USA",U.S. Fulfillment,5.99,20.99,15.0,71.5,Y,https://ipimg.interestprint.com/data/product/2708/img/20260624/20260624175140095390_250x250.jpg,https://www.interestprint.com/custom/cotton_linen_tapestry_30_x_40-2708.html
585,2709,"Cotton Linen Wall Tapestry 40""x 30"" | Ships from USA",U.S. Fulfillment,5.99,20.99,15.0,71.5,Y,https://ipimg.interestprint.com/data/product/2709/img/20260624/20260624175120726807_250x250.jpg,https://www.interestprint.com/custom/cotton_linen_wall_tapestry_40_x_30-2709.html
586,5861,Custom Engraved Tape Measure,Personalized Product,5.99,18.99,13.0,68.5,,https://ipimg.interestprint.com/data/product/5861/img/20260625/20260625095610798693_250x250.jpg,https://www.interestprint.com/custom/custom_engraved_tape_measure-5861.html
587,2191,Sport Bikini Top (ModelS07),Women's Clothing,5.99,22.99,17.0,73.9,Y,https://ipimg.interestprint.com/data/product/2191/img/20210708/20210708175319894497_250x250.jpg,https://www.interestprint.com/custom/sport_bikini_top_s07-2191.html
588,6176,Round Floor Mat,Home Decor,5.99,19.99,14.0,70.0,Y,https://ipimg.interestprint.com/data/product/6176/img/20260903/20260903151310917265_250x250.jpg,https://www.interestprint.com/custom/round_floor_mat-6176.html
589,5350,Festival Banner 71x24inch,Home Decor,5.99,21.99,16.0,72.8,Y,https://ipimg.interestprint.com/data/product/5350/img/20260311/20260311231531125369_250x250.jpg,https://www.interestprint.com/custom/festival_banner_71x24inch-5350.html
590,5982,Insulated Zipper Lunch Bag (Model 1720),Bags,5.99,18.99,13.0,68.5,Y,https://ipimg.interestprint.com/data/product/5982/img/20260717/20260717103358390243_250x250.jpg,https://www.interestprint.com/custom/insulated_zipper_lunch_bag_model_1720-5982.html
591,683,Slim Clutch Bag (Model 1668),Bags,5.99,29.99,24.0,80.0,Y,https://ipimg.interestprint.com/data/product/683/img/20171025/20171025002412740423_250x250.jpg,https://www.interestprint.com/custom/slim_clutch_bag_model_1668-683.html
592,5478,Custom Unisex Leather Strap Watch,Accessories,5.99,17.99,12.0,66.7,Y,https://ipimg.interestprint.com/data/product/5478/img/20260417/20260417100046885039_250x250.jpg,https://www.interestprint.com/custom/custom_unisex_leather_strap_watch-5478.html
593,5477,Custom Women's Magnetic Strap Watch,Accessories,5.99,17.99,12.0,66.7,Y,https://ipimg.interestprint.com/data/product/5477/img/20260417/20260417094555966427_250x250.jpg,https://www.interestprint.com/custom/custom_women_s_magnetic_strap_watch-5477.html
594,5475,Custom Classic Leather Strap Watch (019),Accessories,5.99,17.99,12.0,66.7,Y,https://ipimg.interestprint.com/data/product/5475/img/20260416/20260416170106846930_250x250.jpg,https://www.interestprint.com/custom/custom_classic_leather_strap_watch_019-5475.html
595,1071,"Car Seat Belt Cover 7"" x 8.5""",Accessories,5.99,19.99,14.0,70.0,Y,https://ipimg.interestprint.com/data/product/1071/img/20190829/20190829033449785397_250x250.jpg,https://www.interestprint.com/custom/car_seat_belt_cover_7_8_5_inch-1071.html
596,6110,"Black Framed Art Print 12"" × 18""",Wall Art,5.99,18.99,13.0,68.5,Y,https://ipimg.interestprint.com/data/product/6110/img/20260821/20260821094525371499_250x250.jpg,https://www.interestprint.com/custom/black_framed_art_print_12_18-6110.html
597,225,Classic Men's T-shirt (USA Size) (Model T02),Men's Clothing,6.0,26.99,20.99,77.8,Y,https://ipimg.interestprint.com/data/product/225/img/20240414/20240414183824091922_250x250.jpg,https://www.interestprint.com/custom/men_s_t_shirt_usa_size-225.html
598,553,Special Lightweight Shopping Tote Bag (Model 1660),Bags,6.0,17.99,11.99,66.6,Y,https://ipimg.interestprint.com/data/product/553/img/20170412/20170412195000451420_250x250.jpg,https://www.interestprint.com/custom/special_lightweight_shopping_tote_bag_model_1660-553.html
599,4484,Women's Bodycon Cami Dress,Women's Clothing,6.01,31.99,25.98,81.2,Y,https://ipimg.interestprint.com/data/product/4484/img/20250710/20250710200222002489_250x250.jpg,https://www.interestprint.com/custom/women_s_bodycon_cami_dress-4484.html
600,4483,Women's V-Neck Batwing Sleeve T-Shirt,Women's Clothing,6.01,29.99,23.98,80.0,Y,https://ipimg.interestprint.com/data/product/4483/img/20250710/20250710200157654322_250x250.jpg,https://www.interestprint.com/custom/women_s_v_neck_batwing_sleeve_t_shirt-4483.html
601,3625,Sexy Thongs (SDS2005),Women's Clothing,6.01,12.99,6.98,53.7,Y,https://ipimg.interestprint.com/data/product/3625/img/20240710/20240710233036811531_250x250.jpg,https://www.interestprint.com/custom/sexy_thongs-3625.html
602,3597,T-Back Bikini (NZ207),Women's Clothing,6.01,12.99,6.98,53.7,Y,https://ipimg.interestprint.com/data/product/3597/img/20240707/20240707232605518801_250x250.jpg,https://www.interestprint.com/custom/t_back_bikini_nz207-3597.html
603,3234,Children's Short Sleeve Dress,Kid's Clothing,6.01,15.99,9.98,62.4,Y,https://ipimg.interestprint.com/data/product/3234/img/20240422/20240422004932851548_250x250.jpg,https://www.interestprint.com/custom/children_s_short_sleeve_dress-3234.html
604,4136,Switch Game Console Cassette Box (24-bit),Accessories,6.01,17.99,11.98,66.6,Y,https://ipimg.interestprint.com/data/product/4136/img/20250116/20250116191144232263_250x250.jpg,https://www.interestprint.com/custom/switch_game_card_box_24_slots-4136.html
605,4133,Folding Mobile Phone Holder,Accessories,6.01,12.99,6.98,53.7,Y,https://ipimg.interestprint.com/data/product/4133/img/20250116/20250116191059061560_250x250.jpg,https://www.interestprint.com/custom/folding_mobile_phone_holder-4133.html
606,3437,All Over Print Knit Cap,Accessories,6.01,13.99,7.98,57.0,Y,https://ipimg.interestprint.com/data/product/3437/img/20240604/20240604020254271759_250x250.jpg,https://www.interestprint.com/custom/all_over_print_knit_cap-3437.html
607,3490,Short Sleeve Dress (NZ003),Women's Clothing,6.04,15.99,9.95,62.2,Y,https://ipimg.interestprint.com/data/product/3490/img/20240614/20240614011841810742_250x250.jpg,https://www.interestprint.com/custom/short_sleeve_dress-3490.html
608,3317,Men's Lightweight Long Sleeve T-shirt EL,Men's Clothing,6.04,14.99,8.95,59.7,Y,https://ipimg.interestprint.com/data/product/3317/img/20240502/20240502000224137810_250x250.jpg,https://www.interestprint.com/custom/men_s_lightweight_long_sleeve_t_shirt_el-3317.html
609,4639,Custom Linen Pillow Case 18x18 Inch (One Side Printing) (Set of 4),Home Decor,6.04,25.99,19.95,76.8,Y,https://ipimg.interestprint.com/data/product/4639/img/20250827/20250827020046110085_250x250.jpg,https://www.interestprint.com/custom/custom_linen_pillow_case_18x18_inch_one_side_printing_set_of_4-4639.html
610,5681,Women's V-Neck Short Sleeve Waist Dress,Women's Clothing,6.06,18.99,12.93,68.1,Y,https://ipimg.interestprint.com/data/product/5681/img/20260520/20260520175017311334_250x250.jpg,https://www.interestprint.com/custom/women_s_v_neck_short_sleeve_waist_dress-5681.html
611,5465,Children's Hooded Sweatshirt with Front Pocket,Kid's Clothing,6.06,18.99,12.93,68.1,Y,https://ipimg.interestprint.com/data/product/5465/img/20260413/20260413152723958114_250x250.jpg,https://www.interestprint.com/custom/children_s_hooded_sweatshirt_with_pocket-5465.html
612,4694,Adult Apron-Ordinary With Pocket,Home Decor,6.06,19.99,13.93,69.7,Y,https://ipimg.interestprint.com/data/product/4694/img/20250918/20250918004205879845_250x250.jpg,https://www.interestprint.com/custom/adult_apron_ordinary_with_pocket-4694.html
613,5596,Personalized Lapel Pin ( One Image ),Graduation Gifts,6.09,16.99,10.9,64.2,,https://ipimg.interestprint.com/data/product/5596/img/20260514/20260514164600092562_250x250.jpg,https://www.interestprint.com/custom/personalized_lapel_pin_one_image-5596.html
614,2900,Snapback Hat,Accessories,6.11,19.99,13.88,69.4,Y,https://ipimg.interestprint.com/data/product/2900/img/20231010/20231010181819044343_250x250.jpg,https://www.interestprint.com/custom/snapback_hat-2900.html
615,2899,Dad Cap,Accessories,6.11,19.99,13.88,69.4,Y,https://ipimg.interestprint.com/data/product/2899/img/20240130/20240130184944396467_250x250.jpg,https://www.interestprint.com/custom/dad_cap-2899.html
616,5140,Long Sleeve Mesh Top,Women's Clothing,6.13,19.99,13.86,69.3,Y,https://ipimg.interestprint.com/data/product/5140/img/20260113/20260113211839817850_250x250.jpg,https://www.interestprint.com/custom/long_sleeve_mesh_top-5140.html
617,3076,Cheerleading Uniform (LYQ63),Women's Clothing,6.13,19.99,13.86,69.3,Y,https://ipimg.interestprint.com/data/product/3076/img/20240328/20240328183840728715_250x250.jpg,https://www.interestprint.com/custom/cheerleading_uniform-3076.html
618,4637,Custom Linen Pillow Case 18x18 Inch (Two-Side Printing) (Set of 4),Home Decor,6.15,25.99,19.84,76.3,Y,https://ipimg.interestprint.com/data/product/4637/img/20250827/20250827015951945871_250x250.jpg,https://www.interestprint.com/custom/custom_linen_pillow_case_18x18_inch_two_side_printing_set_of_3-4637.html
619,3815,Christmas Balls,Christmas Gifts,6.18,18.99,12.81,67.5,Y,https://ipimg.interestprint.com/data/product/3815/img/20240918/20240918230500626280_250x250.jpg,https://www.interestprint.com/custom/christmas_balls-3815.html
620,5997,Women's Crisscross V Neck Short Sleeve Shirt,Women's Clothing,6.18,19.99,13.81,69.1,Y,https://ipimg.interestprint.com/data/product/5997/img/20260722/20260722090125972340_250x250.jpg,https://www.interestprint.com/custom/women_s_crisscross_v_neck_short_sleeve_shirt-5997.html
621,5638,Women's Crew Neck Short Sleeve Top with Buttons,Women's Clothing,6.18,18.99,12.81,67.5,Y,https://ipimg.interestprint.com/data/product/5638/img/20260518/20260518175116469341_250x250.jpg,https://www.interestprint.com/custom/women_s_crew_neck_short_sleeve_top_with_buttons-5638.html
622,5619,Women's V-Neck Long Sleeve Shirt with Buttons,Women's Clothing,6.18,18.99,12.81,67.5,Y,https://ipimg.interestprint.com/data/product/5619/img/20260518/20260518175836249084_250x250.jpg,https://www.interestprint.com/custom/women_s_v_neck_long_sleeve_shirt_with_buttons-5619.html
623,5947,Men's Plus Size Drawstring Beach Shorts,Men's Clothing,6.18,18.99,12.81,67.5,Y,https://ipimg.interestprint.com/data/product/5947/img/20260710/20260710095040533727_250x250.jpg,https://www.interestprint.com/custom/men_s_plus_size_drawstring_beach_shorts-5947.html
624,4830,Fireplace Mantel Scarf | Ships from USA,Christmas Gifts,6.19,25.99,19.8,76.2,Y,https://ipimg.interestprint.com/data/product/4830/img/20260107/20260107234340480766_250x250.jpg,https://www.interestprint.com/custom/fireplace_mantel_scarf-4830.html
625,25,Men's Leather Wallet (Model 1612),Father's Day,6.19,34.99,28.8,82.3,Y,https://ipimg.interestprint.com/data/product/25/img/20150603/20150603180145222377_250x250.jpg,https://www.interestprint.com/custom/leather_wallet-25.html
626,4681,Sexy Halter Bikini Top (Front Buckle) (Model S08),Women's Clothing,6.19,18.99,12.8,67.4,Y,https://ipimg.interestprint.com/data/product/4681/img/20250911/20250911230620700867_250x250.jpg,https://www.interestprint.com/custom/sexy_halter_bikini_top_front_buckle_model_s08-4681.html
627,4647,All-Over Print Women's Cotton Underwear,All-Over Cotton Collection,6.21,25.99,19.78,76.1,Y,https://ipimg.interestprint.com/data/product/4647/img/20250902/20250902004629694688_250x250.jpg,https://www.interestprint.com/custom/all_over_print_women_s_cotton_underwear-4647.html
628,3171,Anti-Glare A-line Skirt With Pocket,Women's Clothing,6.21,15.99,9.78,61.2,Y,https://ipimg.interestprint.com/data/product/3171/img/20240408/20240408021347023107_250x250.jpg,https://www.interestprint.com/custom/anti_glare_a_line_skirt_with_pocket-3171.html
629,3830,Custom Christmas Snowman Wood Sign,Home Decor,6.21,15.99,9.78,61.2,Y,https://ipimg.interestprint.com/data/product/3830/img/20240919/20240919192430845800_250x250.jpg,https://www.interestprint.com/custom/custom_christmas_snowmand_wood_sign-3830.html
630,5850,Pet Dress-Large,Accessories,6.21,18.99,12.78,67.3,Y,https://ipimg.interestprint.com/data/product/5850/img/20260618/20260618145112863024_250x250.jpg,https://www.interestprint.com/custom/pet_dress_large-5850.html
631,3939,Nail Stickers (Pack of 5),Accessories,6.21,17.99,11.78,65.5,Y,https://ipimg.interestprint.com/data/product/3939/img/20241031/20241031184043418448_250x250.jpg,https://www.interestprint.com/custom/nail_stickers-3939.html
632,3603,Pet Shirt (LM027),Accessories,6.21,14.99,8.78,58.6,Y,https://ipimg.interestprint.com/data/product/3603/img/20240709/20240709000844844535_250x250.jpg,https://www.interestprint.com/custom/pet_shirt_lm027-3603.html
633,6020,Custom  Colored Glass Ornament,Home Decor,6.22,18.99,12.77,67.2,Y,https://ipimg.interestprint.com/data/product/6020/img/20260728/20260728161523736224_250x250.jpg,https://www.interestprint.com/custom/custom_colored_glass_ornament-6020.html
634,1445,Personalized Engraved Photo Heart Keychain,Valentine's Day,6.23,24.99,18.76,75.1,,https://ipimg.interestprint.com/data/product/1445/img/20210324/20210324022926033816_250x250.jpg,https://www.interestprint.com/custom/personalised_engraved_photo_heart_keychain-1445.html
635,4255,Halloween Candy Bag,Halloween Decor,6.25,25.99,19.74,76.0,Y,https://ipimg.interestprint.com/data/product/4255/img/20250326/20250326223753029957_250x250.jpg,https://www.interestprint.com/custom/halloween_candy_bags-4255.html
636,4339,All Over Print Nightgown,Women's Clothing,6.25,22.99,16.74,72.8,Y,https://ipimg.interestprint.com/data/product/4339/img/20250516/20250516021337960667_250x250.jpg,https://www.interestprint.com/custom/all_over_print_nightgown-4339.html
637,3859,Youth Pants,Kid's Clothing,6.25,14.99,8.74,58.3,Y,https://ipimg.interestprint.com/data/product/3859/img/20240926/20240926233921729506_250x250.jpg,https://www.interestprint.com/custom/youth_pants-3859.html
638,3840,Teen Board Shorts,Kid's Clothing,6.25,15.99,9.74,60.9,Y,https://ipimg.interestprint.com/data/product/3840/img/20240925/20240925195137325776_250x250.jpg,https://www.interestprint.com/custom/teen_board_shorts-3840.html
639,3521,Kids Soccer Jersey,Kid's Clothing,6.25,16.99,10.74,63.2,Y,https://ipimg.interestprint.com/data/product/3521/img/20240619/20240619234930980307_250x250.jpg,https://www.interestprint.com/custom/kids_soccer_jersey-3521.html
640,4673,Laundry Basket(44x35 cm),Home Decor,6.25,21.99,15.74,71.6,Y,https://ipimg.interestprint.com/data/product/4673/img/20250912/20250912014951836391_250x250.jpg,https://www.interestprint.com/custom/laundry_basket-4673.html
641,3806,Custom Photo Acrylic Hanger Ornament,Home Decor,6.25,11.99,5.74,47.9,Y,https://ipimg.interestprint.com/data/product/3806/img/20240909/20240909003731329449_250x250.jpg,https://www.interestprint.com/custom/custom_photo_acrylic_hanger_ornament-3806.html
642,4652,All Over Print Wallet,Bags,6.25,21.99,15.74,71.6,Y,https://ipimg.interestprint.com/data/product/4652/img/20250902/20250902001950375427_250x250.jpg,https://www.interestprint.com/custom/all_over_print_wallet-4652.html
643,4089,Canvas Tote Bag 32x38 cm (Two-Sided Printing),Bags,6.25,17.99,11.74,65.3,Y,https://ipimg.interestprint.com/data/product/4089/img/20241226/20241226215847663811_250x250.jpg,https://www.interestprint.com/custom/canvas_tote_bag_32x38_cm_two_sided_printing-4089.html
644,4059,Meal Bag,Bags,6.25,15.99,9.74,60.9,Y,https://ipimg.interestprint.com/data/product/4059/img/20241219/20241219181431383415_250x250.jpg,https://www.interestprint.com/custom/meal_bag-4059.html
645,4243,"Custom Frame Canvas Print 17""x11""（Vertical）",Wall Art,6.25,18.99,12.74,67.1,Y,https://ipimg.interestprint.com/data/product/4243/img/20250321/20250321013907899686_250x250.jpg,https://www.interestprint.com/custom/custom_frame_canvas_print_17_x11_vertical-4243.html
646,4238,"Custom Frame Canvas Print 11""x17""（Horizontal）",Wall Art,6.25,18.99,12.74,67.1,Y,https://ipimg.interestprint.com/data/product/4238/img/20250321/20250321013757281571_250x250.jpg,https://www.interestprint.com/custom/custom_frame_canvas_print_11_x17_horizontal-4238.html
647,5809,High Neck Long Sleeved Mesh Top,Women's Clothing,6.26,18.99,12.73,67.0,Y,https://ipimg.interestprint.com/data/product/5809/img/20260610/20260610161520865029_250x250.jpg,https://www.interestprint.com/custom/high_neck_long_sleeved_mesh_top-5809.html
648,5655,Custom Women's High-Waist Legging,Women's Clothing,6.26,18.99,12.73,67.0,Y,https://ipimg.interestprint.com/data/product/5655/img/20260514/20260514111659720705_250x250.jpg,https://www.interestprint.com/custom/custom_women_s_high_waist_legging-5655.html
649,5704,Custom Shape Floor Mat 50 x 80cm,Home Decor,6.26,18.99,12.73,67.0,Y,https://ipimg.interestprint.com/data/product/5704/img/20260522/20260522143953127075_250x250.jpg,https://www.interestprint.com/custom/custom_shape_floor_mat_50_x_80cm-5704.html
650,3419,Personalized Backdrop,Home Decor,6.26,21.99,15.73,71.5,Y,https://ipimg.interestprint.com/data/product/3419/img/20240602/20240602235240304678_250x250.jpg,https://www.interestprint.com/custom/personalized_backdrop-3419.html
651,6001,Women's Loose Crew Neck Side Split Top,Women's Clothing,6.27,18.99,12.72,67.0,Y,https://ipimg.interestprint.com/data/product/6001/img/20260724/20260724091630027345_250x250.jpg,https://www.interestprint.com/custom/women_s_loose_crew_neck_side_split_top-6001.html
652,4971,Fanny Pack,Bags,6.28,26.99,20.71,76.7,Y,https://ipimg.interestprint.com/data/product/4971/img/20251119/20251119002814307076_250x250.jpg,https://www.interestprint.com/custom/fanny_pack-4971.html
653,4245,"Custom Frame Canvas Print 12""x12""（Square）",Wall Art,6.28,15.99,9.71,60.7,Y,https://ipimg.interestprint.com/data/product/4245/img/20250324/20250324012653371271_250x250.jpg,https://www.interestprint.com/custom/custom_frame_canvas_print_12_x12_square-4245.html
654,5227,"Cotton Linen Wall Tapestry 12""x 40"" | Ships from USA",Wedding & Party Decor,6.29,25.99,19.7,75.8,Y,https://ipimg.interestprint.com/data/product/5227/img/20260128/20260128181224527750_250x250.jpg,https://www.interestprint.com/custom/cotton_linen_wall_tapestry_12_x_40_ships_from_usa-5227.html
655,5593,Personalized Graduation Photo Pin（Two Images）,Graduation Gifts,6.29,19.99,13.7,68.5,,https://ipimg.interestprint.com/data/product/5593/img/20260514/20260514162646267152_250x250.jpg,https://www.interestprint.com/custom/personalized_graduation_photo_pin-5593.html
656,5597,Personalized Lapel Pin（Two Images）,Graduation Gifts,6.29,19.99,13.7,68.5,,https://ipimg.interestprint.com/data/product/5597/img/20260514/20260514160127100806_250x250.jpg,https://www.interestprint.com/custom/personalized_lapel_pin_two_images-5597.html
657,5830,Custom Photo Charm Brooch | Ships from USA,U.S. Fulfillment,6.29,19.99,13.7,68.5,Y,https://ipimg.interestprint.com/data/product/5830/img/20260616/20260616150045899285_250x250.jpg,https://www.interestprint.com/custom/custom_photo_charm_brooch_ships_from_usa-5830.html
658,4172,Round Metal Sign | Ships from USA,U.S. Fulfillment,6.29,18.99,12.7,66.9,Y,https://ipimg.interestprint.com/data/product/4172/img/20260107/20260107222408665592_250x250.jpg,https://www.interestprint.com/custom/custom_round_metal_sign-4172.html
659,4139,Cotton Tote Bag (One Side Printing) | Ships from USA,U.S. Fulfillment,6.29,22.99,16.7,72.6,Y,https://ipimg.interestprint.com/data/product/4139/img/20260427/20260427103311342019_250x250.jpg,https://www.interestprint.com/custom/cotton_tote_bag_one_side_printing-4139.html
660,5659,Women's Ribbed V-Neck Short Sleeve T-Shirt,Women's Clothing,6.3,18.99,12.69,66.8,Y,https://ipimg.interestprint.com/data/product/5659/img/20260518/20260518174039593851_250x250.jpg,https://www.interestprint.com/custom/women_s_ribbed_v_neck_short_sleeve_t_shirt-5659.html
661,5413,Women's V Neck Criss-Cross Ruched Sleeveless Dress with Pockets,Women's Clothing,6.3,25.99,19.69,75.8,Y,https://ipimg.interestprint.com/data/product/5413/img/20260409/20260409111044303085_250x250.jpg,https://www.interestprint.com/custom/women_s_v_neck_criss_cross_ruched_sleeveless_dress_with_pockets-5413.html
662,5402,Women's V-Neck Short Sleeve Tie-Cuff Dress,Women's Clothing,6.3,29.99,23.69,79.0,Y,https://ipimg.interestprint.com/data/product/5402/img/20260409/20260409110845751280_250x250.jpg,https://www.interestprint.com/custom/women_s_v_neck_short_sleeve_tie_cuff_dress-5402.html
663,4968,Hanging Door Banner(Single-Panel) | Ships from USA,Wedding & Party Decor,6.39,24.99,18.6,74.4,Y,https://ipimg.interestprint.com/data/product/4968/img/20260429/20260429155042853365_250x250.jpg,https://www.interestprint.com/custom/hanging_door_banner_single_panel-4968.html
664,5833,Arm Sleeve 38cm (1 Piece) | Ships from USA,U.S. Fulfillment,6.39,18.99,12.6,66.4,Y,https://ipimg.interestprint.com/data/product/5833/img/20260616/20260616164836089059_250x250.jpg,https://www.interestprint.com/custom/arm_sleeve_38cm_1_piece_ships_from_usa-5833.html
665,5763,"Acrylic Photo Stand 4"" x 6""（10cm Square Base）| Ships from USA",U.S. Fulfillment,6.39,18.99,12.6,66.4,Y,https://ipimg.interestprint.com/data/product/5763/img/20260603/20260603153704005558_250x250.jpg,https://www.interestprint.com/custom/acrylic_photo_stand_4_x_6_10cm_square_base_ships_from_usa-5763.html
666,5762,"Acrylic Photo Stand 6"" x 4""（10cm Square Base）| Ships from USA",U.S. Fulfillment,6.39,18.99,12.6,66.4,Y,https://ipimg.interestprint.com/data/product/5762/img/20260603/20260603153722567758_250x250.jpg,https://www.interestprint.com/custom/acrylic_photo_stand_6_x_4_10cm_square_base_ships_from_usa-5762.html
667,5116,"Art Print 24""x20"" | Ships from USA",U.S. Fulfillment,6.39,25.99,19.6,75.4,Y,https://ipimg.interestprint.com/data/product/5116/img/20260109/20260109015335380738_250x250.jpg,https://www.interestprint.com/custom/art_print_24_x20-5116.html
668,5110,"Art Print 24""x18""  | Ships from USA",U.S. Fulfillment,6.39,24.99,18.6,74.4,Y,https://ipimg.interestprint.com/data/product/5110/img/20260109/20260109020343329454_250x250.jpg,https://www.interestprint.com/custom/art_print_24_x18-5110.html
669,5107,"Art Print 30""x20"" | Ships from USA",U.S. Fulfillment,6.39,23.99,17.6,73.4,Y,https://ipimg.interestprint.com/data/product/5107/img/20260109/20260109020635299447_250x250.jpg,https://www.interestprint.com/custom/art_print_30_x20-5107.html
670,5100,"Art Print 20""x24"" | Ships from USA",U.S. Fulfillment,6.39,25.99,19.6,75.4,Y,https://ipimg.interestprint.com/data/product/5100/img/20260109/20260109022013720106_250x250.jpg,https://www.interestprint.com/custom/art_print_20_x24-5100.html
671,5087,"Art Print 18""x24""  | Ships from USA",U.S. Fulfillment,6.39,24.99,18.6,74.4,Y,https://ipimg.interestprint.com/data/product/5087/img/20260109/20260109072354565797_250x250.jpg,https://www.interestprint.com/custom/art_print_18_x24-5087.html
672,5098,"Art Print 24""x24"" | Ships from USA",U.S. Fulfillment,6.39,25.99,19.6,75.4,Y,https://ipimg.interestprint.com/data/product/5098/img/20260109/20260109022321182140_250x250.jpg,https://www.interestprint.com/custom/art_print_24_x24-5098.html
673,5084,"Art Print 20""x30"" | Ships from USA",U.S. Fulfillment,6.39,23.99,17.6,73.4,Y,https://ipimg.interestprint.com/data/product/5084/img/20260109/20260109072858499499_250x250.jpg,https://www.interestprint.com/custom/art_print_20_x30-5084.html
674,825,"Luggage Cover (18""-21"") (Small)",Bags,6.4,29.99,23.59,78.7,Y,https://ipimg.interestprint.com/data/product/825/img/20180719/20180719023028176291_250x250.png,https://www.interestprint.com/custom/traveling_luggage_polyester_washable_cover-825.html
675,834,"Luggage Cover (22""-25"") (Medium)",Bags,6.4,27.99,21.59,77.1,Y,https://ipimg.interestprint.com/data/product/834/img/20180713/20180713020714698749_250x250.png,https://www.interestprint.com/custom/luggage_cover-834.html
676,3940,Remote Control Storage Box,Accessories,6.4,16.99,10.59,62.3,Y,https://ipimg.interestprint.com/data/product/3940/img/20241031/20241031184057468126_250x250.jpg,https://www.interestprint.com/custom/remote_control_storage_box-3940.html
677,3979,Leather Pencil Bag,Back to School,6.42,15.99,9.57,59.8,Y,https://ipimg.interestprint.com/data/product/3979/img/20241114/20241114184600954631_250x250.jpg,https://www.interestprint.com/custom/leather_pencil_bag-3979.html
678,5798,Women's  Square Neck Top With Split Hem,Women's Clothing,6.42,19.99,13.57,67.9,Y,https://ipimg.interestprint.com/data/product/5798/img/20260610/20260610111042269108_250x250.jpg,https://www.interestprint.com/custom/women_s_square_neck_top_with_split_hem-5798.html
679,5706,Women's High Neck Shirt with Irregular Hem,Women's Clothing,6.42,19.99,13.57,67.9,Y,https://ipimg.interestprint.com/data/product/5706/img/20260525/20260525135124507333_250x250.jpg,https://www.interestprint.com/custom/women_s_high_neck_shirt_with_irregular_hem-5706.html
680,5922,Kid's Short Sleeve Shirt with Buttons,Kid's Clothing,6.42,19.99,13.57,67.9,Y,https://ipimg.interestprint.com/data/product/5922/img/20260706/20260706112559652500_250x250.jpg,https://www.interestprint.com/custom/kid_s_short_sleeve_shirt_with_buttons-5922.html
681,3215,Custom Wooden Ring Box,Accessories,6.43,15.99,9.56,59.8,Y,https://ipimg.interestprint.com/data/product/3215/img/20240501/20240501233404642840_250x250.jpg,https://www.interestprint.com/custom/custom_wooden_ring_box_2_17_x2_17_x1_38-3215.html
682,3421,Custom Graduation Door Banner,Halloween Decor,6.44,22.99,16.55,72.0,Y,https://ipimg.interestprint.com/data/product/3421/img/20250204/20250204003443195645_250x250.jpg,https://www.interestprint.com/custom/personalized_side_banner-3421.html
683,6123,Bathroom Suction Cup Anti-slip Mat 70 x 40cm,Home Decor,6.44,19.99,13.55,67.8,Y,https://ipimg.interestprint.com/data/product/6123/img/20260826/20260826150752395235_250x250.jpg,https://www.interestprint.com/custom/bathroom_suction_cup_anti_slip_mat_70_x_40cm-6123.html
684,6125,Pet Hoodie  ( Small Size ),Accessories,6.44,18.99,12.55,66.1,Y,https://ipimg.interestprint.com/data/product/6125/img/20260825/20260825163335982392_250x250.jpg,https://www.interestprint.com/custom/pet_hoodie_small_size-6125.html
685,4888,All Over Print Cropped Shirt,Women's Clothing,6.45,25.99,19.54,75.2,Y,https://ipimg.interestprint.com/data/product/4888/img/20251027/20251027231533573541_250x250.jpg,https://www.interestprint.com/custom/all_over_print_cropped_shirt-4888.html
686,5579,Children's Lace-Hem Short Sleeve T-Shirt,Kid's Clothing,6.45,19.99,13.54,67.7,Y,https://ipimg.interestprint.com/data/product/5579/img/20260429/20260429141033587159_250x250.png,https://www.interestprint.com/custom/children_s_lace_hem_short_sleeve_t_shirt-5579.html
687,4040,Double Layer Bento Box,Bags,6.45,16.99,10.54,62.0,Y,https://ipimg.interestprint.com/data/product/4040/img/20241203/20241203230950259022_250x250.jpg,https://www.interestprint.com/custom/double_layer_bento_box-4040.html
688,1293,Engraved Black Titanium Steel Photo Dog Tag Keychain,Personalized Product,6.46,27.99,21.53,76.9,Y,https://ipimg.interestprint.com/data/product/1293/img/20200816/20200816203832027709_250x250.jpg,https://www.interestprint.com/custom/engraved_black_titanium_steel_photo_tag_keychain-1293.html
689,1250,Engraved Titanium Steel Photo Dog Tag Keychain,Personalized Product,6.46,27.99,21.53,76.9,Y,https://ipimg.interestprint.com/data/product/1250/img/20200730/20200730015033116507_250x250.jpg,https://www.interestprint.com/custom/engraved_stainless_steel_photo_dog_tag_keychain-1250.html
690,2935,Sublimated Crew Socks | Ships from USA,Halloween Decor,6.49,18.99,12.5,65.8,Y,https://ipimg.interestprint.com/data/product/2935/img/20260110/20260110041316689836_250x250.jpg,https://www.interestprint.com/custom/sublimated_crew_socks-2935.html
691,5594,Personalized Graduation Photo Pin（Three Images）,Graduation Gifts,6.49,26.99,20.5,76.0,,https://ipimg.interestprint.com/data/product/5594/img/20260514/20260514162424298652_250x250.jpg,https://www.interestprint.com/custom/personalized_graduation_photo_pin-5594.html
692,5353,Custom Notebook (Cover Printing) | Ships from USA,Back to School,6.49,25.99,19.5,75.0,Y,https://ipimg.interestprint.com/data/product/5353/img/20260317/20260317010155337175_250x250.jpg,https://www.interestprint.com/custom/loose_leaf_notebook_cover_print_us04-5353.html
693,6008,"Linen Pillow Cases 20"" x 12"" ( One Side & Pack of 2 ) | Ships from USA",U.S. Fulfillment,6.49,19.99,13.5,67.5,Y,https://ipimg.interestprint.com/data/product/6008/img/20260729/20260729135118433519_250x250.jpg,https://www.interestprint.com/custom/linen_pillow_cases_20_x_12_one_side_pack_of_2_ships_from_usa-6008.html
694,5928,Switch Outlet Wall Plate | Ships from USA,U.S. Fulfillment,6.49,19.99,13.5,67.5,Y,https://ipimg.interestprint.com/data/product/5928/img/20260706/20260706172330692389_250x250.jpg,https://www.interestprint.com/custom/switch_outlet_wall_plate_ships_from_usa-5928.html
695,5714,"Envelope Pillow Case 24"" x 24"" (Two-Sided Print) | Ships from USA",U.S. Fulfillment,6.49,19.99,13.5,67.5,Y,https://ipimg.interestprint.com/data/product/5714/img/20260525/20260525152737661965_250x250.jpg,https://www.interestprint.com/custom/envelope_pillow_case_24_x_24_two_sided_print_ships_from_usa-5714.html
696,5390,"Gift Wrapping Paper-Coated Paper 72""x 22""（1 Roll） | Ships from USA",U.S. Fulfillment,6.49,23.99,17.5,72.9,Y,https://ipimg.interestprint.com/data/product/5390/img/20260325/20260325162009011491_250x250.jpg,https://www.interestprint.com/custom/gift_wrapping_paper_coated_paper_72_x_22_1_roll_ships_from_usa-5390.html
697,2981,Wooden Heart Candle Holder (Without Candle)  | Ships from USA,U.S. Fulfillment,6.49,19.99,13.5,67.5,Y,https://ipimg.interestprint.com/data/product/2981/img/20260109/20260109233858198139_250x250.jpg,https://www.interestprint.com/custom/candle_holder-2981.html
698,2153,"Doormat 30"" x 18""(Rubber) | Ships from USA",U.S. Fulfillment,6.49,49.99,43.5,87.0,Y,https://ipimg.interestprint.com/data/product/2153/img/20260109/20260109180838544317_250x250.jpg,https://www.interestprint.com/custom/doormat_30_x18-2153.html
699,3012,Women's Cropped T-shirt (Model T80),Women's Clothing,6.49,21.99,15.5,70.5,Y,https://ipimg.interestprint.com/data/product/3012/img/20240229/20240229171125306965_250x250.jpg,https://www.interestprint.com/custom/women_s_cropped_t_shirt_t80-3012.html
700,6018,Lace Chair Back Decor,Home Decor,6.49,18.99,12.5,65.8,Y,https://ipimg.interestprint.com/data/product/6018/img/20260730/20260730113307139954_250x250.jpg,https://www.interestprint.com/custom/lace_chair_back_decor-6018.html
701,5598,"Semi Circle Flag 36"" x 18""",Home Decor,6.49,19.99,13.5,67.5,Y,https://ipimg.interestprint.com/data/product/5598/img/20260505/20260505091407470140_250x250.jpg,https://www.interestprint.com/custom/semi_circle_flag_36_x_18-5598.html
702,2596,"Polyester Peach Skin Wall Tapestry 40""*60""",Home Decor,6.49,24.99,18.5,74.0,Y,https://ipimg.interestprint.com/data/product/2596/img/20221110/20221110192712625888_250x250.jpg,https://www.interestprint.com/custom/40_60inch-2596.html
703,2593,"Polyester Peach Skin Wall Tapestry 60""*40""",Home Decor,6.49,18.99,12.5,65.8,Y,https://ipimg.interestprint.com/data/product/2593/img/20221110/20221110193911713289_250x250.jpg,https://www.interestprint.com/custom/60_40inch-2593.html
704,2784,"Ultra-Soft Micro Fleece Blanket 50""x40""",Home Decor,6.49,35.99,29.5,82.0,Y,https://ipimg.interestprint.com/data/product/2784/img/20230615/20230615020722245181_250x250.jpg,https://www.interestprint.com/custom/2019_40_50-2784.html
705,5374,Women’s V-Neck Cold Shoulder Flutter Sleeve Blouse,Women's Clothing,6.5,19.99,13.49,67.5,Y,https://ipimg.interestprint.com/data/product/5374/img/20260317/20260317001616009861_250x250.jpg,https://www.interestprint.com/custom/women_s_v_neck_cold_shoulder_flutter_sleeve_blouse-5374.html
706,4777,Yoga Pants,Women's Clothing,6.5,14.99,8.49,56.6,Y,https://ipimg.interestprint.com/data/product/4777/img/20251103/20251103234845025508_250x250.jpg,https://www.interestprint.com/custom/yoga_pants-4777.html
707,3782,Men's All Over Print T-shirt NT,Men's Clothing,6.5,16.99,10.49,61.7,Y,https://ipimg.interestprint.com/data/product/3782/img/20240828/20240828022312066149_250x250.jpg,https://www.interestprint.com/custom/men_s_all_over_print_t_shirt-3782.html
708,3350,Men's Tank Tops,Men's Clothing,6.5,13.99,7.49,53.5,Y,https://ipimg.interestprint.com/data/product/3350/img/20241216/20241216175824852731_250x250.jpg,https://www.interestprint.com/custom/women_s_crop_tank_tops-3350.html
709,5958,Beach Towel 89 x 183cm,Home Decor,6.5,19.99,13.49,67.5,Y,https://ipimg.interestprint.com/data/product/5958/img/20260713/20260713162709092145_250x250.jpg,https://www.interestprint.com/custom/beach_towel_89_x_183cm-5958.html
710,4872,Custom Shower Curtain (90×180cm),Home Decor,6.5,13.99,7.49,53.5,Y,https://ipimg.interestprint.com/data/product/4872/img/20251021/20251021220716418328_250x250.jpg,https://www.interestprint.com/custom/custom_shower_curtain_35_43_x70_87-4872.html
711,4092,Round Wall Clock,Home Decor,6.5,19.99,13.49,67.5,Y,https://ipimg.interestprint.com/data/product/4092/img/20241226/20241226220128756496_250x250.jpg,https://www.interestprint.com/custom/round_wall_clock-4092.html
712,4176,Women's 3/4 Sleeve Tee,Women's Clothing,6.51,19.99,13.48,67.4,Y,https://ipimg.interestprint.com/data/product/4176/img/20250223/20250223215007137647_250x250.jpg,https://www.interestprint.com/custom/women_s_3_4_sleeve_tee-4176.html
713,3839,Women's V-neck  Basic Tank Top,Women's Clothing,6.51,17.99,11.48,63.8,Y,https://ipimg.interestprint.com/data/product/3839/img/20240925/20240925195127806381_250x250.jpg,https://www.interestprint.com/custom/women_s_v_neck_basic_tank_top-3839.html
714,3838,Women's Basic Tank Top,Women's Clothing,6.51,15.99,9.48,59.3,Y,https://ipimg.interestprint.com/data/product/3838/img/20240925/20240925195117926235_250x250.jpg,https://www.interestprint.com/custom/women_s_basic_tank_top-3838.html
715,3723,Women's  Halter Tank Top,Women's Clothing,6.51,15.99,9.48,59.3,Y,https://ipimg.interestprint.com/data/product/3723/img/20240730/20240730022120156228_250x250.jpg,https://www.interestprint.com/custom/women_s_halter_tank_top-3723.html
716,4508,Men's Tank Top (EU Size) (Front Side Printing),Men's Clothing,6.51,29.99,23.48,78.3,Y,https://ipimg.interestprint.com/data/product/4508/img/20250715/20250715022437754005_250x250.jpg,https://www.interestprint.com/custom/men_s_tank_top_eu_size_front_side_printing-4508.html
717,4321,Men's Short Sleeve Raglan T-Shirt（Front Printing）,Men's Clothing,6.51,26.99,20.48,75.9,Y,https://ipimg.interestprint.com/data/product/4321/img/20250508/20250508235109682672_250x250.jpg,https://www.interestprint.com/custom/men_s_short_sleeve_raglan_t_shirt_front_printing-4321.html
718,3291,Women's Round-Neck Vest,Women's Clothing,6.52,15.99,9.47,59.2,Y,https://ipimg.interestprint.com/data/product/3291/img/20240429/20240429005639415375_250x250.jpg,https://www.interestprint.com/custom/women_s_round_neck_vest-3291.html
719,3781,All-over Print Tank Top BKREV1,Men's Clothing,6.52,16.99,10.47,61.6,Y,https://ipimg.interestprint.com/data/product/3781/img/20240828/20240828022256027770_250x250.jpg,https://www.interestprint.com/custom/all_over_print_tank_top-3781.html
720,3373,Switch Storage Bag (Same Picture On Both Sides),Accessories,6.54,18.99,12.45,65.6,Y,https://ipimg.interestprint.com/data/product/3373/img/20240516/20240516024318548788_250x250.jpg,https://www.interestprint.com/custom/switch_storage_bag_same_picture_on_both_sides-3373.html
721,5828,Women's Wrap Neck Long Sleeve Shirt,Women's Clothing,6.55,19.99,13.44,67.2,,https://ipimg.interestprint.com/data/product/5828/img/20260615/20260615175329732755_250x250.jpg,https://www.interestprint.com/custom/women_s_wrap_neck_long_sleeve_shirt-5828.html
722,5801,Women's Jogger Pants,Women's Clothing,6.55,20.99,14.44,68.8,Y,https://ipimg.interestprint.com/data/product/5801/img/20260612/20260612084251398861_250x250.jpg,https://www.interestprint.com/custom/women_s_jogger_pants-5801.html
723,5707,Women's V-Neck Short-Sleeve Button-Down Shirt,Women's Clothing,6.55,19.99,13.44,67.2,Y,https://ipimg.interestprint.com/data/product/5707/img/20260525/20260525135214821884_250x250.jpg,https://www.interestprint.com/custom/women_s_v_neck_short_sleeve_button_down_shirt-5707.html
724,5632,Women's V-Neck Drop Shoulder Long Sleeve Top,Women's Clothing,6.55,19.99,13.44,67.2,Y,https://ipimg.interestprint.com/data/product/5632/img/20260518/20260518175156146690_250x250.jpg,https://www.interestprint.com/custom/women_s_v_neck_drop_shoulder_long_sleeve_top-5632.html
725,5621,Women's Ruffle V-Neck Blouse Sleeveless,Women's Clothing,6.55,19.99,13.44,67.2,Y,https://ipimg.interestprint.com/data/product/5621/img/20260508/20260508152257341202_250x250.jpg,https://www.interestprint.com/custom/women_s_ruffle_v_neck_blouse_sleeveless-5621.html
726,5525,Men’s Short Sleeve Drawstring Front Pocket Hoodie,Men's Clothing,6.55,19.99,13.44,67.2,Y,https://ipimg.interestprint.com/data/product/5525/img/20260420/20260420090927512807_250x250.jpg,https://www.interestprint.com/custom/men_s_short_sleeve_drawstring_front_pocket_hoodie-5525.html
727,2898,Unisex Sports Visor,Summer Holiday,6.57,19.99,13.42,67.1,Y,https://ipimg.interestprint.com/data/product/2898/img/20240118/20240118202358317249_250x250.jpg,https://www.interestprint.com/custom/sports_visor-2898.html
728,2639,Custom Keyboard Wrist Rest,Home Decor,6.57,34.99,28.42,81.2,Y,https://ipimg.interestprint.com/data/product/2639/img/20230208/20230208000126756138_250x250.jpg,https://www.interestprint.com/custom/keyboard_hand_rest-2639.html
729,4763,Christmas Tree Skirt 36x36inch | Ships from USA,Christmas Gifts,6.59,21.99,15.4,70.0,Y,https://ipimg.interestprint.com/data/product/4763/img/20260110/20260110034922844553_250x250.jpg,https://www.interestprint.com/custom/christmas_tree_skirt_36x36inch-4763.html
730,4782,Custom Pillow Case 18x18inch (One Side with Different Printing)(Pack of 2) | Ships from USA,Valentine's Day,6.59,20.99,14.4,68.6,Y,https://ipimg.interestprint.com/data/product/4782/img/20260110/20260110053625753742_250x250.jpg,https://www.interestprint.com/custom/custom_pillow_case_18x18inch_one_side_with_different_printing_pack_of_2-4782.html
731,5126,Mini Flowerpot with Custom Crystal Sticker | Ships from USA,U.S. Fulfillment,6.59,19.99,13.4,67.0,Y,https://ipimg.interestprint.com/data/product/5126/img/20260111/20260111194155117024_250x250.jpg,https://www.interestprint.com/custom/mini_flowerpot_with_custom_crystal_sticker-5126.html
732,4921,Foldable Round Laundry Basket | Ships from USA,U.S. Fulfillment,6.59,25.99,19.4,74.6,Y,https://ipimg.interestprint.com/data/product/4921/img/20260110/20260110032947267965_250x250.jpg,https://www.interestprint.com/custom/foldable_round_laundry_basket-4921.html
733,4224,Baby Short Sleeve Unisex Bodysuits (Front Printing) | Ships from USA,U.S. Fulfillment,6.59,22.99,16.4,71.3,Y,https://ipimg.interestprint.com/data/product/4224/img/20260110/20260110051955790686_250x250.jpg,https://www.interestprint.com/custom/custom_baby_short_sleeve_unisex_bodysuits-4224.html
734,4161,Kitchen Towel 40X60cm(One Side Printing)(Pack of 2) | Ships from USA,U.S. Fulfillment,6.59,19.99,13.4,67.0,Y,https://ipimg.interestprint.com/data/product/4161/img/20260110/20260110034326030755_250x250.jpg,https://www.interestprint.com/custom/custom_kitchen_towel_40x60cm_one_side_2_pack_us02-4161.html
735,4163,Custom Pillow Case 18x18inch (One Side Printing)(Pack of 2) | Ships from USA,U.S. Fulfillment,6.59,18.99,12.4,65.3,Y,https://ipimg.interestprint.com/data/product/4163/img/20260110/20260110054432849012_250x250.jpg,https://www.interestprint.com/custom/custom_pillow_case_18x18inch_2_pack_us02-4163.html
736,5476,Custom Men's Stainless Steel Watch (017),Accessories,6.59,19.99,13.4,67.0,Y,https://ipimg.interestprint.com/data/product/5476/img/20260416/20260416172735483097_250x250.jpg,https://www.interestprint.com/custom/custom_men_s_stainless_steel_watch_model_017-5476.html
737,4124,All Over Print Sports Bra,Women's Clothing,6.62,19.99,13.37,66.9,Y,https://ipimg.interestprint.com/data/product/4124/img/20250113/20250113214512548510_250x250.jpg,https://www.interestprint.com/custom/all_over_print_sports_bra-4124.html
738,3994,Coral Velvet Round Floor  Mat (80*80cm),Home Decor,6.62,18.99,12.37,65.1,Y,https://ipimg.interestprint.com/data/product/3994/img/20241121/20241121232702683405_250x250.jpg,https://www.interestprint.com/custom/coral_velvet_floor_mat_80_80cm-3994.html
739,5800,Women's V-neck Side-Bone Elastic Sweatshirt,Women's Clothing,6.67,20.99,14.32,68.2,Y,https://ipimg.interestprint.com/data/product/5800/img/20260612/20260612084332823048_250x250.jpg,https://www.interestprint.com/custom/women_s_v_neck_side_bone_elastic_sweatshirt-5800.html
740,5672,Women's Cami Dress with Double Side Pockets,Women's Clothing,6.67,19.99,13.32,66.6,Y,https://ipimg.interestprint.com/data/product/5672/img/20260519/20260519175037146832_250x250.jpg,https://www.interestprint.com/custom/women_s_cami_dress_with_double_side_pockets-5672.html
741,5295,Women’s T-Shirt With Asymmetrical Hem,Women's Clothing,6.67,19.99,13.32,66.6,Y,https://ipimg.interestprint.com/data/product/5295/img/20260506/20260506150739344343_250x250.jpg,https://www.interestprint.com/custom/women_s_t_shirt_with_asymmetrical_hem-5295.html
742,5924,Children’s Stand Collar Long-Sleeve Half-Zip Sweatshirt,Kid's Clothing,6.67,19.99,13.32,66.6,Y,https://ipimg.interestprint.com/data/product/5924/img/20260706/20260706112452748933_250x250.jpg,https://www.interestprint.com/custom/children_s_stand_collar_long_sleeve_half_zip_sweatshirt-5924.html
743,5479,One Sheet Greeting Card | Ships from USA,Christmas Gifts,6.69,15.99,9.3,58.2,Y,https://ipimg.interestprint.com/data/product/5479/img/20260415/20260415142733873249_250x250.jpg,https://www.interestprint.com/custom/one_sheet_greeting_card_ships_from_usa-5479.html
744,3807,Custom Photo Acrylic Hanger Ornament（Different Printing)(3PCs),Christmas Gifts,6.69,15.99,9.3,58.2,Y,https://ipimg.interestprint.com/data/product/3807/img/20240909/20240909003748526179_250x250.jpg,https://www.interestprint.com/custom/custom_photo_acrylic_hanger_ornament_different_printing-3807.html
745,5595,Personalized Graduation Photo Pin （Four Images）,Graduation Gifts,6.69,29.99,23.3,77.7,,https://ipimg.interestprint.com/data/product/5595/img/20260514/20260514162246581922_250x250.jpg,https://www.interestprint.com/custom/personalized_graduation_photo_pin-5595.html
746,2746,Unisex Flip Flops(Model040)（Two Sides with Different Printing) | Ships from USA,Father's Day,6.69,19.99,13.3,66.5,Y,https://ipimg.interestprint.com/data/product/2746/img/20260109/20260109231415442536_250x250.jpg,https://www.interestprint.com/custom/custom_flip_flops_for_both_men_and_women-2746.html
747,5564,Custom Women's One Piece Swimsuit  ( Model S04 ),Summer Holiday,6.69,25.99,19.3,74.3,Y,https://ipimg.interestprint.com/data/product/5564/img/20260427/20260427154643511069_250x250.jpg,https://www.interestprint.com/custom/custom_women_s_one_piece_swimsuit_model_s04-5564.html
748,4022,Kid's School Bag,Back to School,6.69,19.99,13.3,66.5,Y,https://ipimg.interestprint.com/data/product/4022/img/20241129/20241129002528018542_250x250.jpg,https://www.interestprint.com/custom/kid_s_school_bag-4022.html
749,3971,Drawstring Backpack,Back to School,6.69,13.99,7.3,52.2,Y,https://ipimg.interestprint.com/data/product/3971/img/20241112/20241112190849402039_250x250.jpg,https://www.interestprint.com/custom/drawstring_bag-3971.html
750,5120,Towel 40x60cm (2-Pack)(Customizable Separately)  | Ships from USA,U.S. Fulfillment,6.69,22.99,16.3,70.9,Y,https://ipimg.interestprint.com/data/product/5120/img/20260108/20260108230935288873_250x250.jpg,https://www.interestprint.com/custom/towel_40x60cm_2_pack_customizable_separately-5120.html
751,3155,"Custom Gift Wrapping Paper 58""x 23"" (1 Roll)  | Ships from USA",U.S. Fulfillment,6.69,18.99,12.3,64.8,Y,https://ipimg.interestprint.com/data/product/3155/img/20260109/20260109173913802217_250x250.jpg,https://www.interestprint.com/custom/gift_wrapping_paper_58_x_23_1_roll_us-3155.html
752,2745,Unisex Flip Flops (Model040) | Ships from USA,U.S. Fulfillment,6.69,19.99,13.3,66.5,Y,https://ipimg.interestprint.com/data/product/2745/img/20260109/20260109231521824840_250x250.jpg,https://www.interestprint.com/custom/custom_flip_flops_for_both_men_and_women-2745.html
753,2680,"Gift Wrapping Paper 58""x 23"" (1 Roll) | Ships from USA",U.S. Fulfillment,6.69,17.99,11.3,62.8,Y,https://ipimg.interestprint.com/data/product/2680/img/20260109/20260109174852764996_250x250.jpg,https://www.interestprint.com/custom/gift_wrapping_paper_58_x_23_1_roll-2680.html
754,5373,Women's Cami Romper with Pockets,Women's Clothing,6.69,29.99,23.3,77.7,Y,https://ipimg.interestprint.com/data/product/5373/img/20260317/20260317001636823427_250x250.jpg,https://www.interestprint.com/custom/women_s_cami_romper_with_pockets-5373.html
755,4793,Women's V-neck Short Sleeve,Women's Clothing,6.69,13.99,7.3,52.2,Y,https://ipimg.interestprint.com/data/product/4793/img/20251012/20251012195932386361_250x250.jpg,https://www.interestprint.com/custom/women_s_v_neck_short_sleeve-4793.html
756,3357,Drop-Shoulder Mid-Sleeve T-Shirt,Women's Clothing,6.69,21.99,15.3,69.6,Y,https://ipimg.interestprint.com/data/product/3357/img/20250302/20250302181446136541_250x250.jpg,https://www.interestprint.com/custom/drop_shoulder_mid_sleeve_t_shirt-3357.html
757,3281,Lotus Leaf Short-Sleeve V-Neck T-Shirt,Women's Clothing,6.69,18.99,12.3,64.8,Y,https://ipimg.interestprint.com/data/product/3281/img/20240428/20240428200915366790_250x250.jpg,https://www.interestprint.com/custom/lotus_leaf_short_sleeve_v_neck_t_shirt-3281.html
758,4660,Kids'  Pullover Sweater,Kid's Clothing,6.69,28.99,22.3,76.9,Y,https://ipimg.interestprint.com/data/product/4660/img/20250905/20250905001624383618_250x250.jpg,https://www.interestprint.com/custom/kids_thicker_pullover_sweater-4660.html
759,6114,"Peach Skin Tapestry with Lace Trim & Ribbons 40"" x 12""",Home Decor,6.69,19.99,13.3,66.5,Y,https://ipimg.interestprint.com/data/product/6114/img/20260821/20260821160925721322_250x250.jpg,https://www.interestprint.com/custom/peach_skin_tapestry_with_lace_trim_ribbons_40_x_12-6114.html
760,6113,"Peach Skin Tapestry with Lace Trim & Ribbons 12"" x 40""",Home Decor,6.69,19.99,13.3,66.5,Y,https://ipimg.interestprint.com/data/product/6113/img/20260821/20260821154905840183_250x250.jpg,https://www.interestprint.com/custom/peach_skin_tapestry_with_lace_trim_ribbons_12_x_40-6113.html
761,5515,"Linen Pillow Case 18"" x 18"" ( One Side & Pack of 4 )",Home Decor,6.69,18.99,12.3,64.8,Y,https://ipimg.interestprint.com/data/product/5515/img/20260418/20260418131154583776_250x250.jpg,https://www.interestprint.com/custom/linen_pillow_case_18_x18_one_side_pack_of_4-5515.html
762,1078,"Doormat 24""x16""(Rubber)",Home Decor,6.69,19.99,13.3,66.5,Y,https://ipimg.interestprint.com/data/product/1078/img/20220222/20220222002330130930_250x250.jpg,https://www.interestprint.com/custom/doormat_23_6_x15_7-1078.html
763,3021,Laptop Sleeve(Multiple Sizes),Bags,6.69,18.99,12.3,64.8,Y,https://ipimg.interestprint.com/data/product/3021/img/20240411/20240411021535899594_250x250.jpg,https://www.interestprint.com/custom/laptop_sleeve_multiple_size-3021.html
764,5187,Women’s Ruffle Bell Sleeve Top,Women's Clothing,6.7,25.99,19.29,74.2,Y,https://ipimg.interestprint.com/data/product/5187/img/20260122/20260122193149134713_250x250.jpg,https://www.interestprint.com/custom/women_s_ruffle_bell_sleeve_top-5187.html
765,4512,V-Neck Sleeveless Tank Tops,Women's Clothing,6.7,25.99,19.29,74.2,Y,https://ipimg.interestprint.com/data/product/4512/img/20250715/20250715230035917962_250x250.jpg,https://www.interestprint.com/custom/custom_v_neck_sleeveless_tank_tops-4512.html
766,3514,Custom Bookends(Large),Back to School,6.71,25.99,19.28,74.2,Y,https://ipimg.interestprint.com/data/product/3514/img/20240619/20240619004017328167_250x250.jpg,https://www.interestprint.com/custom/custom_bookends_large-3514.html
767,5907,Women's Sleeveless Suit Vest with Buttons,Women's Clothing,6.74,19.99,13.25,66.3,Y,https://ipimg.interestprint.com/data/product/5907/img/20260903/20260903141450761002_250x250.jpg,https://www.interestprint.com/custom/women_s_sleeveless_suit_vest_with_buttons-5907.html
768,3596,Bikini Top (J03),Women's Clothing,6.74,13.99,7.25,51.8,Y,https://ipimg.interestprint.com/data/product/3596/img/20240707/20240707232525734085_250x250.jpg,https://www.interestprint.com/custom/bikini_top_j03-3596.html
769,3361,Women's Sleeveless Tank Top,Women's Clothing,6.74,18.99,12.25,64.5,Y,https://ipimg.interestprint.com/data/product/3361/img/20240514/20240514231909114458_250x250.jpg,https://www.interestprint.com/custom/women_s_sleeveless_tank_top-3361.html
770,3271,Women's Criss-Cross Open Back Tank Top,Women's Clothing,6.74,15.99,9.25,57.8,Y,https://ipimg.interestprint.com/data/product/3271/img/20240428/20240428201101065178_250x250.jpg,https://www.interestprint.com/custom/women_s_criss_cross_open_back_tank_top-3271.html
771,3780,Men's Tank Top,Men's Clothing,6.74,16.99,10.25,60.3,Y,https://ipimg.interestprint.com/data/product/3780/img/20240827/20240827202811233694_250x250.jpg,https://www.interestprint.com/custom/men_s_tank_top-3780.html
772,4595,Football Jersey,Men's Clothing,6.74,26.99,20.25,75.0,Y,https://ipimg.interestprint.com/data/product/4595/img/20250812/20250812185324484204_250x250.jpg,https://www.interestprint.com/custom/football_jersey-4595.html
773,3779,Men's Sleeveless T-shirt,Men's Clothing,6.74,16.99,10.25,60.3,Y,https://ipimg.interestprint.com/data/product/3779/img/20240827/20240827202212050778_250x250.jpg,https://www.interestprint.com/custom/men_s_sleeveless_t_shirt-3779.html
774,4873,Custom Shower Curtain (119×180cm),Home Decor,6.74,14.99,8.25,55.0,Y,https://ipimg.interestprint.com/data/product/4873/img/20251021/20251021220821208102_250x250.jpg,https://www.interestprint.com/custom/custom_shower_curtain_119_180cm-4873.html
775,4674,Drawstring Laundry Basket (44x35cm),Home Decor,6.74,22.99,16.25,70.7,Y,https://ipimg.interestprint.com/data/product/4674/img/20250916/20250916014800820774_250x250.jpg,https://www.interestprint.com/custom/drawstring_laundry_basket-4674.html
776,4680,Laundry Basket(44x44 cm),Home Decor,6.74,22.99,16.25,70.7,Y,https://ipimg.interestprint.com/data/product/4680/img/20250912/20250912015013461331_250x250.jpg,https://www.interestprint.com/custom/laundry_basket_44x44_cm-4680.html
777,5742,Small Clear Satchel Bag,Bags,6.74,19.99,13.25,66.3,Y,https://ipimg.interestprint.com/data/product/5742/img/20260529/20260529175023042049_250x250.jpg,https://www.interestprint.com/custom/small_clear_satchel_bag-5742.html
778,4631,Protective Case for iPad Pro 20/21/22 (11-inch),Accessories,6.74,25.99,19.25,74.1,Y,https://ipimg.interestprint.com/data/product/4631/img/20250822/20250822004646103901_250x250.jpg,https://www.interestprint.com/custom/protective_case_for_ipad_pro_20_21_22_11_inch-4631.html
779,4630,Protective Case for iPad Pro 2020/2021/2022 (12.9-inch),Accessories,6.74,25.99,19.25,74.1,Y,https://ipimg.interestprint.com/data/product/4630/img/20250822/20250822004632034693_250x250.jpg,https://www.interestprint.com/custom/protective_case_for_ipad_pro_2020_2021_2022_12_9_inch-4630.html
780,4629,Protective Case for iPad mini 6 (8.3-inch),Accessories,6.74,25.99,19.25,74.1,Y,https://ipimg.interestprint.com/data/product/4629/img/20250822/20250822004618663224_250x250.jpg,https://www.interestprint.com/custom/protective_case_for_ipad_mini_6_8_3_inch-4629.html
781,4628,Protective Case for iPad mini 1/2/3/4/5 (7.9-inch),Accessories,6.74,25.99,19.25,74.1,Y,https://ipimg.interestprint.com/data/product/4628/img/20250822/20250822004605484718_250x250.jpg,https://www.interestprint.com/custom/protective_case_for_ipad_mini_1_2_3_4_5_7_9_inch-4628.html
782,4627,Protective Case for iPad Air 5/Air 4 (10.9-inch)/iPad Pro 2018 (11-inch),Accessories,6.74,25.99,19.25,74.1,Y,https://ipimg.interestprint.com/data/product/4627/img/20250822/20250822004551754554_250x250.jpg,https://www.interestprint.com/custom/protective_case_for_ipad_air_5_air_4_10_9_inch_ipad_pro_2018_11_inch-4627.html
783,4626,Protective Case for iPad Pro/iPad Air 3 (10.5-inch),Accessories,6.74,25.99,19.25,74.1,Y,https://ipimg.interestprint.com/data/product/4626/img/20250822/20250822004537230285_250x250.jpg,https://www.interestprint.com/custom/protective_case_for_ipad_pro_ipad_air_3_10_5_inch-4626.html
784,4625,Protective Case for iPad 2019/2020/2021 (10.2-inch),Accessories,6.74,25.99,19.25,74.1,Y,https://ipimg.interestprint.com/data/product/4625/img/20250822/20250822004524898551_250x250.jpg,https://www.interestprint.com/custom/protective_case_for_ipad_2019_2020_2021_10_2_inch-4625.html
785,4624,Protective Case for iPad Pro/2016 iPad Pro (9.7-inch),Accessories,6.74,25.99,19.25,74.1,Y,https://ipimg.interestprint.com/data/product/4624/img/20250822/20250822004510171130_250x250.jpg,https://www.interestprint.com/custom/protective_case_for_ipad_pro_2016_ipad_pro_9_7_inch-4624.html
786,4619,Protective Case for iPad 2017/2018/Air 1/Air 2 (9.7-inch),Accessories,6.74,25.99,19.25,74.1,Y,https://ipimg.interestprint.com/data/product/4619/img/20250822/20250822004449811759_250x250.jpg,https://www.interestprint.com/custom/ipad_book_style_protective_cover_without_pen_slot-4619.html
787,4259,Custom Digital Oil Painting（30×40cm）,Wall Art,6.74,15.99,9.25,57.8,Y,https://ipimg.interestprint.com/data/product/4259/img/20250331/20250331185005841275_250x250.jpg,https://www.interestprint.com/custom/custom_digital_oil_painting_30_40cm-4259.html
788,6091,20oz Tea Tumbler with Carry Handle,Home Decor,6.76,19.99,13.23,66.2,Y,https://ipimg.interestprint.com/data/product/6091/img/20260817/20260817161205324321_250x250.jpg,https://www.interestprint.com/custom/20oz_tea_tumbler_with_carry_handle-6091.html
789,3934,Rotating Jewelry Box,Accessories,6.76,16.99,10.23,60.2,Y,https://ipimg.interestprint.com/data/product/3934/img/20241031/20241031183929037404_250x250.jpg,https://www.interestprint.com/custom/rotate_the_jewelry_box-3934.html
790,3372,Switch Game Console Storage Bag,Accessories,6.78,19.99,13.21,66.1,Y,https://ipimg.interestprint.com/data/product/3372/img/20240516/20240516024306860225_250x250.jpg,https://www.interestprint.com/custom/switch_game_console_storage_bag-3372.html
791,5481,"New Polyester Peach Skin Wall Tapestry 15"" x 50"" | Ships from USA",Wedding & Party Decor,6.79,20.99,14.2,67.7,Y,https://ipimg.interestprint.com/data/product/5481/img/20260416/20260416102104238295_250x250.jpg,https://www.interestprint.com/custom/new_polyester_peach_skin_wall_tapestry_15_x_50_ships_from_usa-5481.html
792,2842,"Linen Garden Flag 12"" x 18"" (Two Sides with Different Printing) | Ships from USA",Halloween Decor,6.79,18.99,12.2,64.2,Y,https://ipimg.interestprint.com/data/product/2842/img/20260108/20260108011012755434_250x250.jpg,https://www.interestprint.com/custom/linen_garden_12x18_inch-2842.html
793,5834,Arm Sleeve 41cm (1 Piece) | Ships from USA,U.S. Fulfillment,6.79,19.99,13.2,66.0,Y,https://ipimg.interestprint.com/data/product/5834/img/20260616/20260616164756486290_250x250.jpg,https://www.interestprint.com/custom/arm_sleeve_41cm_1_piece_ships_from_usa-5834.html
794,4305,Garden Flag 12''x18''(One Side Printing) | Ships from USA,U.S. Fulfillment,6.79,19.99,13.2,66.0,Y,https://ipimg.interestprint.com/data/product/4305/img/20260427/20260427091745658073_250x250.jpg,https://www.interestprint.com/custom/custom_garden_flag_12_x18_one_side_printing-4305.html
795,5945,Women's V-neck Drawstring Long Sleeve Shirt,Women's Clothing,6.79,20.99,14.2,67.7,Y,https://ipimg.interestprint.com/data/product/5945/img/20260710/20260710095126533165_250x250.jpg,https://www.interestprint.com/custom/women_s_v_neck_drawstring_long_sleeve_shirt-5945.html
796,5705,Women’s Round Neck Smocked Waist Long Sleeve Shirt,Women's Clothing,6.79,19.99,13.2,66.0,Y,https://ipimg.interestprint.com/data/product/5705/img/20260909/20260909143952271658_250x250.jpg,https://www.interestprint.com/custom/women_s_round_neck_smocked_waist_long_sleeve_shirt-5705.html
797,5392,Turtleneck Lantern Sleeve Dress,Women's Clothing,6.79,29.99,23.2,77.4,Y,https://ipimg.interestprint.com/data/product/5392/img/20260409/20260409110316039297_250x250.jpg,https://www.interestprint.com/custom/turtleneck_lantern_sleeve_dress-5392.html
798,5425,Children’s Sleeveless Romper Dress with Pockets,Kid's Clothing,6.79,29.99,23.2,77.4,Y,https://ipimg.interestprint.com/data/product/5425/img/20260402/20260402143344433151_250x250.jpg,https://www.interestprint.com/custom/children_s_sleeveless_romper_dress_with_pockets-5425.html
799,3972,Custom Laptop Case,Bags,6.79,15.99,9.2,57.5,Y,https://ipimg.interestprint.com/data/product/3972/img/20241112/20241112190837603004_250x250.jpg,https://www.interestprint.com/custom/custom_laptop_case-3972.html
800,5656,Girls' Ruffle Neck Sleeveless Blouse,Kid's Clothing,6.81,19.99,13.18,65.9,Y,https://ipimg.interestprint.com/data/product/5656/img/20260514/20260514111454527226_250x250.jpg,https://www.interestprint.com/custom/girls_ruffle_neck_sleeveless_blouse-5656.html
801,3378,Nintendo Game Console Protective Case,Accessories,6.81,19.99,13.18,65.9,Y,https://ipimg.interestprint.com/data/product/3378/img/20240517/20240517003522195232_250x250.jpg,https://www.interestprint.com/custom/nintendo_game_console_protective_case-3378.html
802,5401,Women's Short Puff Sleeve T-Shirt Dress,Women's Clothing,6.82,35.99,29.17,81.1,Y,https://ipimg.interestprint.com/data/product/5401/img/20260409/20260409110654575006_250x250.jpg,https://www.interestprint.com/custom/women_s_short_puff_sleeve_t_shirt_dress-5401.html
803,6122,Bathroom Suction Cup Anti-slip Mat 54 x 53cm,Home Decor,6.82,20.99,14.17,67.5,Y,https://ipimg.interestprint.com/data/product/6122/img/20260826/20260826150810640863_250x250.jpg,https://www.interestprint.com/custom/bathroom_suction_cup_anti_slip_mat-6122.html
804,4886,All Over Print Men's T-shirt,Men's Clothing,6.86,25.99,19.13,73.6,Y,https://ipimg.interestprint.com/data/product/4886/img/20251027/20251027231620103733_250x250.jpg,https://www.interestprint.com/custom/all_over_print_men_s_t_shirt-4886.html
805,3970,Travel Shoes Carrier,Bags,6.86,17.99,11.13,61.9,Y,https://ipimg.interestprint.com/data/product/3970/img/20241112/20241112190743479662_250x250.jpg,https://www.interestprint.com/custom/travel_shoes_carrier-3970.html
806,4222,"New Table Runner 48"" x 13"" | Ships from USA",Wedding & Party Decor,6.89,25.99,19.1,73.5,Y,https://ipimg.interestprint.com/data/product/4222/img/20260107/20260107234600555080_250x250.jpg,https://www.interestprint.com/custom/custom_new_table_runner_48x13inch-4222.html
807,6150,Custom Pin Badge ( 50mm ) | Ships from USA,U.S. Fulfillment,6.89,19.99,13.1,65.5,Y,https://ipimg.interestprint.com/data/product/6150/img/20260828/20260828161959844027_250x250.jpg,https://www.interestprint.com/custom/custom_pin_badge_50mm_ships_from_usa-6150.html
808,5913,"Peach Skin House Flag 28"" x 40"" (One Side) | Ships from USA",U.S. Fulfillment,6.89,20.99,14.1,67.2,Y,https://ipimg.interestprint.com/data/product/5913/img/20260702/20260702162926076467_250x250.jpg,https://www.interestprint.com/custom/peach_skin_house_flag_28_x_40_one_side_ships_from_usa-5913.html
809,5841,"Cotton Linen House Flag 24"" x 36"" (One Side) | Ships from USA",U.S. Fulfillment,6.89,21.99,15.1,68.7,Y,https://ipimg.interestprint.com/data/product/5841/img/20260617/20260617164359663319_250x250.jpg,https://www.interestprint.com/custom/cotton_linen_house_flag_24_x_36_one_side_ships_from_usa-5841.html
810,5764,"Acrylic Photo Stand 6"" x 4"" （15cm Square Base） | Ships from USA",U.S. Fulfillment,6.89,20.99,14.1,67.2,Y,https://ipimg.interestprint.com/data/product/5764/img/20260603/20260603153449217114_250x250.jpg,https://www.interestprint.com/custom/acrylic_photo_stand_6_x_4_15cm_square_base_ships_from_usa-5764.html
811,5765,"Acrylic Photo Stand 4"" x 6"" （15cm Square Base） | Ships from USA",U.S. Fulfillment,6.89,20.99,14.1,67.2,Y,https://ipimg.interestprint.com/data/product/5765/img/20260603/20260603153406732722_250x250.jpg,https://www.interestprint.com/custom/acrylic_photo_stand_4_x_6_15cm_square_base_ships_from_usa-5765.html
812,5652,Acrylic Photo Frame Vase | Ships from USA,U.S. Fulfillment,6.89,25.99,19.1,73.5,Y,https://ipimg.interestprint.com/data/product/5652/img/20260513/20260513153427028984_250x250.jpg,https://www.interestprint.com/custom/acrylic_photo_frame_vase_ships_from_usa-5652.html
813,4922,Pet Mat 25x18inch | Ships from USA,U.S. Fulfillment,6.89,28.99,22.1,76.2,Y,https://ipimg.interestprint.com/data/product/4922/img/20260109/20260109225350333739_250x250.jpg,https://www.interestprint.com/custom/pet_mat_25x18inch-4922.html
814,5315,Custom Embroidered Easter Bunny Basket,Personalized Product,6.89,22.99,16.1,70.0,,https://ipimg.interestprint.com/data/product/5315/img/20260310/20260310224840720562_250x250.jpg,https://www.interestprint.com/custom/custom_embroidered_easter_bunny_basket-5315.html
815,957,Women's Racerback Tank Top (Model T60),Women's Clothing,6.89,35.99,29.1,80.9,Y,https://ipimg.interestprint.com/data/product/957/img/20190328/20190328000915036460_250x250.jpg,https://www.interestprint.com/custom/all_over_print_women_s_tank_top_model_t60-957.html
816,4284,"Cloak Hooded Blanket 40""×50""",Home Decor,6.89,26.99,20.1,74.5,Y,https://ipimg.interestprint.com/data/product/4284/img/20250420/20250420232533070558_250x250.jpg,https://www.interestprint.com/custom/cloak_hooded_blanket-4284.html
817,2149,Women's Spaghetti Strap Crop Top (ModelT67),Women's Clothing,6.9,27.99,21.09,75.3,Y,https://ipimg.interestprint.com/data/product/2149/img/20210607/20210607234205299995_250x250.jpg,https://www.interestprint.com/custom/women_s_spaghetti_strap_crop_top_modelt67-2149.html
818,942,"Ultra-Soft Micro Fleece Blanket 40"" x 50""",Home Decor,6.9,54.99,48.09,87.5,Y,https://ipimg.interestprint.com/data/product/942/img/20190307/20190307234356181780_250x250.jpg,https://www.interestprint.com/custom/ultra_soft_micro_fleece_blanket_40_50-942.html
819,3515,Binder Notebook(A5),Back to School,6.91,11.99,5.08,42.4,Y,https://ipimg.interestprint.com/data/product/3515/img/20240619/20240619005310362431_250x250.jpg,https://www.interestprint.com/custom/binder_notebook_a5-3515.html
820,5666,Women's High Waist Suspender Dress,Women's Clothing,6.91,19.99,13.08,65.4,Y,https://ipimg.interestprint.com/data/product/5666/img/20260518/20260518174736029575_250x250.jpg,https://www.interestprint.com/custom/women_s_high_waist_suspender_dress-5666.html
821,5589,Women's Asymmetrical Neckline Short Sleeve Shirt,Women's Clothing,6.91,19.99,13.08,65.4,Y,https://ipimg.interestprint.com/data/product/5589/img/20260508/20260508152537652332_250x250.jpg,https://www.interestprint.com/custom/women_s_asymmetrical_neckline_short_sleeve_shirt-5589.html
822,5312,Women's Ruffled Chiffon Beach Cover-Up Dress,Women's Clothing,6.91,29.99,23.08,77.0,Y,https://ipimg.interestprint.com/data/product/5312/img/20260304/20260304004808484324_250x250.jpg,https://www.interestprint.com/custom/women_s_ruffled_chiffon_beach_cover_up_dress-5312.html
823,5265,Women’s Square Neck Sleeveless Top,Women's Clothing,6.91,28.99,22.08,76.2,Y,https://ipimg.interestprint.com/data/product/5265/img/20260211/20260211002333413044_250x250.jpg,https://www.interestprint.com/custom/women_s_square_neck_sleeveless_top-5265.html
824,2869,"Shower Curtain 36""x72""",Home Decor,6.91,21.99,15.08,68.6,Y,https://ipimg.interestprint.com/data/product/2869/img/20231017/20231017002524375848_250x250.jpg,https://www.interestprint.com/custom/shower_curtain_36_x72-2869.html
825,3427,Personalized Heart Shaped Wooden Ring Box,Accessories,6.91,21.98,15.07,68.6,,https://ipimg.interestprint.com/data/product/3427/img/20240613/20240613000511610220_250x250.jpg,https://www.interestprint.com/custom/personalized_heart_shaped_wooden_ring_box_2_36_x2_17_x1_5-3427.html
826,3216,Custom Oval Wooden Ring Box,Accessories,6.91,15.99,9.08,56.8,Y,https://ipimg.interestprint.com/data/product/3216/img/20240501/20240501233317510232_250x250.jpg,https://www.interestprint.com/custom/custom_oval_wooden_ring_box_2_76_x1_97_x1_38-3216.html
827,5548,Women's Asymmetrical Flared Maxi Skirt,Women's Clothing,6.93,19.99,13.06,65.3,Y,https://ipimg.interestprint.com/data/product/5548/img/20260423/20260423143231624755_250x250.jpg,https://www.interestprint.com/custom/women_s_asymmetrical_flared_maxi_skirt-5548.html
828,5324,Women's Anti-Exposure Ruffled Yoga Skirt,Women's Clothing,6.93,20.99,14.06,67.0,Y,https://ipimg.interestprint.com/data/product/5324/img/20260309/20260309010429256404_250x250.jpg,https://www.interestprint.com/custom/women_s_anti_exposure_ruffled_yoga_skirt-5324.html
829,5056,Washed Drop Shoulder T-Shirt,Men's Clothing,6.93,26.99,20.06,74.3,Y,https://ipimg.interestprint.com/data/product/5056/img/20251217/20251217231222937014_250x250.jpg,https://www.interestprint.com/custom/washed_drop_shoulder_t_shirt-5056.html
830,5260,Baby Sleeveless Romper,Kid's Clothing,6.93,25.99,19.06,73.3,Y,https://ipimg.interestprint.com/data/product/5260/img/20260211/20260211002016602191_250x250.jpg,https://www.interestprint.com/custom/baby_sleeveless_romper-5260.html
831,4007,Custom PU Leather Handbag,Bags,6.93,15.99,9.06,56.7,Y,https://ipimg.interestprint.com/data/product/4007/img/20241121/20241121232805094452_250x250.jpg,https://www.interestprint.com/custom/custom_pu_leather_handbag-4007.html
832,4152,"Diamond Painting 16""×20""(Vertical)",Wall Art,6.93,14.99,8.06,53.8,Y,https://ipimg.interestprint.com/data/product/4152/img/20250125/20250125165227662911_250x250.jpg,https://www.interestprint.com/custom/glitter_diy_canvas_wall_art_16_20-4152.html
833,4149,"Diamond Painting 20""×16""(Horizontal)",Wall Art,6.93,14.99,8.06,53.8,Y,https://ipimg.interestprint.com/data/product/4149/img/20250125/20250125165316066470_250x250.jpg,https://www.interestprint.com/custom/glitter_diy_canvas_wall_art_20_16-4149.html
834,3213,Car Garbage Storage Bag,Summer Holiday,6.95,13.99,7.04,50.3,Y,https://ipimg.interestprint.com/data/product/3213/img/20240417/20240417002549006973_250x250.jpg,https://www.interestprint.com/custom/car_garbage_storage_bag-3213.html
835,3892,Women's Asymmetrical Neck Button-Up Shirt,Women's Clothing,6.95,17.99,11.04,61.4,Y,https://ipimg.interestprint.com/data/product/3892/img/20241015/20241015010738257619_250x250.jpg,https://www.interestprint.com/custom/women_s_asymmetrical_neck_button_up_shirt-3892.html
836,3316,Soft Men's Sleep Pants D27P,Men's Clothing,6.95,15.99,9.04,56.5,Y,https://ipimg.interestprint.com/data/product/3316/img/20240502/20240502000234915391_250x250.jpg,https://www.interestprint.com/custom/soft_men_s_sleep_pants_d27p-3316.html
837,4191,Hoodie For Kids（Multichip Design),Kid's Clothing,6.95,18.99,12.04,63.4,Y,https://ipimg.interestprint.com/data/product/4191/img/20250226/20250226181418646473_250x250.jpg,https://www.interestprint.com/custom/hoodie_for_kids_multichip_design-4191.html
838,3785,Kid's Fleece Hoodie,Kid's Clothing,6.95,16.99,10.04,59.1,Y,https://ipimg.interestprint.com/data/product/3785/img/20240829/20240829201617028937_250x250.jpg,https://www.interestprint.com/custom/plush_hoodie_for_kids-3785.html
839,3787,Hoodie for Kids,Kid's Clothing,6.95,18.99,12.04,63.4,Y,https://ipimg.interestprint.com/data/product/3787/img/20240829/20240829201448003124_250x250.jpg,https://www.interestprint.com/custom/hoodie_for_kids-3787.html
840,5321,Switch 2 Carrying Case,Accessories,6.95,21.99,15.04,68.4,Y,https://ipimg.interestprint.com/data/product/5321/img/20260305/20260305212136921370_250x250.jpg,https://www.interestprint.com/custom/nintendo_switch_2_carrying_case-5321.html
841,4053,Car Air Freshener (Five Pcs)(Love Form/Rhombus),Accessories,6.95,17.99,11.04,61.4,Y,https://ipimg.interestprint.com/data/product/4053/img/20241213/20241213001744662081_250x250.jpg,https://www.interestprint.com/custom/car_air_freshener_five_pcs_love_form-4053.html
842,4052,Car Air Freshener (Five Pcs)(Square),Accessories,6.95,17.99,11.04,61.4,Y,https://ipimg.interestprint.com/data/product/4052/img/20241213/20241213001727435781_250x250.jpg,https://www.interestprint.com/custom/car_air_freshener_five_pcs_square-4052.html
843,6002,Women's V-Neck Long Sleeve Sun Protection Top,Women's Clothing,6.96,21.99,15.03,68.3,Y,https://ipimg.interestprint.com/data/product/6002/img/20260724/20260724091543105214_250x250.jpg,https://www.interestprint.com/custom/women_s_v_neck_long_sleeve_sun_protection_top-6002.html
844,4423,Racerback Active Tank Tops,Women's Clothing,6.96,22.99,16.03,69.7,Y,https://ipimg.interestprint.com/data/product/4423/img/20250618/20250618231634173694_250x250.jpg,https://www.interestprint.com/custom/custom_racerback_active_tank_tops-4423.html
845,5743,Large Clear Satchel Bag,Bags,6.96,20.99,14.03,66.8,Y,https://ipimg.interestprint.com/data/product/5743/img/20260529/20260529175102255649_250x250.png,https://www.interestprint.com/custom/large_clear_satchel_bag-5743.html
846,3798,Men's Swim Briefs NK05,Summer Holiday,6.98,15.99,9.01,56.3,Y,https://ipimg.interestprint.com/data/product/3798/img/20240905/20240905200159336658_250x250.jpg,https://www.interestprint.com/custom/men_s_swim_briefs-3798.html
847,3969,Double Pencil Case,Back to School,6.98,12.99,6.01,46.3,Y,https://ipimg.interestprint.com/data/product/3969/img/20241112/20241112190728690991_250x250.jpg,https://www.interestprint.com/custom/double_pencil_case-3969.html
848,3180,Cold Shoulder Short  Sleeve V Neck  Dress,Women's Clothing,6.98,17.99,11.01,61.2,Y,https://ipimg.interestprint.com/data/product/3180/img/20240410/20240410175447324794_250x250.jpg,https://www.interestprint.com/custom/cold_shoulder_short_sleeve_v_neck_dress-3180.html
849,4509,Tank Top with Multicolor Prints,Men's Clothing,6.98,29.99,23.01,76.7,Y,https://ipimg.interestprint.com/data/product/4509/img/20250715/20250715022421543068_250x250.jpg,https://www.interestprint.com/custom/bx-4509.html
850,3524,Men's  Jersey,Men's Clothing,6.98,18.99,12.01,63.2,Y,https://ipimg.interestprint.com/data/product/3524/img/20240619/20240619235250581808_250x250.jpg,https://www.interestprint.com/custom/men_s_jersey-3524.html
851,3860,Girl's Strap Swimsuit,Kid's Clothing,6.98,19.99,13.01,65.1,Y,https://ipimg.interestprint.com/data/product/3860/img/20240926/20240926233856037570_250x250.jpg,https://www.interestprint.com/custom/girl_s_strap_swimsuit-3860.html
852,5959,Beach Towel 99 x 180cm,Home Decor,6.98,21.99,15.01,68.3,Y,https://ipimg.interestprint.com/data/product/5959/img/20260713/20260713162648572423_250x250.jpg,https://www.interestprint.com/custom/beach_towel_99_x_180cm-5959.html
853,5134,Acrylic Night Light(Square Wooden Base),Home Decor,6.98,18.99,12.01,63.2,Y,https://ipimg.interestprint.com/data/product/5134/img/20260111/20260111173044246583_250x250.jpg,https://www.interestprint.com/custom/acrylic_night_light_square_wooden_base-5134.html
854,4874,Custom Shower Curtain (136×180cm),Home Decor,6.98,15.99,9.01,56.3,Y,https://ipimg.interestprint.com/data/product/4874/img/20251021/20251021220926013136_250x250.jpg,https://www.interestprint.com/custom/custom_shower_curtain_136_180cm-4874.html
855,3944,Can Cooler,Home Decor,6.98,17.99,11.01,61.2,Y,https://ipimg.interestprint.com/data/product/3944/img/20241106/20241106191507956568_250x250.jpg,https://www.interestprint.com/custom/can_cooler-3944.html
856,3933,Glass Cutting Board,Home Decor,6.98,16.99,10.01,58.9,Y,https://ipimg.interestprint.com/data/product/3933/img/20241031/20241031183905808186_250x250.jpg,https://www.interestprint.com/custom/glass_cutting_board-3933.html
857,4069,Detachable Meal Bag,Bags,6.98,17.99,11.01,61.2,Y,https://ipimg.interestprint.com/data/product/4069/img/20241219/20241219181316839709_250x250.jpg,https://www.interestprint.com/custom/print_on_demand_lunch_bag-4069.html
858,6126,Pet Hoodie ( Large Size ),Accessories,6.98,20.99,14.01,66.7,Y,https://ipimg.interestprint.com/data/product/6126/img/20260825/20260825163318442318_250x250.jpg,https://www.interestprint.com/custom/pet_hoodie_large_size-6126.html
859,3599,Pet collar (Q025 ),Accessories,6.98,12.99,6.01,46.3,Y,https://ipimg.interestprint.com/data/product/3599/img/20240707/20240707232734208087_250x250.jpg,https://www.interestprint.com/custom/pet_collar_q025-3599.html
860,5890,"Lace Hanging Tapestry 10"" x 30""",Wedding & Party Decor,6.99,19.99,13.0,65.0,Y,https://ipimg.interestprint.com/data/product/5890/img/20260629/20260629135154852009_250x250.jpg,https://www.interestprint.com/custom/lace_hanging_tapestry_10_x_30-5890.html
861,5148,Custom Placemat 18x12inch (4-Pack) | Ships from USA,Halloween Decor,6.99,28.99,22.0,75.9,Y,https://ipimg.interestprint.com/data/product/5148/img/20260112/20260112190607105491_250x250.jpg,https://www.interestprint.com/custom/custom_placemat_18x12inch_4_pack_ships_from_usa-5148.html
862,4061,Christmas Stocking | Ships from USA,Christmas Gifts,6.99,18.99,12.0,63.2,Y,https://ipimg.interestprint.com/data/product/4061/img/20260110/20260110034530195587_250x250.jpg,https://www.interestprint.com/custom/custom_new_christmas_stocking_us02-4061.html
863,2952,Sequin Christmas Stocking | Ships from USA,Christmas Gifts,6.99,17.99,11.0,61.1,Y,https://ipimg.interestprint.com/data/product/2952/img/20260110/20260110034640248489_250x250.jpg,https://www.interestprint.com/custom/sequin_christmas_stocking-2952.html
864,2510,Little Boys' All Over Print Crew Neck T-Shirt(Model T40-2),Back to School,6.99,19.99,13.0,65.0,Y,https://ipimg.interestprint.com/data/product/2510/img/20220819/20220819012708023249_250x250.jpg,https://www.interestprint.com/custom/2022_t_t40_2-2510.html
865,5876,Golf Towel 40.5 x 60.5cm (One Side) | Ships from USA,U.S. Fulfillment,6.99,18.99,12.0,63.2,Y,https://ipimg.interestprint.com/data/product/5876/img/20260625/20260625152815510864_250x250.jpg,https://www.interestprint.com/custom/golf_towel_40_5_x_60_5_cm_one_side_ships_from_usa-5876.html
866,5835,Arm Sleeve 43cm (1 Piece) | Ships from USA,U.S. Fulfillment,6.99,21.99,15.0,68.2,Y,https://ipimg.interestprint.com/data/product/5835/img/20260616/20260616164226082390_250x250.jpg,https://www.interestprint.com/custom/arm_sleeves_43cm_1_piece_ships_from_usa-5835.html
867,4781,Kitchen Towel 40X60cm(One Side with Different Printing)(Pack of 2) | Ships from USA,U.S. Fulfillment,6.99,25.99,19.0,73.1,Y,https://ipimg.interestprint.com/data/product/4781/img/20260110/20260110034104479148_250x250.jpg,https://www.interestprint.com/custom/kitchen_towel_40x60cm_one_side_with_different_printing_pack_of_2-4781.html
868,4750,"Sofa Cushion Cover (25"" x 27.5"" x 8"") | Ships from USA",U.S. Fulfillment,6.99,26.99,20.0,74.1,Y,https://ipimg.interestprint.com/data/product/4750/img/20260107/20260107225757918656_250x250.jpg,https://www.interestprint.com/custom/custom_sofa_cushion_cover_25x27_5x8_inch-4750.html
869,4318,"Beach Towel 29""x58""(NEW) | Ships from USA",U.S. Fulfillment,6.99,28.99,22.0,75.9,Y,https://ipimg.interestprint.com/data/product/4318/img/20260110/20260110061109184866_250x250.jpg,https://www.interestprint.com/custom/custom_beach_towel_29_x58_new_us02-4318.html
870,5042,Phone Case for iPhone 16 Pro Max | Ships from Japan,Japan Fulfillment,6.99,16.99,10.0,58.9,Y,https://ipimg.interestprint.com/data/product/5042/img/20260110/20260110220612766081_250x250.jpg,https://www.interestprint.com/custom/phone_case_for_iphone_16_pro_max-5042.html
871,5041,Phone Case for iPhone 16 Pro | Ships from Japan,Japan Fulfillment,6.99,16.99,10.0,58.9,Y,https://ipimg.interestprint.com/data/product/5041/img/20260110/20260110220751174014_250x250.jpg,https://www.interestprint.com/custom/phone_case_for_iphone_16_pro-5041.html
872,5040,Phone Case for iPhone 16 Plus | Ships from Japan,Japan Fulfillment,6.99,16.99,10.0,58.9,Y,https://ipimg.interestprint.com/data/product/5040/img/20260110/20260110220951771553_250x250.jpg,https://www.interestprint.com/custom/phone_case_for_iphone_16_plus_jp01-5040.html
873,5039,Phone Case for iPhone 16 | Ships from Japan,Japan Fulfillment,6.99,16.99,10.0,58.9,Y,https://ipimg.interestprint.com/data/product/5039/img/20260110/20260110221121086918_250x250.jpg,https://www.interestprint.com/custom/phone_case_for_iphone_16-5039.html
874,3820,Custom V-neck Halter Open Back Tank Top(Model T83),Women's Clothing,6.99,19.99,13.0,65.0,Y,https://ipimg.interestprint.com/data/product/3820/img/20240912/20240912181252549720_250x250.jpg,https://www.interestprint.com/custom/halter_top_with_v_neckline_tank_top-3820.html
875,742,Men's All Over Print Tank Top (Model T46),Men's Clothing,6.99,29.99,23.0,76.7,Y,https://ipimg.interestprint.com/data/product/742/img/20171225/20171225223012697953_250x250.jpg,https://www.interestprint.com/custom/men_s_all_over_print_tank_top-742.html
876,2509,Big Boys' All Over Print Crew Neck T-Shirt(Model T40-2),Kid's Clothing,6.99,19.99,13.0,65.0,Y,https://ipimg.interestprint.com/data/product/2509/img/20220819/20220819013251168249_250x250.jpg,https://www.interestprint.com/custom/2022_t_t40_2-2509.html
877,5351,Festival Banner 71x35inch,Home Decor,6.99,23.99,17.0,70.9,Y,https://ipimg.interestprint.com/data/product/5351/img/20260311/20260311231411076948_250x250.jpg,https://www.interestprint.com/custom/festival_banner_71x35inch-5351.html
878,1215,Luggage Tag,Accessories,6.99,15.99,9.0,56.3,Y,https://ipimg.interestprint.com/data/product/1215/img/20200526/20200526001116550503_250x250.jpg,https://www.interestprint.com/custom/luggage_tag-1215.html
879,1072,"Car Seat Belt Cover 7"" x 10""",Accessories,6.99,19.99,13.0,65.0,Y,https://ipimg.interestprint.com/data/product/1072/img/20190829/20190829031914866613_250x250.jpg,https://www.interestprint.com/custom/car_seat_belt_cover_7_10_inch-1072.html
880,1213,Square Pet ID Tag,Accessories,6.99,15.99,9.0,56.3,Y,https://ipimg.interestprint.com/data/product/1213/img/20200526/20200526024257485360_250x250.jpg,https://www.interestprint.com/custom/square_pet_id_tag-1213.html
881,4320,Women's Short Sleeve Raglan T-Shirt（Front Printing）,Women's Clothing,7.0,26.99,19.99,74.1,Y,https://ipimg.interestprint.com/data/product/4320/img/20250508/20250508235125746213_250x250.jpg,https://www.interestprint.com/custom/women_s_short_sleeve_raglan_t_shirt_front_printing-4320.html
882,3841,Women's Side-Split Basic Tank Top,Women's Clothing,7.0,16.99,9.99,58.8,Y,https://ipimg.interestprint.com/data/product/3841/img/20240925/20240925195151500687_250x250.jpg,https://www.interestprint.com/custom/women_s_side_split_basic_tank_top-3841.html
883,3289,Summer Basic Bodycon Tank  Dress,Women's Clothing,7.0,15.99,8.99,56.2,Y,https://ipimg.interestprint.com/data/product/3289/img/20240429/20240429005702408863_250x250.jpg,https://www.interestprint.com/custom/summer_basic_bodycon_tank_dress-3289.html
884,740,Women's All Over Print Mesh Cloth T-shirt (Model T45),Women's Clothing,7.0,35.99,28.99,80.6,Y,https://ipimg.interestprint.com/data/product/740/img/20171219/20171219212947270777_250x250.jpg,https://www.interestprint.com/custom/women_s_all_over_print_t_shirt_model_t45-740.html
885,741,Men's All Over Print Mesh T-shirt (Model T45),Men's Clothing,7.0,35.99,28.99,80.6,Y,https://ipimg.interestprint.com/data/product/741/img/20171226/20171226005342020116_250x250.jpg,https://www.interestprint.com/custom/men_s_all_over_print_t_shirt-741.html
886,4041,Printed Lunch Bag,Bags,7.01,18.99,11.98,63.1,Y,https://ipimg.interestprint.com/data/product/4041/img/20241203/20241203230940760374_250x250.jpg,https://www.interestprint.com/custom/printed_lunch_bag-4041.html
887,5745,2-Pack Clear Storage Bags,Bags,7.02,21.99,14.97,68.1,Y,https://ipimg.interestprint.com/data/product/5745/img/20260529/20260529174903786373_250x250.png,https://www.interestprint.com/custom/2_pack_clear_storage_bags-5745.html
888,5583,Women's Cargo Pants With Two Pockets,Women's Clothing,7.03,21.99,14.96,68.0,Y,https://ipimg.interestprint.com/data/product/5583/img/20260429/20260429150949556531_250x250.jpg,https://www.interestprint.com/custom/women_s_cargo_pants_with_two_pockets-5583.html
889,5294,Women’s Short Sleeve Baseball Jersey with Buttons,Women's Clothing,7.03,21.99,14.96,68.0,Y,https://ipimg.interestprint.com/data/product/5294/img/20260609/20260609113241755227_250x250.jpg,https://www.interestprint.com/custom/women_s_short_sleeve_baseball_jersey_with_buttons-5294.html
890,5385,Women's High Waist Layered Sport Skirt,Women's Clothing,7.05,29.99,22.94,76.5,Y,https://ipimg.interestprint.com/data/product/5385/img/20260320/20260320113913847311_250x250.jpg,https://www.interestprint.com/custom/women_s_high_waist_layered_sport_skirt-5385.html
891,5223,Anti-UV Auto-Foldable Umbrella (Model U09),Home Decor,7.09,21.99,14.9,67.8,Y,https://ipimg.interestprint.com/data/product/5223/img/20260127/20260127193723466832_250x250.jpg,https://www.interestprint.com/custom/anti_uv_auto_foldable_umbrella_model_u09-5223.html
892,4831,Lace Trim Camisole Nightgown,Women's Clothing,7.1,15.99,8.89,55.6,Y,https://ipimg.interestprint.com/data/product/4831/img/20251015/20251015003820489950_250x250.jpg,https://www.interestprint.com/custom/lace_trim_camisole_nightgown-4831.html
893,3426,Custom Double Slot Wooden Ring Box,Accessories,7.1,21.98,14.88,67.7,Y,https://ipimg.interestprint.com/data/product/3426/img/20240613/20240613000343517249_250x250.jpg,https://www.interestprint.com/custom/custom_double_slot_wooden_ring_box_3_78_x1_26_x1_46-3426.html
894,4279,Women‘s Polo Shirt,Women's Clothing,7.11,25.99,18.88,72.6,Y,https://ipimg.interestprint.com/data/product/4279/img/20250410/20250410225107085804_250x250.jpg,https://www.interestprint.com/custom/women_s_polo_shirt-4279.html
895,3920,Wind Chime,Home Decor,7.11,15.99,8.88,55.5,Y,https://ipimg.interestprint.com/data/product/3920/img/20241024/20241024201630726320_250x250.jpg,https://www.interestprint.com/custom/custom_wind_chime-3920.html
896,1249,Engraved Titanium Steel Photo Dog Tag Necklace,Personalized Product,7.14,29.99,22.85,76.2,Y,https://ipimg.interestprint.com/data/product/1249/img/20231211/20231211012052730696_250x250.jpg,https://www.interestprint.com/custom/engraved_stainless_steel_photo_dog_tag_necklace-1249.html
897,4385,V Neck Triangle Bikini Sets,Women's Clothing,7.14,35.99,28.85,80.2,Y,https://ipimg.interestprint.com/data/product/4385/img/20250604/20250604200453496951_250x250.jpg,https://www.interestprint.com/custom/custom_v_neck_triangle_bikini_top_low_rise_thong_set-4385.html
898,4479,Zipper Drawstring Bag,Bags,7.14,31.99,24.85,77.7,Y,https://ipimg.interestprint.com/data/product/4479/img/20250702/20250702002823690026_250x250.jpg,https://www.interestprint.com/custom/zipper_drawstring_bag-4479.html
899,5792,Women's Layered Front Shirt with Decorative Button,Women's Clothing,7.15,21.0,13.85,66.0,Y,https://ipimg.interestprint.com/data/product/5792/img/20260609/20260609111311953598_250x250.jpg,https://www.interestprint.com/custom/women_s_layered_front_shirt_with_decorative_button-5792.html
900,5613,Children's Hooded Zip-Up Sweatshirt with Drawstrings,Kid's Clothing,7.15,21.99,14.84,67.5,Y,https://ipimg.interestprint.com/data/product/5613/img/20260518/20260518175950942132_250x250.jpg,https://www.interestprint.com/custom/children_s_hooded_zip_up_sweatshirt_with_drawstrings-5613.html
901,5604,Children's Long Sleeve Hoodie with Double Hood and Side Pockets,Kid's Clothing,7.15,21.99,14.84,67.5,Y,https://ipimg.interestprint.com/data/product/5604/img/20260505/20260505162112782585_250x250.png,https://www.interestprint.com/custom/children_s_long_sleeve_hoodie_with_double_hood_and_side_pockets-5604.html
902,5558,Girls’ Double-Layer Hood Half-Zip Hoodie,Kid's Clothing,7.15,21.99,14.84,67.5,Y,https://ipimg.interestprint.com/data/product/5558/img/20260427/20260427165253374325_250x250.png,https://www.interestprint.com/custom/girls_double_layer_hood_half_zip_hoodie-5558.html
903,5793,Women's Split Neck  Button-Down Long Sleeve Top,Women's Clothing,7.16,21.99,14.83,67.4,Y,https://ipimg.interestprint.com/data/product/5793/img/20260610/20260610110729391608_250x250.jpg,https://www.interestprint.com/custom/women_s_split_neck_button_down_long_sleeve_top-5793.html
904,5669,Women's V-Neck Puff-Sleeve T-Shirt,Women's Clothing,7.18,21.99,14.81,67.3,Y,https://ipimg.interestprint.com/data/product/5669/img/20260518/20260518163845704299_250x250.jpg,https://www.interestprint.com/custom/women_s_v_neck_puff_sleeve_t_shirt-5669.html
905,5578,Spaghetti Strap Cold-Shoulder Ruffle Dress,Women's Clothing,7.18,21.99,14.81,67.3,Y,https://ipimg.interestprint.com/data/product/5578/img/20260429/20260429140936469802_250x250.jpg,https://www.interestprint.com/custom/spaghetti_strap_cold_shoulder_ruffle_dress-5578.html
906,5008,Women’s Lightweight Ruffle Shoulder Sweatshirt,Women's Clothing,7.18,29.99,22.81,76.1,Y,https://ipimg.interestprint.com/data/product/5008/img/20251203/20251203173240368929_250x250.jpg,https://www.interestprint.com/custom/women_s_lightweight_ruffle_shoulder_sweatshirt-5008.html
907,4644,Women's Ruffle Sleeve Blouse,Women's Clothing,7.18,29.99,22.81,76.1,Y,https://ipimg.interestprint.com/data/product/4644/img/20250902/20250902003939800687_250x250.jpg,https://www.interestprint.com/custom/women_s_ruffle_sleeve_blouse-4644.html
908,4510,Sleeveless Pocket Dress,Women's Clothing,7.18,35.99,28.81,80.1,Y,https://ipimg.interestprint.com/data/product/4510/img/20250716/20250716234201016226_250x250.jpg,https://www.interestprint.com/custom/sleeveless_pocket_dress-4510.html
909,4206,Women's Long Sleeve Top,Women's Clothing,7.18,19.99,12.81,64.1,Y,https://ipimg.interestprint.com/data/product/4206/img/20250310/20250310000128119215_250x250.jpg,https://www.interestprint.com/custom/women_s_long_sleeve_top-4206.html
910,3836,Women's V-Neck Strap Tank Top,Women's Clothing,7.18,16.99,9.81,57.7,Y,https://ipimg.interestprint.com/data/product/3836/img/20240925/20240925195100453780_250x250.jpg,https://www.interestprint.com/custom/women_s_v_neck_strap_tank_top-3836.html
911,3813,Women's V-Neck Dress,Women's Clothing,7.18,17.99,10.81,60.1,Y,https://ipimg.interestprint.com/data/product/3813/img/20240918/20240918230820039275_250x250.jpg,https://www.interestprint.com/custom/all_over_print_v_neck_dress-3813.html
912,3630,Sexy Deep-V One-Piece (SDSQQ004),Women's Clothing,7.18,15.99,8.81,55.1,Y,https://ipimg.interestprint.com/data/product/3630/img/20240715/20240715003408853463_250x250.jpg,https://www.interestprint.com/custom/sexy_deep_v_one_piece-3630.html
913,3508,Women's Straight-leg Pants,Women's Clothing,7.18,15.99,8.81,55.1,Y,https://ipimg.interestprint.com/data/product/3508/img/20240617/20240617194753380057_250x250.jpg,https://www.interestprint.com/custom/women_s_straight_leg_pants-3508.html
914,4842,All Over Print Sweatshirt,Men's Clothing,7.18,15.99,8.81,55.1,Y,https://ipimg.interestprint.com/data/product/4842/img/20260703/20260703100920791655_250x250.jpg,https://www.interestprint.com/custom/all_over_print_sweatshirt-4842.html
915,3522,Men's V-Neck Soccer Jersey,Men's Clothing,7.18,19.99,12.81,64.1,Y,https://ipimg.interestprint.com/data/product/3522/img/20240619/20240619235055293709_250x250.jpg,https://www.interestprint.com/custom/men_s_v_neck_soccer_jersey-3522.html
916,3523,Men's Long Sleeve Rugby Jersey,Men's Clothing,7.18,19.99,12.81,64.1,Y,https://ipimg.interestprint.com/data/product/3523/img/20240619/20240619235152028690_250x250.jpg,https://www.interestprint.com/custom/men_s_long_sleeve_rugby_jersey-3523.html
917,6096,Men's V-Neck Soccer Jersey （Size 2XL）,Men's Clothing,7.18,19.99,12.81,64.1,Y,https://ipimg.interestprint.com/data/product/6096/img/20260818/20260818094502561982_250x250.jpg,https://www.interestprint.com/custom/men_s_v_neck_soccer_jersey_size_2xl-6096.html
918,6095,Men's V-Neck Soccer Jersey （Size XL）,Men's Clothing,7.18,19.99,12.81,64.1,Y,https://ipimg.interestprint.com/data/product/6095/img/20260818/20260818093930449565_250x250.jpg,https://www.interestprint.com/custom/men_s_v_neck_soccer_jersey_size_xl-6095.html
919,5639,Men's V-Neck Soccer Jersey （Size M）,Men's Clothing,7.18,19.99,12.81,64.1,Y,https://ipimg.interestprint.com/data/product/5639/img/20260511/20260511175531563151_250x250.jpg,https://www.interestprint.com/custom/men_s_v_neck_soccer_jersey_size_m-5639.html
920,5635,Men's V-Neck Soccer Jersey （Size L）,Men's Clothing,7.18,19.99,12.81,64.1,Y,https://ipimg.interestprint.com/data/product/5635/img/20260511/20260511120432347312_250x250.jpg,https://www.interestprint.com/custom/men_s_v_neck_soccer_jersey-5635.html
921,4659,Kids' Thick Pullover Sweater,Kid's Clothing,7.18,29.99,22.81,76.1,Y,https://ipimg.interestprint.com/data/product/4659/img/20250905/20250905001608937465_250x250.jpg,https://www.interestprint.com/custom/kids_pullover_sweater-4659.html
922,3768,All Over Print Climbing Suit,Kid's Clothing,7.18,17.99,10.81,60.1,Y,https://ipimg.interestprint.com/data/product/3768/img/20240823/20240823021231198820_250x250.jpg,https://www.interestprint.com/custom/all_over_print_climbing_suit-3768.html
923,5463,Custom Greeting Card | Ships from USA,Christmas Gifts,7.19,16.99,9.8,57.7,Y,https://ipimg.interestprint.com/data/product/5463/img/20260415/20260415142642609336_250x250.jpg,https://www.interestprint.com/custom/one_sheet_greeting_card_ships_from_usa-5463.html
924,4909,Acrylic Book Shaped Vase | Ships from USA,Mother's Day,7.19,25.99,18.8,72.3,Y,https://ipimg.interestprint.com/data/product/4909/img/20260110/20260110032632277547_250x250.jpg,https://www.interestprint.com/custom/acrylic_book_shaped_vase-4909.html
925,6040,"Personalized Temporary Tattoos ( 15 Pieces, Customizable Separately ) | Ships from USA",U.S. Fulfillment,7.19,21.99,14.8,67.3,Y,https://ipimg.interestprint.com/data/product/6040/img/20260805/20260805160839181218_250x250.jpg,https://www.interestprint.com/custom/personalized_temporary_tattoos_15_pieces_customizable_separately_ships_from_usa-6040.html
926,5914,"Peach Skin House Flag 36"" x 60"" (One Side) | Ships from USA",U.S. Fulfillment,7.19,21.99,14.8,67.3,Y,https://ipimg.interestprint.com/data/product/5914/img/20260702/20260702162901126892_250x250.jpg,https://www.interestprint.com/custom/peach_skin_house_flag_36_x_60_one_side_ships_from_usa-5914.html
927,5818,Custom Embroidered Sandwich Peak Cap | Ships from USA,U.S. Fulfillment,7.19,21.99,14.8,67.3,,https://ipimg.interestprint.com/data/product/5818/img/20260612/20260612161801034510_250x250.jpg,https://www.interestprint.com/custom/custom_embroidered_sandwich_peak_cap_ships_from_usa-5818.html
928,5556,Men's Washed Cotton T-Shirt (Front Printing)（Model T92）| Ships from USA,U.S. Fulfillment,7.19,21.99,14.8,67.3,Y,https://ipimg.interestprint.com/data/product/5556/img/20260424/20260424153357691677_250x250.jpg,https://www.interestprint.com/custom/men_s_washed_cotton_t_shirt_front_printing_model_t92_ships_from_usa-5556.html
929,5504,Personalized Temporary Tattoos (15 Pieces) | Ships from USA,U.S. Fulfillment,7.19,13.99,6.8,48.6,Y,https://ipimg.interestprint.com/data/product/5504/img/20260622/20260622134146590057_250x250.jpg,https://www.interestprint.com/custom/personalized_temporary_tattoos_15_pieces_us05-5504.html
930,4743,Men's Casual Shorts (Front Printing) | Ships from USA,U.S. Fulfillment,7.19,31.99,24.8,77.5,Y,https://ipimg.interestprint.com/data/product/4743/img/20260109/20260109000656226011_250x250.jpg,https://www.interestprint.com/custom/men_s_casual_shorts_front_printing-4743.html
931,4518,Crewneck Short Sleeve T Shirts,Women's Clothing,7.19,26.99,19.8,73.4,Y,https://ipimg.interestprint.com/data/product/4518/img/20250716/20250716015100638949_250x250.jpg,https://www.interestprint.com/custom/custom_crewneck_short_sleeve_t_shirts-4518.html
932,5806,3-Piece Bathroom Rug Set 60 x 40cm,Home Decor,7.19,21.99,14.8,67.3,Y,https://ipimg.interestprint.com/data/product/5806/img/20260610/20260610150240893954_250x250.jpg,https://www.interestprint.com/custom/3_piece_bathroom_rug_set_60_x_40cm-5806.html
933,3261,Insulated Water Bottle with Dual-use Lid (18oz),Home Decor,7.19,20.99,13.8,65.7,Y,https://ipimg.interestprint.com/data/product/3261/img/20240509/20240509001648221159_250x250.jpg,https://www.interestprint.com/custom/insulated_water_bottle_with_dual_use_lid_18oz-3261.html
934,2884,Insulated Water Bottle with Straw Lid (18oz),Home Decor,7.19,27.99,20.8,74.3,Y,https://ipimg.interestprint.com/data/product/2884/img/20230926/20230926183446098705_250x250.jpg,https://www.interestprint.com/custom/insulated_water_bottle_with_straw_lid_18oz-2884.html
935,5393,12oz Kids Insulated Water Bottle,Home Decor,7.19,21.99,14.8,67.3,Y,https://ipimg.interestprint.com/data/product/5393/img/20260325/20260325164240220077_250x250.jpg,https://www.interestprint.com/custom/12oz_kids_insulated_water_bottle-5393.html
936,5989,Women's Off-shoulder Long Sleeve Sweatshirt,Women's Clothing,7.22,21.99,14.77,67.2,Y,https://ipimg.interestprint.com/data/product/5989/img/20260720/20260720155932095878_250x250.jpg,https://www.interestprint.com/custom/women_s_off_shoulder_long_sleeve_sweatshirt-5989.html
937,4641,Oversized T- Shirt Loungewear,Women's Clothing,7.22,25.99,18.77,72.2,Y,https://ipimg.interestprint.com/data/product/4641/img/20250902/20250902004012962519_250x250.jpg,https://www.interestprint.com/custom/oversized_t_shirt_loungewear-4641.html
938,3624,Sexy Thongs (NZ066),Women's Clothing,7.22,14.99,7.77,51.8,Y,https://ipimg.interestprint.com/data/product/3624/img/20240710/20240710233005270881_250x250.jpg,https://www.interestprint.com/custom/sexy_thongs-3624.html
939,3582,All Over Print Skirt (ALQ),Women's Clothing,7.22,16.99,9.77,57.5,Y,https://ipimg.interestprint.com/data/product/3582/img/20240703/20240703230100365095_250x250.jpg,https://www.interestprint.com/custom/all_over_print_skirt-3582.html
940,3525,Strappy Sleeveless Dress,Women's Clothing,7.22,18.99,11.77,62.0,Y,https://ipimg.interestprint.com/data/product/3525/img/20240620/20240620235406870448_250x250.jpg,https://www.interestprint.com/custom/strappy_sleeveless_dress-3525.html
941,3489,Sexy Spaghetti Strap Dress,Women's Clothing,7.22,16.99,9.77,57.5,Y,https://ipimg.interestprint.com/data/product/3489/img/20240614/20240614011854146706_250x250.jpg,https://www.interestprint.com/custom/sexy_spaghetti_strap_dress-3489.html
942,3351,Women's Hollow Out Tank Top,Women's Clothing,7.22,14.99,7.77,51.8,Y,https://ipimg.interestprint.com/data/product/3351/img/20240512/20240512183530626958_250x250.jpg,https://www.interestprint.com/custom/women_s_hollow_out_tank_top-3351.html
943,3363,Women's Imitation Hemp V-neck Tank Top,Women's Clothing,7.22,17.99,10.77,59.9,Y,https://ipimg.interestprint.com/data/product/3363/img/20240514/20240514232622271388_250x250.jpg,https://www.interestprint.com/custom/women_s_imitation_hemp_v_neck_tank_top-3363.html
944,3295,Sleeveless POLO Tank Top,Women's Clothing,7.22,15.99,8.77,54.8,Y,https://ipimg.interestprint.com/data/product/3295/img/20240710/20240710003245172110_250x250.jpg,https://www.interestprint.com/custom/sleeveless_polo_tank_top-3295.html
945,3313,Men's Kimono Jacket ZS904,Men's Clothing,7.22,17.99,10.77,59.9,Y,https://ipimg.interestprint.com/data/product/3313/img/20240502/20240502000306963271_250x250.jpg,https://www.interestprint.com/custom/men_s_kimono_jacket_zs904-3313.html
946,3226,Men's Training Jersey XT,Men's Clothing,7.22,17.99,10.77,59.9,Y,https://ipimg.interestprint.com/data/product/3226/img/20240419/20240419020718064102_250x250.jpg,https://www.interestprint.com/custom/men_s_training_jersey_xt-3226.html
947,5189,Youth Baseball Jersey,Kid's Clothing,7.22,26.99,19.77,73.2,Y,https://ipimg.interestprint.com/data/product/5189/img/20260122/20260122193212793756_250x250.jpg,https://www.interestprint.com/custom/youth_baseball_jersey-5189.html
948,5188,Kids Baseball Jersey,Kid's Clothing,7.22,22.99,15.77,68.6,Y,https://ipimg.interestprint.com/data/product/5188/img/20260122/20260122193200271550_250x250.jpg,https://www.interestprint.com/custom/kids_baseball_jersey-5188.html
949,4275,Children‘s Polo Shirt,Kid's Clothing,7.22,25.99,18.77,72.2,Y,https://ipimg.interestprint.com/data/product/4275/img/20250409/20250409202651219782_250x250.jpg,https://www.interestprint.com/custom/children_s_polo_shirt-4275.html
950,4966,Oxford Rectangular Tablecloth (137 x 183 cm),Home Decor,7.22,26.99,19.77,73.2,Y,https://ipimg.interestprint.com/data/product/4966/img/20251126/20251126223623915488_250x250.jpg,https://www.interestprint.com/custom/oxford_rectangular_tablecloth-4966.html
951,4875,Custom Shower Curtain (143×180cm),Home Decor,7.22,16.99,9.77,57.5,Y,https://ipimg.interestprint.com/data/product/4875/img/20251021/20251021221031575232_250x250.jpg,https://www.interestprint.com/custom/custom_shower_curtain_143_180cm-4875.html
952,4854,Wooden Wall Clock Without Scale (White Pointer)(25 x 25 cm),Home Decor,7.22,19.99,12.77,63.9,Y,https://ipimg.interestprint.com/data/product/4854/img/20251020/20251020011447964313_250x250.jpg,https://www.interestprint.com/custom/wooden_wall_clock_without_scale_white_pointer_25_x_25_cm-4854.html
953,4684,Drawstring Laundry Basket (44x44cm),Home Decor,7.22,25.99,18.77,72.2,Y,https://ipimg.interestprint.com/data/product/4684/img/20250916/20250916014811145548_250x250.jpg,https://www.interestprint.com/custom/drawstring_laundry_basket_44x44cm-4684.html
954,4138,Bone China Decorative Plate,Home Decor,7.22,17.99,10.77,59.9,Y,https://ipimg.interestprint.com/data/product/4138/img/20250116/20250116191219133784_250x250.jpg,https://www.interestprint.com/custom/bone_china_decorative_plate-4138.html
955,4100,Wooden Wall Clock,Home Decor,7.22,22.99,15.77,68.6,Y,https://ipimg.interestprint.com/data/product/4100/img/20241226/20241226220233117900_250x250.jpg,https://www.interestprint.com/custom/wooden_wall_clock-4100.html
956,4093,Wooden Wall Clock Without Scale (Black Pointer),Home Decor,7.22,19.99,12.77,63.9,Y,https://ipimg.interestprint.com/data/product/4093/img/20241226/20241226220145803454_250x250.jpg,https://www.interestprint.com/custom/wooden_wall_clock_without_scale-4093.html
957,4651,Custom Wallet (Two Sides with  Different Printing),Bags,7.22,23.99,16.77,69.9,Y,https://ipimg.interestprint.com/data/product/4651/img/20250902/20250902023251993062_250x250.jpg,https://www.interestprint.com/custom/custom_wallet_two_side_different-4651.html
958,4273,Hemp Rope Tote Bag,Bags,7.22,26.99,19.77,73.2,Y,https://ipimg.interestprint.com/data/product/4273/img/20250409/20250409202712942648_250x250.jpg,https://www.interestprint.com/custom/hemp_rope_tote_bag-4273.html
959,4064,Custom Lunch Bag,Bags,7.22,18.99,11.77,62.0,Y,https://ipimg.interestprint.com/data/product/4064/img/20241219/20241219181209020966_250x250.jpg,https://www.interestprint.com/custom/custom_lunch_bag-4064.html
960,3973,Phone Crossbody Bag,Bags,7.22,17.99,10.77,59.9,Y,https://ipimg.interestprint.com/data/product/3973/img/20241112/20241112190822891498_250x250.jpg,https://www.interestprint.com/custom/phone_crossbody_bag-3973.html
961,4972,Car Seat Back Organizer,Accessories,7.22,21.99,14.77,67.2,Y,https://ipimg.interestprint.com/data/product/4972/img/20251119/20251119002830950667_250x250.jpg,https://www.interestprint.com/custom/car_seat_back_organizer-4972.html
962,3618,Balance Bike Parking Rack,Accessories,7.22,15.99,8.77,54.8,Y,https://ipimg.interestprint.com/data/product/3618/img/20240710/20240710003514594744_250x250.jpg,https://www.interestprint.com/custom/balance_bike_parking_rack-3618.html
963,3277,Ungraduated Adult Leisure Watch,Accessories,7.22,19.99,12.77,63.9,Y,https://ipimg.interestprint.com/data/product/3277/img/20240428/20240428201003447785_250x250.jpg,https://www.interestprint.com/custom/adult_leisure_watch-3277.html
964,3276,Adult Leisure Watch,Accessories,7.22,19.99,12.77,63.9,Y,https://ipimg.interestprint.com/data/product/3276/img/20240428/20240428201013709483_250x250.jpg,https://www.interestprint.com/custom/adult_leisure_watch-3276.html
965,4246,"Custom Frame Canvas Print 16""x16""（Square）",Wall Art,7.22,18.99,11.77,62.0,Y,https://ipimg.interestprint.com/data/product/4246/img/20250324/20250324012706412986_250x250.jpg,https://www.interestprint.com/custom/custom_frame_canvas_print_16_x16_square-4246.html
966,3022,Laptop Bag(Multiple Sizes),Back to School,7.23,18.99,11.76,61.9,Y,https://ipimg.interestprint.com/data/product/3022/img/20240411/20240411021555219056_250x250.jpg,https://www.interestprint.com/custom/laptop_bag-3022.html
967,5960,Women's Casual V-Neck Dress,Women's Clothing,7.23,22.99,15.76,68.6,Y,https://ipimg.interestprint.com/data/product/5960/img/20260713/20260713162627699545_250x250.jpg,https://www.interestprint.com/custom/women_s_casual_v_neck_dress-5960.html
968,5943,Women's Casual Long Sleeve V-Neck Sweatshirt,Women's Clothing,7.23,21.99,14.76,67.1,Y,https://ipimg.interestprint.com/data/product/5943/img/20260708/20260708164646932643_250x250.jpg,https://www.interestprint.com/custom/women_s_casual_long_sleeve_v_neck_sweatshirt-5943.html
969,5325,Women's V-neck Short Sleeve Blouse with Chest Pocket,Women's Clothing,7.23,21.99,14.76,67.1,Y,https://ipimg.interestprint.com/data/product/5325/img/20260309/20260309010441148087_250x250.jpg,https://www.interestprint.com/custom/women_s_v_neck_short_sleeve_blouse_with_chest_pocket-5325.html
970,4165,All Over Print Women's Romper,Women's Clothing,7.23,16.99,9.76,57.4,Y,https://ipimg.interestprint.com/data/product/4165/img/20250209/20250209230628201408_250x250.jpg,https://www.interestprint.com/custom/all_over_print_women_s_romper-4165.html
971,4340,Women's Short Sleeve Dress,Women's Clothing,7.23,28.99,21.76,75.1,Y,https://ipimg.interestprint.com/data/product/4340/img/20250516/20250516021416265923_250x250.jpg,https://www.interestprint.com/custom/women_s_short_sleeve_dress-4340.html
972,3691,Raglan Crewneck Sweatshirt (RH),Women's Clothing,7.23,17.99,10.76,59.8,Y,https://ipimg.interestprint.com/data/product/3691/img/20240723/20240723004702519018_250x250.jpg,https://www.interestprint.com/custom/raglan_crewneck_sweatshirt-3691.html
973,3889,Women's V-Neck Petal Sleeve Blouse,Women's Clothing,7.23,16.99,9.76,57.4,Y,https://ipimg.interestprint.com/data/product/3889/img/20241015/20241015010656456312_250x250.jpg,https://www.interestprint.com/custom/women_s_v_neck_petal_sleeve_blouse-3889.html
974,4308,Men's Cotton T-Shirt (Front Printing),Men's Clothing,7.23,25.99,18.76,72.2,Y,https://ipimg.interestprint.com/data/product/4308/img/20250429/20250429012511310512_250x250.jpg,https://www.interestprint.com/custom/men_s_cotton_t_shirt_front_printing-4308.html
975,4280,Men‘s Polo Shirt,Men's Clothing,7.23,28.99,21.76,75.1,Y,https://ipimg.interestprint.com/data/product/4280/img/20250410/20250410225118283382_250x250.jpg,https://www.interestprint.com/custom/men_s_polo_shirt-4280.html
976,3732,Men's 3/4 Sleeve Raglan T-Shirt,Men's Clothing,7.23,16.99,9.76,57.4,Y,https://ipimg.interestprint.com/data/product/3732/img/20240808/20240808232543241009_250x250.jpg,https://www.interestprint.com/custom/men_s_3_4_sleeve_raglan_t_shirt-3732.html
977,3318,Zipped Short-sleeve Sports Shirt LTPL200,Men's Clothing,7.23,15.99,8.76,54.8,Y,https://ipimg.interestprint.com/data/product/3318/img/20240502/20240502000215244144_250x250.jpg,https://www.interestprint.com/custom/zipped_short_sleeve_sports_shirt_ltpl200-3318.html
978,4214,Kids' Crewneck Sweatshirt,Kid's Clothing,7.23,21.99,14.76,67.1,Y,https://ipimg.interestprint.com/data/product/4214/img/20250310/20250310000332594792_250x250.jpg,https://www.interestprint.com/custom/kids_crewneck_sweatshirt-4214.html
979,4213,Kids' Drop-Shoulder Crewneck Sweatshirt,Kid's Clothing,7.23,22.99,15.76,68.6,Y,https://ipimg.interestprint.com/data/product/4213/img/20250310/20250310000318752298_250x250.jpg,https://www.interestprint.com/custom/kids_drop_shoulder_crewneck_sweatshirt-4213.html
980,4683,Large Laundry Basket,Home Decor,7.23,23.99,16.76,69.9,Y,https://ipimg.interestprint.com/data/product/4683/img/20250916/20250916014825223339_250x250.jpg,https://www.interestprint.com/custom/large_laundry_basket-4683.html
981,3995,Coral Velvet Round Floor Mat (90*90cm),Home Decor,7.23,19.99,12.76,63.8,Y,https://ipimg.interestprint.com/data/product/3995/img/20241121/20241121232721487719_250x250.jpg,https://www.interestprint.com/custom/coral_velvet_floor_mat_90_90cm-3995.html
982,3976,Toiletry Bag,Bags,7.23,16.99,9.76,57.4,Y,https://ipimg.interestprint.com/data/product/3976/img/20241114/20241114184936487487_250x250.jpg,https://www.interestprint.com/custom/toiletry_bag-3976.html
983,4623,Protective Case with Pencil Holder for iPad Air 4/5 (10.9-inch),Accessories,7.23,25.99,18.76,72.2,Y,https://ipimg.interestprint.com/data/product/4623/img/20250822/20250822004407742806_250x250.jpg,https://www.interestprint.com/custom/ipad_pen_slot_protective_cover_book_style_for_ipad_air4_air5_10_9in-4623.html
984,4618,Protective Case with Pencil Holder for iPad Pro/Air (Multiple Models),Accessories,7.23,25.99,18.76,72.2,Y,https://ipimg.interestprint.com/data/product/4618/img/20250822/20250822004351432924_250x250.jpg,https://www.interestprint.com/custom/ipad_pen_slot_protective_cover_book_style-4618.html
985,4218,All Over Print Loose Fit Unisex Hoodie,Women's Clothing,7.25,21.99,14.74,67.0,Y,https://ipimg.interestprint.com/data/product/4218/img/20250312/20250312220526065501_250x250.jpg,https://www.interestprint.com/custom/loose_fit_hoodie_hood_single_layer_printing-4218.html
986,3529,Yoga Top (XG005),Women's Clothing,7.25,17.99,10.74,59.7,Y,https://ipimg.interestprint.com/data/product/3529/img/20240620/20240620234841588269_250x250.jpg,https://www.interestprint.com/custom/yoga_top-3529.html
987,3736,Men's Casual Short Sleeve Shirt,Men's Clothing,7.25,16.99,9.74,57.3,Y,https://ipimg.interestprint.com/data/product/3736/img/20240808/20240808232653358286_250x250.jpg,https://www.interestprint.com/custom/men_s_casual_short_sleeve_shirt-3736.html
988,4712,1000-Piece Wooden Jigsaw Puzzles (Horizontal),Home Decor,7.25,39.99,32.74,81.9,Y,https://ipimg.interestprint.com/data/product/4712/img/20250918/20250918014013735689_250x250.jpg,https://www.interestprint.com/custom/1000_piece_wooden_jigsaw_puzzles_horizontal-4712.html
989,4703,1000-Piece Wooden Jigsaw Puzzles (Vertical),Home Decor,7.25,39.99,32.74,81.9,Y,https://ipimg.interestprint.com/data/product/4703/img/20250918/20250918013754840634_250x250.jpg,https://www.interestprint.com/custom/1000_piece_wooden_jigsaw_puzzles_vertical-4703.html
990,4037,Quilt Storage Bag,Bags,7.25,18.99,11.74,61.8,Y,https://ipimg.interestprint.com/data/product/4037/img/20241203/20241203231043775759_250x250.jpg,https://www.interestprint.com/custom/custom_storage_bag-4037.html
991,3605,Pet Training Package (A007),Accessories,7.25,15.99,8.74,54.7,Y,https://ipimg.interestprint.com/data/product/3605/img/20240709/20240709000937436478_250x250.jpg,https://www.interestprint.com/custom/pet_training_package_a007-3605.html
992,5163,"Triptych Decorative Unframe 16"" × 24""",Wall Art,7.25,19.99,12.74,63.7,Y,https://ipimg.interestprint.com/data/product/5163/img/20260115/20260115233345795304_250x250.jpg,https://www.interestprint.com/custom/triptych_decorative_unframe_16_24-5163.html
993,6072,Women's Satin Pajama Shorts with Pockets,Women's Clothing,7.26,21.99,14.73,67.0,Y,https://ipimg.interestprint.com/data/product/6072/img/20260813/20260813163335016749_250x250.jpg,https://www.interestprint.com/custom/women_s_satin_pajama_shorts_with_pockets-6072.html
994,5859,Women's Slim Fit Long Sleeve Full-Zip Athletic Shirt,Women's Clothing,7.27,21.99,14.72,66.9,Y,https://ipimg.interestprint.com/data/product/5859/img/20260623/20260623172848452351_250x250.jpg,https://www.interestprint.com/custom/women_s_slim_fit_long_sleeve_full_zip_athletic_shirt-5859.html
995,5805,Women's  Cold Shoulder Top with Elasticated Waist,Women's Clothing,7.27,21.99,14.72,66.9,Y,https://ipimg.interestprint.com/data/product/5805/img/20260612/20260612084057429878_250x250.jpg,https://www.interestprint.com/custom/women_s_cold_shoulder_top_with_elasticated_waist-5805.html
996,5799,Women's  Square Neck Long Sleeve Ribbed Top,Women's Clothing,7.27,21.99,14.72,66.9,,https://ipimg.interestprint.com/data/product/5799/img/20260610/20260610111331517317_250x250.jpg,https://www.interestprint.com/custom/women_s_square_neck_long_sleeve_ribbed_top-5799.html
997,5767,Women's V-Neck Short Sleeve Pajama Set,Women's Clothing,7.27,21.99,14.72,66.9,Y,https://ipimg.interestprint.com/data/product/5767/img/20260604/20260604134437332148_250x250.jpg,https://www.interestprint.com/custom/women_s_v_neck_short_sleeve_pajama_set-5767.html
998,5727,Women's Spaghetti Strap Dress With Pockets,Women's Clothing,7.27,21.99,14.72,66.9,Y,https://ipimg.interestprint.com/data/product/5727/img/20260527/20260527174417318320_250x250.jpg,https://www.interestprint.com/custom/women_s_spaghetti_strap_dress_with_pockets-5727.html
999,5660,Women's Half Cardigan Ruffle Sleeve Top,Women's Clothing,7.27,21.99,14.72,66.9,Y,https://ipimg.interestprint.com/data/product/5660/img/20260518/20260518174200878011_250x250.jpg,https://www.interestprint.com/custom/women_s_half_cardigan_ruffle_sleeve_top-5660.html
1000,5641,Women’s Square Neck Long Sleeve Ribbed T-Shirt,Women's Clothing,7.27,21.99,14.72,66.9,Y,https://ipimg.interestprint.com/data/product/5641/img/20260518/20260518174941261794_250x250.jpg,https://www.interestprint.com/custom/women_s_square_neck_long_sleeve_ribbed_t_shirt-5641.html
1001,5625,Women's Round Neck Ruffle Hem Top,Women's Clothing,7.27,21.99,14.72,66.9,Y,https://ipimg.interestprint.com/data/product/5625/img/20260518/20260518175642192170_250x250.jpg,https://www.interestprint.com/custom/women_s_round_neck_ruffle_hem_top-5625.html
1002,5623,Women's Pleated Collar Short Sleeve Top,Women's Clothing,7.27,21.99,14.72,66.9,Y,https://ipimg.interestprint.com/data/product/5623/img/20260508/20260508093712770615_250x250.jpg,https://www.interestprint.com/custom/women_s_pleated_collar_short_sleeve_top-5623.html
1003,5612,Men's Long-Sleeve T-Shirt with Front Drawstring,Men's Clothing,7.27,21.99,14.72,66.9,Y,https://ipimg.interestprint.com/data/product/5612/img/20260507/20260507091653700859_250x250.jpg,https://www.interestprint.com/custom/men_s_long_sleeve_t_shirt_with_front_drawstring-5612.html
1004,5927,Children’s Long-Sleeve Half-Zip Double-Pocket Sweatshirt,Kid's Clothing,7.27,21.99,14.72,66.9,Y,https://ipimg.interestprint.com/data/product/5927/img/20260706/20260706112345419122_250x250.jpg,https://www.interestprint.com/custom/children_s_long_sleeve_half_zip_double_pocket_sweatshirt-5927.html
1005,5457,Children’s Double-Pocket Baseball Jacket,Kid's Clothing,7.27,28.99,21.72,74.9,Y,https://ipimg.interestprint.com/data/product/5457/img/20260410/20260410150855284901_250x250.jpg,https://www.interestprint.com/custom/children_s_double_pocket_baseball_jacket-5457.html
1006,3965,Vertical Cup,Home Decor,7.27,19.99,12.72,63.6,Y,https://ipimg.interestprint.com/data/product/3965/img/20241112/20241112190614929769_250x250.jpg,https://www.interestprint.com/custom/vertical_cup-3965.html
1007,5862,Oxford Cloth Tire Cover,Accessories,7.27,21.99,14.72,66.9,Y,https://ipimg.interestprint.com/data/product/5862/img/20260623/20260623164854378291_250x250.jpg,https://www.interestprint.com/custom/oxford_cloth_tire_cover-5862.html
1008,4140,Cotton Tote Bag (Two Sides with Different Printing) | Ships from USA,Summer Holiday,7.29,26.99,19.7,73.0,Y,https://ipimg.interestprint.com/data/product/4140/img/20260110/20260110054806576728_250x250.jpg,https://www.interestprint.com/custom/custom_cotton_tote_bag_two_sides_printing-4140.html
1009,5842,"Cotton Linen House Flag 28"" x 40"" (One Side) | Ships from USA",U.S. Fulfillment,7.29,22.99,15.7,68.3,Y,https://ipimg.interestprint.com/data/product/5842/img/20260617/20260617164437949337_250x250.jpg,https://www.interestprint.com/custom/cotton_linen_house_flag_28_x_40_one_side_ships_from_usa-5842.html
1010,5644,Custom Embroidered Knitted Hat | Ships from USA,U.S. Fulfillment,7.29,21.99,14.7,66.8,,https://ipimg.interestprint.com/data/product/5644/img/20260512/20260512144840548595_250x250.jpg,https://www.interestprint.com/custom/custom_embroidered_knitted_hat_ships_from_usa-5644.html
1011,5561,Men's Washed Cotton T-Shirt (Front Printing) | Ships from USA,U.S. Fulfillment,7.29,21.99,14.7,66.8,Y,https://ipimg.interestprint.com/data/product/5561/img/20260427/20260427112304214394_250x250.jpg,https://www.interestprint.com/custom/men_s_washed_cotton_t_shirt_front_printing_ships_from_usa-5561.html
1012,5552,"Gift Wrapping Paper-Kraft Paper 58"" x 22"" (1 Roll) | Ships from USA",U.S. Fulfillment,7.29,21.99,14.7,66.8,Y,https://ipimg.interestprint.com/data/product/5552/img/20260424/20260424115101588826_250x250.jpg,https://www.interestprint.com/custom/gift_wrapping_paper_kraft_paper_58_x_22_1_roll_ships_from_usa-5552.html
1013,5108,"Art Print 36""x24"" | Ships from USA",U.S. Fulfillment,7.29,21.99,14.7,66.8,Y,https://ipimg.interestprint.com/data/product/5108/img/20260109/20260109021154454757_250x250.jpg,https://www.interestprint.com/custom/art_print_36_x24-5108.html
1014,5099,"Art Print 28""x28"" | Ships from USA",U.S. Fulfillment,7.29,26.99,19.7,73.0,Y,https://ipimg.interestprint.com/data/product/5099/img/20260109/20260109022137503695_250x250.jpg,https://www.interestprint.com/custom/art_print_28_x28-5099.html
1015,5085,"Art Print 24""x36""  | Ships from USA",U.S. Fulfillment,7.29,21.99,14.7,66.8,Y,https://ipimg.interestprint.com/data/product/5085/img/20260109/20260109072714955748_250x250.jpg,https://www.interestprint.com/custom/art_print_24_x36-5085.html
1016,841,Men's All Over Print Tank Top (Model T57),Men's Clothing,7.29,29.99,22.7,75.7,Y,https://ipimg.interestprint.com/data/product/841/img/20180801/20180801235515070610_250x250.png,https://www.interestprint.com/custom/men_s_tank_top-841.html
1017,6015,"Round Wall Clock 10""",Home Decor,7.29,21.99,14.7,66.8,Y,https://ipimg.interestprint.com/data/product/6015/img/20260727/20260727111451778233_250x250.jpg,https://www.interestprint.com/custom/round_wall_clock_10-6015.html
1018,943,"Ultra-Soft Micro Fleece Blanket 50"" x 60""",Home Decor,7.29,49.99,42.7,85.4,Y,https://ipimg.interestprint.com/data/product/943/img/20190307/20190307234335982243_250x250.jpg,https://www.interestprint.com/custom/ultra_soft_micro_fleece_blanket_50_60-943.html
1019,2785,"Ultra-Soft Micro Fleece Blanket 60""x50""",Home Decor,7.29,40.99,33.7,82.2,Y,https://ipimg.interestprint.com/data/product/2785/img/20230615/20230615021120542522_250x250.jpg,https://www.interestprint.com/custom/2019_50_60-2785.html
1020,3801,Belt Bag-Small (Model 1744),Bags,7.29,21.99,14.7,66.8,Y,https://ipimg.interestprint.com/data/product/3801/img/20240904/20240904181723069191_250x250.jpg,https://www.interestprint.com/custom/belt_bag_small-3801.html
1021,5582,Women's Button-Down Ruffle Collar Sweatshirts,Women's Clothing,7.32,21.99,14.67,66.7,Y,https://ipimg.interestprint.com/data/product/5582/img/20260429/20260429142824475169_250x250.jpg,https://www.interestprint.com/custom/women_s_button_down_ruffle_collar_sweatshirts-5582.html
1022,483,Women's Slip One Piece Swimsuit (Model S05),Women's Clothing,7.33,45.99,38.66,84.1,Y,https://ipimg.interestprint.com/data/product/483/img/20180509/20180509012413675969_250x250.png,https://www.interestprint.com/custom/women_s_slip_one_piece_swimsuit-483.html
1023,5549,Women's Strappy Slit Dress,Women's Clothing,7.34,21.99,14.65,66.6,Y,https://ipimg.interestprint.com/data/product/5549/img/20260423/20260423143506773331_250x250.jpg,https://www.interestprint.com/custom/women_s_strappy_slit_dress-5549.html
1024,3998,Long Sleeve Bodycon Dress,Women's Clothing,7.34,18.99,11.65,61.3,Y,https://ipimg.interestprint.com/data/product/3998/img/20241120/20241120000157031036_250x250.jpg,https://www.interestprint.com/custom/long_sleeve_bodycon_dress-3998.html
1025,3296,Loose-Fit Chiffon Long-Sleeve Top,Women's Clothing,7.34,17.99,10.65,59.2,Y,https://ipimg.interestprint.com/data/product/3296/img/20240429/20240429005522417816_250x250.jpg,https://www.interestprint.com/custom/loose_fit_chiffon_long_sleeve_top-3296.html
1026,3858,Girl's All Over Print Dress,Kid's Clothing,7.34,18.99,11.65,61.3,Y,https://ipimg.interestprint.com/data/product/3858/img/20240926/20240926233937138820_250x250.jpg,https://www.interestprint.com/custom/girl_s_all_over_print_dress-3858.html
1027,3167,Yoga Knickerbockers (JJ1228),Women's Clothing,7.35,16.99,9.64,56.7,Y,https://ipimg.interestprint.com/data/product/3167/img/20240406/20240406223850052004_250x250.jpg,https://www.interestprint.com/custom/yoga_knickerbockers_jj1228-3167.html
1028,6132,Round Ceramic Ornament ( Two Sides ) | Ships from USA,Christmas Gifts,7.39,21.99,14.6,66.4,Y,https://ipimg.interestprint.com/data/product/6132/img/20260825/20260825162950298097_250x250.jpg,https://www.interestprint.com/custom/round_ceramic_ornament_two_sides_ships_from_usa-6132.html
1029,5676,"Custom Pillow Case 30"" x 20"" ( 2-Pack ) | Ships from USA",U.S. Fulfillment,7.39,21.99,14.6,66.4,Y,https://ipimg.interestprint.com/data/product/5676/img/20260519/20260519170922555223_250x250.jpg,https://www.interestprint.com/custom/custom_pillow_case_30_x_20_2_pack_ships_from_usa-5676.html
1030,5115,"Art Print 30""x24"" | Ships from USA",U.S. Fulfillment,7.39,25.99,18.6,71.6,Y,https://ipimg.interestprint.com/data/product/5115/img/20260109/20260109015447813609_250x250.jpg,https://www.interestprint.com/custom/art_print_30_x24-5115.html
1031,5088,"Art Print 24""x32"" | Ships from USA",U.S. Fulfillment,7.39,24.99,17.6,70.4,Y,https://ipimg.interestprint.com/data/product/5088/img/20260109/20260109071042169383_250x250.jpg,https://www.interestprint.com/custom/art_print_24_x32-5088.html
1032,5092,"Art Print 24""x30""  | Ships from USA",U.S. Fulfillment,7.39,25.99,18.6,71.6,Y,https://ipimg.interestprint.com/data/product/5092/img/20260109/20260109072023122005_250x250.jpg,https://www.interestprint.com/custom/art_print_24_x30-5092.html
1033,2992,300-Piece Wooden Jigsaw Puzzles (Horizontal) | Ships from USA,U.S. Fulfillment,7.39,21.99,14.6,66.4,Y,https://ipimg.interestprint.com/data/product/2992/img/20260311/20260311175554058732_250x250.jpg,https://www.interestprint.com/custom/300_piece_wooden_jigsaw_puzzles_horizontal_que-2992.html
1034,2932,Custom Morphing Mug(11OZ)(Made in USA),U.S. Fulfillment,7.39,19.59,12.2,62.3,Y,https://ipimg.interestprint.com/data/product/2932/img/20240107/20240107235845713503_250x250.jpg,https://www.interestprint.com/custom/custom_morphing_mug-2932.html
1035,5788,Women's Sexy Cold Shoulder V-Neck Shirt,Women's Clothing,7.39,22.99,15.6,67.9,,https://ipimg.interestprint.com/data/product/5788/img/20260609/20260609112732424929_250x250.jpg,https://www.interestprint.com/custom/women_s_sexy_cold_shoulder_v_neck_shirt-5788.html
1036,5590,Women's V-Neck Long-Sleeve Shirt,Women's Clothing,7.39,21.99,14.6,66.4,Y,https://ipimg.interestprint.com/data/product/5590/img/20260508/20260508152658766942_250x250.jpg,https://www.interestprint.com/custom/women_s_v_neck_long_sleeve_shirt-5590.html
1037,5414,Women's Oversized Round Neck Drop Shoulder Dress with Pockets,Women's Clothing,7.39,27.99,20.6,73.6,Y,https://ipimg.interestprint.com/data/product/5414/img/20260401/20260401140504330636_250x250.jpg,https://www.interestprint.com/custom/women_s_oversized_round_neck_drop_shoulder_dress_with_pockets-5414.html
1038,5544,Men's Long-Sleeve Drawstring Shirt,Men's Clothing,7.39,22.99,15.6,67.9,Y,https://ipimg.interestprint.com/data/product/5544/img/20260424/20260424145146046041_250x250.jpg,https://www.interestprint.com/custom/men_s_long_sleeve_drawstring_shirt-5544.html
1039,5984,Women's Square Neck Long Sleeve Bodysuit,Women's Clothing,7.41,22.99,15.58,67.8,Y,https://ipimg.interestprint.com/data/product/5984/img/20260717/20260717163505249899_250x250.jpg,https://www.interestprint.com/custom/women_s_square_neck_long_sleeve_bodysuit-5984.html
1040,5734,Women's Ruffled Sleeve Dress,Women's Clothing,7.41,22.99,15.58,67.8,Y,https://ipimg.interestprint.com/data/product/5734/img/20260528/20260528171356348591_250x250.jpg,https://www.interestprint.com/custom/women_s_ruffled_sleeve_dress-5734.html
1041,5654,Women's Batwing Sleeve Ruched Dress,Women's Clothing,7.41,21.99,14.58,66.3,Y,https://ipimg.interestprint.com/data/product/5654/img/20260514/20260514111817165778_250x250.jpg,https://www.interestprint.com/custom/women_s_batwing_sleeve_ruched_dress-5654.html
1042,5500,Women's Mesh Slit Skirt,Women's Clothing,7.41,22.99,15.58,67.8,Y,https://ipimg.interestprint.com/data/product/5500/img/20260417/20260417163609583489_250x250.jpg,https://www.interestprint.com/custom/women_s_mesh_slit_skirt-5500.html
1043,5139,Women’s Ruffle Hem T‑Shirt,Women's Clothing,7.41,19.99,12.58,62.9,Y,https://ipimg.interestprint.com/data/product/5139/img/20260111/20260111172912399491_250x250.jpg,https://www.interestprint.com/custom/women_s_ruffle_hem_t_shirt-5139.html
1044,4021,Women's Long Sleeve Sun Protection Shirt,Women's Clothing,7.41,16.99,9.58,56.4,Y,https://ipimg.interestprint.com/data/product/4021/img/20241129/20241129002539641813_250x250.jpg,https://www.interestprint.com/custom/women_s_long_sleeve_sun_protection_shirt-4021.html
1045,4175,Girl's Ruffle Sleeve Top,Kid's Clothing,7.41,17.99,10.58,58.8,Y,https://ipimg.interestprint.com/data/product/4175/img/20250223/20250223214957410491_250x250.jpg,https://www.interestprint.com/custom/girl_s_ruffle_sleeve_top-4175.html
1046,4036,Folding Storage Bag,Bags,7.41,16.99,9.58,56.4,Y,https://ipimg.interestprint.com/data/product/4036/img/20241203/20241203231054439304_250x250.jpg,https://www.interestprint.com/custom/folding_storage_bag-4036.html
1047,4025,Custom Classic Backpack,Bags,7.41,15.99,8.58,53.7,Y,https://ipimg.interestprint.com/data/product/4025/img/20241129/20241129002500552209_250x250.jpg,https://www.interestprint.com/custom/custom_classic_backpack-4025.html
1048,5058,Spaghetti Strap Tank Top,Women's Clothing,7.45,19.99,12.54,62.7,Y,https://ipimg.interestprint.com/data/product/5058/img/20251217/20251217231305292324_250x250.jpg,https://www.interestprint.com/custom/spaghetti_strap_tank_top-5058.html
1049,3584,Sleeveless Skater Dress,Women's Clothing,7.45,15.99,8.54,53.4,Y,https://ipimg.interestprint.com/data/product/3584/img/20240703/20240703230123507509_250x250.jpg,https://www.interestprint.com/custom/sleeveless_skater_dress-3584.html
1050,3347,Off Shoulder Loose Casual Dress,Women's Clothing,7.45,15.99,8.54,53.4,Y,https://ipimg.interestprint.com/data/product/3347/img/20241216/20241216175838030624_250x250.jpg,https://www.interestprint.com/custom/off_shoulder_loose_casual_dress-3347.html
1051,5157,Men's Cotton T-Shirt (Chest& Sleeve Printing),Men's Clothing,7.45,19.99,12.54,62.7,Y,https://ipimg.interestprint.com/data/product/5157/img/20260115/20260115003221841850_250x250.jpg,https://www.interestprint.com/custom/men_s_cotton_t_shirt_chest_sleeve_printing-5157.html
1052,3795,Sports Underwear K40,Men's Clothing,7.45,17.99,10.54,58.6,Y,https://ipimg.interestprint.com/data/product/3795/img/20240905/20240905200113979783_250x250.jpg,https://www.interestprint.com/custom/sports_underwear-3795.html
1053,4991,Oxford Rectangular Tablecloth (152 x 182 cm),Home Decor,7.45,27.99,20.54,73.4,Y,https://ipimg.interestprint.com/data/product/4991/img/20251126/20251126223645002128_250x250.jpg,https://www.interestprint.com/custom/oxford_rectangular_tablecloth_152_x_182_cm-4991.html
1054,4065,All Over Print Lunch Bag,Bags,7.45,16.99,9.54,56.2,Y,https://ipimg.interestprint.com/data/product/4065/img/20241219/20241219181224088451_250x250.jpg,https://www.interestprint.com/custom/all_over_print_lunch_bag-4065.html
1055,3668,42mm Leather Apple Watch Band (Reverse Design),Accessories,7.45,15.99,8.54,53.4,Y,https://ipimg.interestprint.com/data/product/3668/img/20240718/20240718011112182595_250x250.jpg,https://www.interestprint.com/custom/42mm_leather_apple_watch_band_reverse_design-3668.html
1056,3637,38mm Leather Apple Watch Band (Reverse Design),Accessories,7.45,15.99,8.54,53.4,Y,https://ipimg.interestprint.com/data/product/3637/img/20241013/20241013190829235211_250x250.jpg,https://www.interestprint.com/custom/leather_apple_watch_band_reverse_design-3637.html
1057,3666,42mm Leather Apple Watch Band (Forward Design),Accessories,7.45,15.99,8.54,53.4,Y,https://ipimg.interestprint.com/data/product/3666/img/20240718/20240718011253209251_250x250.jpg,https://www.interestprint.com/custom/leather_apple_watch_band_forward_design-3666.html
1058,3635,38mm Leather Apple Watch Band (Forward Design),Accessories,7.45,15.99,8.54,53.4,Y,https://ipimg.interestprint.com/data/product/3635/img/20241013/20241013190907509471_250x250.jpg,https://www.interestprint.com/custom/leather_apple_watch_band_forward_design-3635.html
1059,4876,Custom Shower Curtain (163×180cm),Home Decor,7.47,17.99,10.52,58.5,Y,https://ipimg.interestprint.com/data/product/4876/img/20251021/20251021221134044631_250x250.jpg,https://www.interestprint.com/custom/custom_shower_curtain_163_180cm-4876.html
1060,4220,Double-Layer Hood All-Over Print Unisex Adult Hoodie,Women's Clothing,7.48,22.99,15.51,67.5,Y,https://ipimg.interestprint.com/data/product/4220/img/20250312/20250312220601699198_250x250.jpg,https://www.interestprint.com/custom/double_layer_hood_all_over_print_adult_hoodie-4220.html
1061,3494,Women's Sexy Swimwear,Women's Clothing,7.48,17.99,10.51,58.4,Y,https://ipimg.interestprint.com/data/product/3494/img/20240614/20240614011745151655_250x250.jpg,https://www.interestprint.com/custom/women_s_sexy_swimwear-3494.html
1062,5411,Custom Graduation Ribbon Braided Lei,Graduation Gifts,7.49,29.99,22.5,75.0,,https://ipimg.interestprint.com/data/product/5411/img/20260331/20260331102438599949_250x250.jpg,https://www.interestprint.com/custom/custom_graduation_ribbon_braided_lei-5411.html
1063,3622,200-Piece Wooden Jigsaw Puzzles (Vertical) | Ships from USA,U.S. Fulfillment,7.49,21.99,14.5,65.9,Y,https://ipimg.interestprint.com/data/product/3622/img/20260311/20260311181428856490_250x250.jpg,https://www.interestprint.com/custom/200_piece_wooden_jigsaw_puzzles_vertical_que-3622.html
1064,3621,200-Piece Wooden Jigsaw Puzzles (Horizontal) | Ships from USA,U.S. Fulfillment,7.49,21.99,14.5,65.9,Y,https://ipimg.interestprint.com/data/product/3621/img/20260311/20260311181334623982_250x250.jpg,https://www.interestprint.com/custom/200_piece_wooden_jigsaw_puzzles_horizontal_que-3621.html
1065,1405,Acrylic Photo Panel with Lighted Stand,Personalized Product,7.49,21.99,14.5,65.9,Y,https://ipimg.interestprint.com/data/product/1405/img/20230912/20230912005312608915_250x250.jpg,https://www.interestprint.com/custom/acrylic_photo_panel_with_lighted_stand-1405.html
1066,6116,"Peach Skin Tapestry with Lace Trim & Ribbons 50"" x 15""",Home Decor,7.49,21.99,14.5,65.9,Y,https://ipimg.interestprint.com/data/product/6116/img/20260821/20260821162835293786_250x250.jpg,https://www.interestprint.com/custom/peach_skin_tapestry_with_lace_trim_ribbons_50_x_15-6116.html
1067,6115,"Peach Skin Tapestry with Lace Trim & Ribbons 15"" x 50""",Home Decor,7.49,21.99,14.5,65.9,Y,https://ipimg.interestprint.com/data/product/6115/img/20260821/20260821162038082079_250x250.jpg,https://www.interestprint.com/custom/peach_skin_tapestry_with_lace_trim_ribbons_15_x_50-6115.html
1068,5953,Women's Sleeveless Keyhole Back Midi Dress,Women's Clothing,7.5,23.99,16.49,68.7,Y,https://ipimg.interestprint.com/data/product/5953/img/20260710/20260710174051207892_250x250.jpg,https://www.interestprint.com/custom/women_s_sleeveless_keyhole_back_midi_dress-5953.html
1069,5782,Women's Crew Neck Ruched Bubble Sleeve Dress,Women's Clothing,7.5,22.99,15.49,67.4,Y,https://ipimg.interestprint.com/data/product/5782/img/20260608/20260608113819772324_250x250.jpg,https://www.interestprint.com/custom/women_s_crew_neck_ruched_bubble_sleeve_dress-5782.html
1070,5602,Men's Short Sleeve Button-Down Shirt,Men's Clothing,7.5,22.99,15.49,67.4,Y,https://ipimg.interestprint.com/data/product/5602/img/20260505/20260505144758580276_250x250.png,https://www.interestprint.com/custom/men_s_short_sleeve_button_down_shirt-5602.html
1071,4424,Racerback Sports Bra,Women's Clothing,7.53,23.99,16.46,68.6,Y,https://ipimg.interestprint.com/data/product/4424/img/20250618/20250618235032089696_250x250.jpg,https://www.interestprint.com/custom/custom_racerback_sports_bra-4424.html
1072,3587,Yoga Top (YJ037),Women's Clothing,7.57,16.99,9.42,55.4,Y,https://ipimg.interestprint.com/data/product/3587/img/20240703/20240703230158728354_250x250.jpg,https://www.interestprint.com/custom/yoga_top_yj037-3587.html
1073,3585,Yoga Top (XG005KN07),Women's Clothing,7.57,16.99,9.42,55.4,Y,https://ipimg.interestprint.com/data/product/3585/img/20240703/20240703230135028555_250x250.jpg,https://www.interestprint.com/custom/yoga_top_xg005kn07-3585.html
1074,4452,Children's Short Sleeved Shirt,Kid's Clothing,7.57,31.99,24.42,76.3,Y,https://ipimg.interestprint.com/data/product/4452/img/20250625/20250625010309602951_250x250.jpg,https://www.interestprint.com/custom/children_s_short_sleeved_shirt-4452.html
1075,6047,All Over Print Cotton Baby's Swaddle Set,All-Over Cotton Collection,7.58,22.99,15.41,67.0,Y,https://ipimg.interestprint.com/data/product/6047/img/20260806/20260806154806608183_250x250.jpg,https://www.interestprint.com/custom/all_over_print_cotton_baby_s_swaddle_set-6047.html
1076,6124,Bathroom Suction Cup Anti-slip Mat 100 x 40cm,Home Decor,7.58,22.99,15.41,67.0,Y,https://ipimg.interestprint.com/data/product/6124/img/20260826/20260826150732182666_250x250.jpg,https://www.interestprint.com/custom/bathroom_suction_cup_anti_slip_mat_100_x_40cm-6124.html
1077,5878,Round Stickers (24 Pieces) | Ships from USA,U.S. Fulfillment,7.59,19.99,12.4,62.0,Y,https://ipimg.interestprint.com/data/product/5878/img/20260625/20260625152658659215_250x250.jpg,https://www.interestprint.com/custom/round_stickers_24_pieces_ships_from_usa-5878.html
1078,5297,Festival Banner 47x24inch  | Ships from USA,U.S. Fulfillment,7.59,21.99,14.4,65.5,Y,https://ipimg.interestprint.com/data/product/5297/img/20260227/20260227002717997669_250x250.jpg,https://www.interestprint.com/custom/festival_banner_47x24inch_ships_from_usa-5297.html
1079,4923,"Frame Canvas Print 8"" x 8"" | Ships from USA",U.S. Fulfillment,7.59,25.99,18.4,70.8,Y,https://ipimg.interestprint.com/data/product/4923/img/20260109/20260109012355414337_250x250.jpg,https://www.interestprint.com/custom/frame_canvas_print_8_x_8-4923.html
1080,4867,Scrub Cap | Ships from USA,U.S. Fulfillment,7.59,19.99,12.4,62.0,Y,https://ipimg.interestprint.com/data/product/4867/img/20260109/20260109220817323542_250x250.jpg,https://www.interestprint.com/custom/scrub_cap-4867.html
1081,4744,Custom Round Placemat (4 PCS) | Ships from USA,U.S. Fulfillment,7.59,22.99,15.4,67.0,Y,https://ipimg.interestprint.com/data/product/4744/img/20260110/20260110055257879773_250x250.jpg,https://www.interestprint.com/custom/custom_round_placemat_4_pcs-4744.html
1082,2977,"80-Piece Puzzle Frame 7""x 9"" | Ships from USA",U.S. Fulfillment,7.59,27.99,20.4,72.9,Y,https://ipimg.interestprint.com/data/product/2977/img/20260110/20260110051500172252_250x250.jpg,https://www.interestprint.com/custom/80_piece_puzzle_frame_7_x_9-2977.html
1083,2978,"80-Piece Puzzle Frame 9""x 7"" | Ships from USA",U.S. Fulfillment,7.59,27.99,20.4,72.9,Y,https://ipimg.interestprint.com/data/product/2978/img/20260110/20260110051124135367_250x250.jpg,https://www.interestprint.com/custom/80_piece_puzzle_frame-2978.html
1084,2679,"Garden Flag 28"" x 40"" (Two Sides with Different Printing) | Ships from USA",U.S. Fulfillment,7.59,29.99,22.4,74.7,,https://ipimg.interestprint.com/data/product/2679/img/20260520/20260520134551351879_250x250.jpg,https://www.interestprint.com/custom/garden_28x40_inch-2679.html
1085,2183,"Garden Flag 28"" x 40"" (Twin Sides) | Ships from USA",U.S. Fulfillment,7.59,23.99,16.4,68.4,Y,https://ipimg.interestprint.com/data/product/2183/img/20260108/20260108011358702685_250x250.jpg,https://www.interestprint.com/custom/garden_flag_28_x40-2183.html
1086,2349,"Cotton Linen Wall Tapestry 40"" x 60"" | Ships from USA",U.S. Fulfillment,7.59,27.99,20.4,72.9,Y,https://ipimg.interestprint.com/data/product/2349/img/20260625/20260625164455812944_250x250.jpg,https://www.interestprint.com/custom/cotton_linen_tapestry_40_x_60-2349.html
1087,2346,"Cotton Linen Wall Tapestry 60"" x 40"" | Ships from USA",U.S. Fulfillment,7.59,27.99,20.4,72.9,Y,https://ipimg.interestprint.com/data/product/2346/img/20260625/20260625164143042607_250x250.jpg,https://www.interestprint.com/custom/cotton_linen_tapestry_60_x_40-2346.html
1088,2423,All-Over Print Long Sleeve Crop Top(Model S27),Women's Clothing,7.59,26.99,19.4,71.9,Y,https://ipimg.interestprint.com/data/product/2423/img/20220601/20220601025218953927_250x250.jpg,https://www.interestprint.com/custom/s27-2423.html
1089,1292,Engraved Black Titanium Steel Photo Dog Tag Necklace,Personalized Product,7.6,29.99,22.39,74.7,Y,https://ipimg.interestprint.com/data/product/1292/img/20231211/20231211170602160633_250x250.jpg,https://www.interestprint.com/custom/engraved_black_titanium_steel_photo_dog_tag_necklace-1292.html
1090,5663,Women's Long Sleeve Dress with Pockets,Women's Clothing,7.61,22.99,15.38,66.9,Y,https://ipimg.interestprint.com/data/product/5663/img/20260518/20260518174519480844_250x250.jpg,https://www.interestprint.com/custom/women_s_long_sleeve_dress_with_pockets-5663.html
1091,6025,Women's Sleeveless Dress with Pockets,Women's Clothing,7.64,23.99,16.35,68.2,Y,https://ipimg.interestprint.com/data/product/6025/img/20260731/20260731095330392766_250x250.jpg,https://www.interestprint.com/custom/women_s_sleeveless_dress_with_pockets-6025.html
1092,5137,Women’s Lace Trim Pajama Shorts,Women's Clothing,7.64,21.99,14.35,65.3,Y,https://ipimg.interestprint.com/data/product/5137/img/20260111/20260111172958421250_250x250.jpg,https://www.interestprint.com/custom/women_s_lace_trim_pajama_shorts-5137.html
1093,4655,All-Over Print Women’s Wide-Leg Pants,Women's Clothing,7.64,31.99,24.35,76.1,Y,https://ipimg.interestprint.com/data/product/4655/img/20250905/20250905001513610256_250x250.jpg,https://www.interestprint.com/custom/all_over_print_women_s_wide_leg_pants-4655.html
1094,4267,All-Over Print Women's Crew Neck T-Shirt,Women's Clothing,7.64,21.99,14.35,65.3,Y,https://ipimg.interestprint.com/data/product/4267/img/20250409/20250409202726639141_250x250.jpg,https://www.interestprint.com/custom/all_over_print_women_s_crew_neck_t_shirt-4267.html
1095,3837,Women's Tank Top,Women's Clothing,7.64,17.99,10.35,57.5,Y,https://ipimg.interestprint.com/data/product/3837/img/20240925/20240925195109392476_250x250.jpg,https://www.interestprint.com/custom/women_s_round_neck_strap_tank_top-3837.html
1096,4277,Women's Straight Drawstring Yoga Pants,Women's Clothing,7.64,26.99,19.35,71.7,Y,https://ipimg.interestprint.com/data/product/4277/img/20250410/20250410225046896758_250x250.jpg,https://www.interestprint.com/custom/women_s_straight_drawstring_yoga_pants-4277.html
1097,5262,Children's Basketball Uniform,Kid's Clothing,7.64,28.99,21.35,73.6,Y,https://ipimg.interestprint.com/data/product/5262/img/20260211/20260211002253622299_250x250.jpg,https://www.interestprint.com/custom/children_s_basketball_uniform-5262.html
1098,6011,Women's Cross V Neck Button Long Sleeve Top,Women's Clothing,7.65,24.99,17.34,69.4,Y,https://ipimg.interestprint.com/data/product/6011/img/20260724/20260724172521854620_250x250.jpg,https://www.interestprint.com/custom/women_s_cross_v_neck_button_long_sleeve_top-6011.html
1099,6172,Girls' Yoga Leggings,Kid's Clothing,7.65,22.99,15.34,66.7,Y,https://ipimg.interestprint.com/data/product/6172/img/20260902/20260902164313470572_250x250.jpg,https://www.interestprint.com/custom/girls_yoga_leggings-6172.html
1100,4961,Multi-functional Pen Case,Back to School,7.68,19.99,12.31,61.6,Y,https://ipimg.interestprint.com/data/product/4961/img/20251114/20251114000528844133_250x250.jpg,https://www.interestprint.com/custom/multi_functional_pen_case-4961.html
1101,3274,Women's Strap Shorts Romper Jumpsuit,Women's Clothing,7.68,19.99,12.31,61.6,Y,https://ipimg.interestprint.com/data/product/3274/img/20240428/20240428201032771014_250x250.jpg,https://www.interestprint.com/custom/women_s_strap_shorts_romper_jumpsuit-3274.html
1102,3593,Women's high-waisted loose shorts,Women's Clothing,7.68,15.99,8.31,52.0,Y,https://ipimg.interestprint.com/data/product/3593/img/20240705/20240705004848229544_250x250.jpg,https://www.interestprint.com/custom/women_s_high_waisted_loose_shorts-3593.html
1103,4211,Unisex Long Sleeve Scrub Top,Women's Clothing,7.68,19.99,12.31,61.6,Y,https://ipimg.interestprint.com/data/product/4211/img/20250310/20250310000251562877_250x250.jpg,https://www.interestprint.com/custom/unisex_long_sleeve_scrub_top-4211.html
1104,3684,Long Fit Sweatshirt (A072),Women's Clothing,7.68,16.99,9.31,54.8,Y,https://ipimg.interestprint.com/data/product/3684/img/20240722/20240722195853224301_250x250.jpg,https://www.interestprint.com/custom/long_fit_sweatshirt_a072-3684.html
1105,3594,Beach Skirt (TX50),Women's Clothing,7.68,15.99,8.31,52.0,Y,https://ipimg.interestprint.com/data/product/3594/img/20240705/20240705004919429784_250x250.jpg,https://www.interestprint.com/custom/beach_skirt_tx50-3594.html
1106,3528,Yoga Top (YJ053),Women's Clothing,7.68,16.99,9.31,54.8,Y,https://ipimg.interestprint.com/data/product/3528/img/20240620/20240620235054236159_250x250.jpg,https://www.interestprint.com/custom/yoga_top-3528.html
1107,4309,Men's Cotton T-Shirt (Two Sides Printing),Men's Clothing,7.68,26.99,19.31,71.5,Y,https://ipimg.interestprint.com/data/product/4309/img/20250429/20250429012528661541_250x250.jpg,https://www.interestprint.com/custom/men_s_cotton_t_shirt_two_sides_printing-4309.html
1108,3733,Men's Long Sleeve Raglan T-Shirt,Men's Clothing,7.68,17.99,10.31,57.3,Y,https://ipimg.interestprint.com/data/product/3733/img/20240808/20240808232558351408_250x250.jpg,https://www.interestprint.com/custom/men_s_long_sleeve_raglan_t_shirt-3733.html
1109,3822,All Over Print Teen's T-shirt Set,Kid's Clothing,7.68,18.99,11.31,59.6,Y,https://ipimg.interestprint.com/data/product/3822/img/20240912/20240912235939907308_250x250.jpg,https://www.interestprint.com/custom/all_over_print_teen_t_shirt_set-3822.html
1110,4855,Wooden Wall Clock Without Scale (White Pointer)(30 x 30cm),Home Decor,7.68,21.99,14.31,65.1,Y,https://ipimg.interestprint.com/data/product/4855/img/20251020/20251020011437711265_250x250.jpg,https://www.interestprint.com/custom/wooden_wall_clock_without_scale_white_pointer_30_x_30cm-4855.html
1111,4691,Beach Towel (130x80 cm),Home Decor,7.68,21.99,14.31,65.1,Y,https://ipimg.interestprint.com/data/product/4691/img/20250918/20250918004127089440_250x250.jpg,https://www.interestprint.com/custom/beach_towel-4691.html
1112,4443,30oz Tumbler with Top Handle,Home Decor,7.68,35.99,28.31,78.7,Y,https://ipimg.interestprint.com/data/product/4443/img/20250625/20250625010322546428_250x250.jpg,https://www.interestprint.com/custom/30oz_tumbler_with_top_handle-4443.html
1113,3893,Kid's Water Cup,Home Decor,7.68,18.99,11.31,59.6,Y,https://ipimg.interestprint.com/data/product/3893/img/20241017/20241017200636733326_250x250.jpg,https://www.interestprint.com/custom/kid_s_water_cup-3893.html
1114,4077,Custom Detachable Meal Bag,Bags,7.68,16.99,9.31,54.8,Y,https://ipimg.interestprint.com/data/product/4077/img/20241224/20241224211019818746_250x250.jpg,https://www.interestprint.com/custom/custom_pu_leather_lunch_bag-4077.html
1115,4026,Small Satchel,Bags,7.68,18.99,11.31,59.6,Y,https://ipimg.interestprint.com/data/product/4026/img/20241129/20241129002450728128_250x250.jpg,https://www.interestprint.com/custom/small_satchel-4026.html
1116,3657,Kid's Cotton Slippers,Shoes,7.68,15.99,8.31,52.0,Y,https://ipimg.interestprint.com/data/product/3657/img/20240717/20240717021031932343_250x250.jpg,https://www.interestprint.com/custom/kid_s_cotton_slippers-3657.html
1117,4129,Custom Digital Oil Painting（40×50cm）,Wall Art,7.68,16.99,9.31,54.8,Y,https://ipimg.interestprint.com/data/product/4129/img/20250331/20250331185042822058_250x250.jpg,https://www.interestprint.com/custom/watercolor_painting_canvas_prints-4129.html
1118,5482,"New Polyester Peach Skin Wall Tapestry 20"" x 63"" | Ships from USA",Wedding & Party Decor,7.69,22.99,15.3,66.6,Y,https://ipimg.interestprint.com/data/product/5482/img/20260416/20260416102226689071_250x250.jpg,https://www.interestprint.com/custom/new_polyester_peach_skin_wall_tapestry_20_x_63_ships_from_usa-5482.html
1119,2701,Custom Tumbler with Black Lid (20oz ）,Back to School,7.69,23.99,16.3,67.9,Y,https://ipimg.interestprint.com/data/product/2701/img/20231218/20231218181855676393_250x250.jpg,https://www.interestprint.com/custom/20oz-2701.html
1120,6053,Car Headrest Covers ( Set of 2 ) | Ships from USA,U.S. Fulfillment,7.69,23.99,16.3,67.9,Y,https://ipimg.interestprint.com/data/product/6053/img/20260810/20260810162943084258_250x250.jpg,https://www.interestprint.com/custom/car_headrest_covers_set_of_2_ships_from_usa-6053.html
1121,5555,Wall Mounted Candle Holder | Ships from USA,U.S. Fulfillment,7.69,21.99,14.3,65.0,Y,https://ipimg.interestprint.com/data/product/5555/img/20260424/20260424153717386029_250x250.jpg,https://www.interestprint.com/custom/wall_mounted_candle_holder_ships_from_usa-5555.html
1122,5111,"Art Print 32""x24"" | Ships from USA",U.S. Fulfillment,7.69,24.99,17.3,69.2,Y,https://ipimg.interestprint.com/data/product/5111/img/20260109/20260109020233949153_250x250.jpg,https://www.interestprint.com/custom/art_print_32_x24-5111.html
1123,4989,"Frame Canvas Print 14"" x 11"" | Ships from USA",U.S. Fulfillment,7.69,33.99,26.3,77.4,Y,https://ipimg.interestprint.com/data/product/4989/img/20260112/20260112002856637512_250x250.jpg,https://www.interestprint.com/custom/frame_canvas_print_14_x_11_us-4989.html
1124,4985,"Frame Canvas Print 10"" x 8"" | Ships from USA",U.S. Fulfillment,7.69,26.99,19.3,71.5,Y,https://ipimg.interestprint.com/data/product/4985/img/20260112/20260112001703165963_250x250.jpg,https://www.interestprint.com/custom/frame_canvas_print_10_x_8_us-4985.html
1125,4940,"Frame Canvas Print 8"" x 10"" | Ships from USA",U.S. Fulfillment,7.69,26.99,19.3,71.5,Y,https://ipimg.interestprint.com/data/product/4940/img/20260112/20260112002425727153_250x250.jpg,https://www.interestprint.com/custom/frame_canvas_print_8_x_10_us-4940.html
1126,4931,"Frame Canvas Print 11"" x 14"" | Ships from USA",U.S. Fulfillment,7.69,33.99,26.3,77.4,Y,https://ipimg.interestprint.com/data/product/4931/img/20260112/20260112002627000931_250x250.jpg,https://www.interestprint.com/custom/frame_canvas_print_11_x_14-4931.html
1127,3364,Women's All Over Print Sweatpants,Women's Clothing,7.7,18.99,11.29,59.5,Y,https://ipimg.interestprint.com/data/product/3364/img/20240514/20240514232854496137_250x250.jpg,https://www.interestprint.com/custom/women_s_all_over_print_sweatpants-3364.html
1128,3794,Men's Sweatpants(Front Printing),Men's Clothing,7.7,18.99,11.29,59.5,Y,https://ipimg.interestprint.com/data/product/3794/img/20240905/20240905200055947333_250x250.jpg,https://www.interestprint.com/custom/men_s_sweatpants_front_printing-3794.html
1129,4195,PU Leather Laptop Bag(37x28cm),Bags,7.7,19.99,12.29,61.5,Y,https://ipimg.interestprint.com/data/product/4195/img/20250304/20250304011805492961_250x250.jpg,https://www.interestprint.com/custom/pu_leather_laptop_bag-4195.html
1130,4196,PU Leather Laptop Bag(42x30.5cm),Bags,7.7,19.99,12.29,61.5,Y,https://ipimg.interestprint.com/data/product/4196/img/20250304/20250304011756214383_250x250.jpg,https://www.interestprint.com/custom/pu_leather_laptop_bag_42x30_5cm-4196.html
1131,4877,Custom Shower Curtain (177×180cm),Home Decor,7.71,18.99,11.28,59.4,Y,https://ipimg.interestprint.com/data/product/4877/img/20251021/20251021221235135472_250x250.jpg,https://www.interestprint.com/custom/custom_shower_curtain_177_180cm-4877.html
1132,5784,Women's Ruffle High Neck Puff Sleeve Top,Women's Clothing,7.73,23.99,16.26,67.8,Y,https://ipimg.interestprint.com/data/product/5784/img/20260608/20260608113743895302_250x250.jpg,https://www.interestprint.com/custom/women_s_ruffle_high_neck_puff_sleeve_top-5784.html
1133,5730,Women's Round Neck Puff Sleeve Long Sleeve Dress,Women's Clothing,7.73,22.99,15.26,66.4,Y,https://ipimg.interestprint.com/data/product/5730/img/20260529/20260529112555733228_250x250.jpg,https://www.interestprint.com/custom/women_s_round_neck_puff_sleeve_long_sleeve_dress-5730.html
1134,5695,Women's Half Zip Cold Shoulder T-Shirt with Pockets,Women's Clothing,7.73,22.99,15.26,66.4,Y,https://ipimg.interestprint.com/data/product/5695/img/20260522/20260522104440196216_250x250.jpg,https://www.interestprint.com/custom/women_s_half_zip_cold_shoulder_t_shirt_with_pockets-5695.html
1135,5664,Women's Sleeveless A-Line Dress with Pockets,Women's Clothing,7.73,22.99,15.26,66.4,Y,https://ipimg.interestprint.com/data/product/5664/img/20260518/20260518174440238780_250x250.jpg,https://www.interestprint.com/custom/women_s_sleeveless_a_line_dress_with_pockets-5664.html
1136,5261,New Sleeveless Polo Tank Top,Women's Clothing,7.73,21.99,14.26,64.8,Y,https://ipimg.interestprint.com/data/product/5261/img/20260211/20260211002031108956_250x250.jpg,https://www.interestprint.com/custom/new_sleeveless_polo_tank_top-5261.html
1137,5226,"Cotton Linen Wall Tapestry 15""x 50"" | Ships from USA",Wedding & Party Decor,7.79,25.99,18.2,70.0,Y,https://ipimg.interestprint.com/data/product/5226/img/20260128/20260128181145452789_250x250.jpg,https://www.interestprint.com/custom/cotton_linen_wall_tapestry_15_x_50_ships_from_usa-5226.html
1138,5257,Acrylic Book Shaped Vase (Front & Side) | Ships from USA,U.S. Fulfillment,7.79,26.99,19.2,71.1,Y,https://ipimg.interestprint.com/data/product/5257/img/20260227/20260227003009977043_250x250.jpg,https://www.interestprint.com/custom/acrylic_book_shaped_vase_front_side_ships_from_usa-5257.html
1139,6016,"Round Wall Clock 12""",Home Decor,7.79,22.99,15.2,66.1,Y,https://ipimg.interestprint.com/data/product/6016/img/20260727/20260727140506492125_250x250.jpg,https://www.interestprint.com/custom/round_wall_clock_12-6016.html
1140,2600,"Polyester Peach Skin Wall Tapestry 60""*51""",Home Decor,7.79,21.99,14.2,64.6,Y,https://ipimg.interestprint.com/data/product/2600/img/20221110/20221110180736791404_250x250.jpg,https://www.interestprint.com/custom/60_51inch-2600.html
1141,2599,"Polyester Peach Skin Wall Tapestry 51""*60""",Home Decor,7.79,21.99,14.2,64.6,Y,https://ipimg.interestprint.com/data/product/2599/img/20221110/20221110182051617279_250x250.jpg,https://www.interestprint.com/custom/51_60inch-2599.html
1142,2783,"Ultra-Soft Micro Fleece Blanket 32""×48""",Home Decor,7.79,35.99,28.2,78.4,Y,https://ipimg.interestprint.com/data/product/2783/img/20230612/20230612201222908916_250x250.jpg,https://www.interestprint.com/custom/ultra_soft_micro_fleece_blanket_60_80-2783.html
1143,6180,Wavy Square Jewelry Dish,Accessories,7.79,23.99,16.2,67.5,Y,https://ipimg.interestprint.com/data/product/6180/img/20260907/20260907134937555198_250x250.jpg,https://www.interestprint.com/custom/wavy_square_jewelry_dish-6180.html
1144,6179,Wavy Round Jewelry Dish,Accessories,7.79,23.99,16.2,67.5,Y,https://ipimg.interestprint.com/data/product/6179/img/20260907/20260907134242627150_250x250.jpg,https://www.interestprint.com/custom/wavy_round_jewelry_dish-6179.html
1145,3505,Women's Cold Shoulder Sweatshirt,Women's Clothing,7.8,17.99,10.19,56.6,Y,https://ipimg.interestprint.com/data/product/3505/img/20240617/20240617194652724005_250x250.jpg,https://www.interestprint.com/custom/women_s_cold_shoulder_sweatshirt-3505.html
1146,548,Youth All Over Print Hoodie (USA Size) (Model H13),Kid's Clothing,7.8,45.99,38.19,83.0,Y,https://ipimg.interestprint.com/data/product/548/img/20170409/20170409204540938373_250x250.jpg,https://www.interestprint.com/custom/kid_s_classic_hoodie_all_over_print-548.html
1147,3235,Children's Long Sleeve Dress,Kid's Clothing,7.8,16.99,9.19,54.1,Y,https://ipimg.interestprint.com/data/product/3235/img/20240422/20240422004920853490_250x250.jpg,https://www.interestprint.com/custom/children_s_long_sleeve_dress-3235.html
1148,5159,Women's Crop Tank Top,Women's Clothing,7.82,19.99,12.17,60.9,Y,https://ipimg.interestprint.com/data/product/5159/img/20260115/20260115003257708018_250x250.jpg,https://www.interestprint.com/custom/women_s_crop_tank_top-5159.html
1149,2870,"Shower Curtain 48""x72""",Home Decor,7.83,23.99,16.16,67.4,Y,https://ipimg.interestprint.com/data/product/2870/img/20231017/20231017002737338106_250x250.jpg,https://www.interestprint.com/custom/shower_curtain_48_x72-2870.html
1150,5456,Girls’ Half-Zip Long-Sleeve Sweatshirt with Ruffle Hem,Kid's Clothing,7.84,23.99,16.15,67.3,Y,https://ipimg.interestprint.com/data/product/5456/img/20260409/20260409151519098014_250x250.jpg,https://www.interestprint.com/custom/girls_half_zip_long_sleeve_sweatshirt_with_ruffle_hem-5456.html
1151,5755,Women's Lace Pajama Sets,Women's Clothing,7.86,22.99,15.13,65.8,Y,https://ipimg.interestprint.com/data/product/5755/img/20260601/20260601155445635979_250x250.jpg,https://www.interestprint.com/custom/women_s_lace_pajama_sets-5755.html
1152,5258,Women’s Ruffle Sleeve Dress,Women's Clothing,7.86,29.99,22.13,73.8,Y,https://ipimg.interestprint.com/data/product/5258/img/20260211/20260211001933473828_250x250.jpg,https://www.interestprint.com/custom/women_s_ruffle_sleeve_dress-5258.html
1153,4122,All Over Print Women's Pocket Polo Shirt,Women's Clothing,7.86,19.99,12.13,60.7,Y,https://ipimg.interestprint.com/data/product/4122/img/20250113/20250113214532468147_250x250.jpg,https://www.interestprint.com/custom/all_over_print_women_s_pocket_polo_shirt-4122.html
1154,3997,Short Sleeve Bodycon Maxi Dress,Women's Clothing,7.86,18.99,11.13,58.6,Y,https://ipimg.interestprint.com/data/product/3997/img/20241124/20241124212815913200_250x250.jpg,https://www.interestprint.com/custom/short_sleeve_bodycon_maxi_dress-3997.html
1155,3754,Women's All Over Print Ruffle Sleeve T-Shirts,Women's Clothing,7.86,17.99,10.13,56.3,Y,https://ipimg.interestprint.com/data/product/3754/img/20240813/20240813233941135271_250x250.jpg,https://www.interestprint.com/custom/women_s_all_over_print_ruffle_sleeve_t_shirts-3754.html
1156,3753,Women's Big Round Neck Ruffle Sleeve T-Shirts,Women's Clothing,7.86,17.99,10.13,56.3,Y,https://ipimg.interestprint.com/data/product/3753/img/20240813/20240813233918490781_250x250.jpg,https://www.interestprint.com/custom/women_s_big_round_neck_ruffle_sleeve_t_shirts-3753.html
1157,3362,Women's Imitation Hemp Long-Sleeve Shirt,Women's Clothing,7.86,18.99,11.13,58.6,Y,https://ipimg.interestprint.com/data/product/3362/img/20240514/20240514232247397692_250x250.jpg,https://www.interestprint.com/custom/women_s_imitation_hemp_long_sleeve_shirt-3362.html
1158,3797,Men's Mid-Sleeve Hoodie LM033,Men's Clothing,7.86,18.99,11.13,58.6,Y,https://ipimg.interestprint.com/data/product/3797/img/20240905/20240905200146058491_250x250.jpg,https://www.interestprint.com/custom/men_s_mid_sleeve_hoodie-3797.html
1159,5136,Acrylic Night Light 10.3 x 15.5cm (Colorful Slanted Base),Home Decor,7.86,19.99,12.13,60.7,Y,https://ipimg.interestprint.com/data/product/5136/img/20260111/20260111173018821268_250x250.jpg,https://www.interestprint.com/custom/acrylic_night_light_10_3_x_15_5cm_colorful_slanted_base-5136.html
1160,5132,Acrylic Night Light 15.5 x 10.3cm (Colorful Slanted Base),Home Decor,7.86,19.99,12.13,60.7,Y,https://ipimg.interestprint.com/data/product/5132/img/20260111/20260111173106613341_250x250.jpg,https://www.interestprint.com/custom/acrylic_night_light_colorful_slanted_base-5132.html
1161,5318,Men's Hawaiian Shirt & Shorts Set (Model Sets 26),Summer Holiday,7.89,36.99,29.1,78.7,Y,https://ipimg.interestprint.com/data/product/5318/img/20260305/20260305000152908383_250x250.jpg,https://www.interestprint.com/custom/men_s_hawaiian_shirt_shorts_set_model_sets_26-5318.html
1162,5648,Custom Embroidered Unisex T-shirt | Ships from USA,U.S. Fulfillment,7.89,22.99,15.1,65.7,,https://ipimg.interestprint.com/data/product/5648/img/20260512/20260512145439001326_250x250.jpg,https://www.interestprint.com/custom/custom_embroidered_unisex_t_shirt_ships_from_usa-5648.html
1163,5273,12-Sided Dice | Ships from USA,U.S. Fulfillment,7.89,22.99,15.1,65.7,Y,https://ipimg.interestprint.com/data/product/5273/img/20260212/20260212211825492312_250x250.jpg,https://www.interestprint.com/custom/12_sided_dice_ships_from_usa-5273.html
1164,242,Shoulder Handbag (Model 1634),Bags,7.89,42.99,35.1,81.6,Y,https://ipimg.interestprint.com/data/product/242/img/20220227/20220227172053577642_250x250.jpg,https://www.interestprint.com/custom/aslant_bag_new-242.html
1165,6139,All Over Print Cotton Men's Boxer Briefs,All-Over Cotton Collection,7.9,22.99,15.09,65.6,Y,https://ipimg.interestprint.com/data/product/6139/img/20260827/20260827163416190192_250x250.jpg,https://www.interestprint.com/custom/all_over_print_cotton_men_s_boxer_briefs-6139.html
1166,5965,Women's V-Neck Button-Front Drawstring Hoodie,Women's Clothing,7.91,24.99,17.08,68.3,Y,https://ipimg.interestprint.com/data/product/5965/img/20260714/20260714164515696509_250x250.jpg,https://www.interestprint.com/custom/women_s_v_neck_button_front_drawstring_hoodie-5965.html
1167,3433,Women Sleeveless Suit Vest,Women's Clothing,7.91,16.99,9.08,53.4,Y,https://ipimg.interestprint.com/data/product/3433/img/20240603/20240603014227872311_250x250.jpg,https://www.interestprint.com/custom/women_sleeveless_blazer-3433.html
1168,4515,Round Neck Puff Sleeve T-Shirt,Women's Clothing,7.91,31.99,24.08,75.3,Y,https://ipimg.interestprint.com/data/product/4515/img/20250716/20250716001015733994_250x250.jpg,https://www.interestprint.com/custom/custom_round_neck_puff_sleeve_t_shirts-4515.html
1169,3507,Casual Slide Short dress,Women's Clothing,7.91,16.99,9.08,53.4,Y,https://ipimg.interestprint.com/data/product/3507/img/20241216/20241216175812664120_250x250.jpg,https://www.interestprint.com/custom/casual_slide_short_dress-3507.html
1170,3891,Women's V-Neck Zip Top,Women's Clothing,7.91,17.99,10.08,56.0,Y,https://ipimg.interestprint.com/data/product/3891/img/20241015/20241015010724690194_250x250.jpg,https://www.interestprint.com/custom/women_s_v_neck_zip_top-3891.html
1171,4889,Men's Long-Sleeved T-Shirt (Front Printing),Men's Clothing,7.91,26.99,19.08,70.7,Y,https://ipimg.interestprint.com/data/product/4889/img/20251027/20251027231523004690_250x250.jpg,https://www.interestprint.com/custom/men_s_long_sleeved_t_shirt_180g_front_printing-4889.html
1172,3738,Men's Short Sleeve Shirt with Pocket B339,Men's Clothing,7.91,18.99,11.08,58.3,Y,https://ipimg.interestprint.com/data/product/3738/img/20240808/20240808232722763412_250x250.jpg,https://www.interestprint.com/custom/men_s_short_sleeve_shirt_with_pocket-3738.html
1173,3319,Men's Cycling Bib Short,Men's Clothing,7.91,17.99,10.08,56.0,Y,https://ipimg.interestprint.com/data/product/3319/img/20240502/20240502000205969248_250x250.jpg,https://www.interestprint.com/custom/men_s_cycling_bib_short-3319.html
1174,4746,Men's Swimming Trunks,Men's Clothing,7.93,15.99,8.06,50.4,Y,https://ipimg.interestprint.com/data/product/4746/img/20250923/20250923230839084934_250x250.jpg,https://www.interestprint.com/custom/men_s_swimming_trunks-4746.html
1175,829,Sport Top & High-Waisted Bikini Swimsuit (Model S07),Women's Clothing,7.94,45.99,38.05,82.7,Y,https://ipimg.interestprint.com/data/product/829/img/20180704/20180704233238050540_250x250.png,https://www.interestprint.com/custom/women_s_bikini_swimsuit_model_s07-829.html
1176,5449,Women's Puff Sleeve Ruffle Dress,Women's Clothing,7.95,23.99,16.04,66.9,Y,https://ipimg.interestprint.com/data/product/5449/img/20260408/20260408114722355804_250x250.jpg,https://www.interestprint.com/custom/women_s_puff_sleeve_ruffle_dress-5449.html
1177,6230,Baby Short Sleeve Polo Romper,Kid's Clothing,7.95,26.99,19.04,70.5,Y,https://ipimg.interestprint.com/data/product/6230/img/20260911/20260911173932448865_250x250.jpg,https://www.interestprint.com/custom/baby_short_sleeve_polo_romper-6230.html
1178,5785,Women's Sleeveless Dress with Ruched Hem and Zipper,Women's Clothing,7.96,24.99,17.03,68.1,Y,https://ipimg.interestprint.com/data/product/5785/img/20260609/20260609112904968501_250x250.jpg,https://www.interestprint.com/custom/women_s_sleeveless_dress_with_ruched_hem_and_zipper-5785.html
1179,484,Custom Bikini Swimsuit (Model S01),Women's Clothing,7.97,42.99,35.02,81.5,Y,https://ipimg.interestprint.com/data/product/484/img/20180506/20180506234313142637_250x250.png,https://www.interestprint.com/custom/custom_bikini_swimsuit-484.html
1180,5470,Semi Circle Flag 36 x 18 inch | Ships from USA,Wedding & Party Decor,7.99,19.99,12.0,60.0,Y,https://ipimg.interestprint.com/data/product/5470/img/20260813/20260813102548005757_250x250.jpg,https://www.interestprint.com/custom/semi_circle_flag_36_x_18_inch_ships_from_usa-5470.html
1181,5856,Round Acrylic Puzzle Ornament,Halloween Decor,7.99,24.99,17.0,68.0,Y,https://ipimg.interestprint.com/data/product/5856/img/20260622/20260622100024312987_250x250.jpg,https://www.interestprint.com/custom/round_acrylic_puzzle_ornament-5856.html
1182,4764,Christmas Tree Skirt 48x48inch | Ships from USA,Christmas Gifts,7.99,25.99,18.0,69.3,Y,https://ipimg.interestprint.com/data/product/4764/img/20260110/20260110034818497244_250x250.jpg,https://www.interestprint.com/custom/christmas_tree_skirt_48x48inch-4764.html
1183,4894,500-Piece Jigsaw Puzzle (Horizontal) | Ships from USA,Valentine's Day,7.99,27.99,20.0,71.5,Y,https://ipimg.interestprint.com/data/product/4894/img/20260110/20260110050812248361_250x250.jpg,https://www.interestprint.com/custom/500_piece_jigsaw_puzzle_horizontal-4894.html
1184,5051,Acrylic Book Shaped Vase (Three-Sided Printing) | Ships from USA,Mother's Day,7.99,25.99,18.0,69.3,Y,https://ipimg.interestprint.com/data/product/5051/img/20260110/20260110032314560077_250x250.jpg,https://www.interestprint.com/custom/acrylic_book_shaped_vase_three_sided-5051.html
1185,5245,"Custom Kids' Graduation Stole 3.9"" × 53"" | Shipped from USA",Graduation Gifts,7.99,28.99,21.0,72.4,Y,https://ipimg.interestprint.com/data/product/5245/img/20260204/20260204175732466173_250x250.jpg,https://www.interestprint.com/custom/custom_kids_graduation_stole_shipped_from_usa-5245.html
1186,5409,Custom Graduation Honor Lei Cord,Graduation Gifts,7.99,29.99,22.0,73.4,,https://ipimg.interestprint.com/data/product/5409/img/20260331/20260331093945140376_250x250.jpg,https://www.interestprint.com/custom/custom_graduation_honor_lei_cord-5409.html
1187,3269,Custom Photo Hand Fan (Head Customization) | Ships from USA,Graduation Gifts,7.99,18.99,11.0,57.9,Y,https://ipimg.interestprint.com/data/product/3269/img/20260128/20260128225047705407_250x250.jpg,https://www.interestprint.com/custom/custom_photo_hand_fan_que-3269.html
1188,5567,Women's Chiffon Beach Sarong,Summer Holiday,7.99,22.99,15.0,65.2,Y,https://ipimg.interestprint.com/data/product/5567/img/20260428/20260428091535773599_250x250.jpg,https://www.interestprint.com/custom/women_s_chiffon_beach_sarong-5567.html
1189,6112,"Linen Throw Pillow 18"" x 18"" ( 1 Piece ) | Ships from USA",U.S. Fulfillment,7.99,22.99,15.0,65.2,Y,https://ipimg.interestprint.com/data/product/6112/img/20260824/20260824150253577947_250x250.jpg,https://www.interestprint.com/custom/linen_throw_pillow_18_x_18_1_piece_ships_from_usa-6112.html
1190,5756,Women's Racerback Tank Dress (Front Print) | Ships from USA,U.S. Fulfillment,7.99,23.99,16.0,66.7,Y,https://ipimg.interestprint.com/data/product/5756/img/20260602/20260602165338349570_250x250.jpg,https://www.interestprint.com/custom/women_s_racerback_tank_dress_front_print_ships_from_usa-5756.html
1191,5070,Cosmetic Bag (DTF)(22.5*17.5CM)(4-Pack) | Ships from USA,U.S. Fulfillment,7.99,17.99,10.0,55.6,Y,https://ipimg.interestprint.com/data/product/5070/img/20260110/20260110031841795257_250x250.jpg,https://www.interestprint.com/custom/cosmetic_bag_dtf_22_5_17_5cm_4_pack-5070.html
1192,4977,"Frame Canvas Print 12"" x 8""  | Ships from USA",U.S. Fulfillment,7.99,27.99,20.0,71.5,Y,https://ipimg.interestprint.com/data/product/4977/img/20260109/20260109005438416297_250x250.jpg,https://www.interestprint.com/custom/frame_canvas_print_12_x_8-4977.html
1193,4932,"Frame Canvas Print 8"" x 12""  | Ships from USA",U.S. Fulfillment,7.99,27.99,20.0,71.5,Y,https://ipimg.interestprint.com/data/product/4932/img/20260109/20260109010907267419_250x250.jpg,https://www.interestprint.com/custom/frame_canvas_print_8_x_12-4932.html
1194,4895,500-Piece Jigsaw Puzzle (Vertical)  | Ships from USA,U.S. Fulfillment,7.99,27.99,20.0,71.5,Y,https://ipimg.interestprint.com/data/product/4895/img/20260110/20260110050707032395_250x250.jpg,https://www.interestprint.com/custom/500_piece_jigsaw_puzzle_vertical-4895.html
1195,4865,Hand Towel (Pack of 2)(One Side Printing) | Ships from USA,U.S. Fulfillment,7.99,25.99,18.0,69.3,Y,https://ipimg.interestprint.com/data/product/4865/img/20260110/20260110033706225216_250x250.jpg,https://www.interestprint.com/custom/hand_towel_pack_of_2_one_side_printing-4865.html
1196,4765,Custom Chair Cover | Ships from USA,U.S. Fulfillment,7.99,25.99,18.0,69.3,Y,https://ipimg.interestprint.com/data/product/4765/img/20260107/20260107225547821855_250x250.jpg,https://www.interestprint.com/custom/custom_chair_cover-4765.html
1197,4753,"Sofa Cushion Cover (50"" x 27.5"" x 8"") | Ships from USA",U.S. Fulfillment,7.99,29.99,22.0,73.4,Y,https://ipimg.interestprint.com/data/product/4753/img/20260107/20260107225706954735_250x250.jpg,https://www.interestprint.com/custom/sofa_cushion_cover_50_x_27_5_x_8-4753.html
1198,3716,"Art Print 10""x8"" | Ships from USA",U.S. Fulfillment,7.99,15.99,8.0,50.0,Y,https://ipimg.interestprint.com/data/product/3716/img/20260107/20260107213310420758_250x250.jpg,https://www.interestprint.com/custom/art_print_10_x8-3716.html
1199,3705,"Art Print 8""x10"" | Ships from USA",U.S. Fulfillment,7.99,15.99,8.0,50.0,Y,https://ipimg.interestprint.com/data/product/3705/img/20260107/20260107214043997655_250x250.jpg,https://www.interestprint.com/custom/art_print_8_x10-3705.html
1200,2353,"Cotton Linen Wall Tapestry 60"" x 51"" | Ships from USA",U.S. Fulfillment,7.99,37.99,30.0,79.0,Y,https://ipimg.interestprint.com/data/product/2353/img/20260624/20260624175320430390_250x250.jpg,https://www.interestprint.com/custom/cotton_linen_wall_tapestry_60_x_51-2353.html
1201,2352,"Cotton Linen Wall Tapestry 51"" x 60"" | Ships from USA",U.S. Fulfillment,7.99,37.99,30.0,79.0,Y,https://ipimg.interestprint.com/data/product/2352/img/20260624/20260624175407029516_250x250.jpg,https://www.interestprint.com/custom/cotton_linen_wall_tapestry_51_x_60-2352.html
1202,2342,"Kitchen Mat 28""x17"" | Ships from USA",U.S. Fulfillment,7.99,34.99,27.0,77.2,Y,https://ipimg.interestprint.com/data/product/2342/img/20260109/20260109175237980400_250x250.jpg,https://www.interestprint.com/custom/kitchen_mat_28_x17-2342.html
1203,6173,Custom Embroidered Golf Towel 40 x 60cm,Personalized Product,7.99,24.99,17.0,68.0,,https://ipimg.interestprint.com/data/product/6173/img/20260902/20260902161942810469_250x250.jpg,https://www.interestprint.com/custom/custom_embroidered_golf_towel_40_x_60cm-6173.html
1204,3392,Custom Embroidered Beanie Hat,Personalized Product,7.99,17.99,10.0,55.6,,https://ipimg.interestprint.com/data/product/3392/img/20240520/20240520003603390569_250x250.jpg,https://www.interestprint.com/custom/custom_embroidered_knitted_hat-3392.html
1205,4381,Women's Halter String Bikini Set,Women's Clothing,7.99,29.99,22.0,73.4,Y,https://ipimg.interestprint.com/data/product/4381/img/20250529/20250529191658417562_250x250.jpg,https://www.interestprint.com/custom/custom_women_s_halter_string_bikini_set-4381.html
1206,4127,Chest Wrap Bikini Top (Model S36),Women's Clothing,7.99,16.99,9.0,53.0,Y,https://ipimg.interestprint.com/data/product/4127/img/20250114/20250114172205826016_250x250.jpg,https://www.interestprint.com/custom/custom_chest_wrap_bikini_top_s36-4127.html
1207,4128,High-Waisted Bikini Bottom (Model S36),Women's Clothing,7.99,16.99,9.0,53.0,Y,https://ipimg.interestprint.com/data/product/4128/img/20250114/20250114182631015600_250x250.jpg,https://www.interestprint.com/custom/custom_high_waisted_bikini_bottom_s36-4128.html
1208,5575,Custom Basketball Uniform With Pocket,Men's Clothing,7.99,22.99,15.0,65.2,Y,https://ipimg.interestprint.com/data/product/5575/img/20260428/20260428151703256638_250x250.jpg,https://www.interestprint.com/custom/custom_basketball_uniform_with_pocket-5575.html
1209,567,Kid's All Over Print T-shirt(USA Size)(Model T40),Kid's Clothing,7.99,21.99,14.0,63.7,Y,https://ipimg.interestprint.com/data/product/567/img/20170425/20170425205140237301_250x250.jpg,https://www.interestprint.com/custom/kid_s_all_over_print_t_shirt-567.html
1210,6118,"Peach Skin Tapestry with Lace Trim & Ribbons 63"" x 20""",Home Decor,7.99,23.99,16.0,66.7,Y,https://ipimg.interestprint.com/data/product/6118/img/20260821/20260821165213093777_250x250.jpg,https://www.interestprint.com/custom/peach_skin_tapestry_with_lace_trim_ribbons_63_x_20-6118.html
1211,6117,"Peach Skin Tapestry with Lace Trim & Ribbons 20"" x 63""",Home Decor,7.99,23.99,16.0,66.7,Y,https://ipimg.interestprint.com/data/product/6117/img/20260821/20260821163759226456_250x250.jpg,https://www.interestprint.com/custom/peach_skin_tapestry_with_lace_trim_ribbons_20_x_63-6117.html
1212,5807,3-Piece Bathroom Rug Set 80 x 50cm,Home Decor,7.99,24.99,17.0,68.0,Y,https://ipimg.interestprint.com/data/product/5807/img/20260610/20260610151301293993_250x250.jpg,https://www.interestprint.com/custom/3_piece_bathroom_rug_set_80_x_50cm-5807.html
1213,5352,Festival Banner 71x47inch,Home Decor,7.99,26.99,19.0,70.4,Y,https://ipimg.interestprint.com/data/product/5352/img/20260311/20260311233904350679_250x250.jpg,https://www.interestprint.com/custom/festival_banner_71x47inch-5352.html
1214,2968,"Rectangle Mousepad 12""x10""（with Stitched Edges）",Home Decor,7.99,13.99,6.0,42.9,Y,https://ipimg.interestprint.com/data/product/2968/img/20231220/20231220181335425144_250x250.jpg,https://www.interestprint.com/custom/personalized_rectangle_rubber_mousepad_10_12in-2968.html
1215,3264,Scrub Cap,Accessories,7.99,12.99,5.0,38.5,Y,https://ipimg.interestprint.com/data/product/3264/img/20240423/20240423183209551650_250x250.jpg,https://www.interestprint.com/custom/scrub_cap-3264.html
1216,78,Women's Italian Charm Watch(Model 107),Accessories,7.99,29.99,22.0,73.4,Y,https://ipimg.interestprint.com/data/product/78/img/20151020/20151020020424315694_250x250.jpg,https://www.interestprint.com/custom/italian_charm_lady_s_watch-78.html
1217,1073,"Car Seat Belt Cover 7"" x 12.6""",Accessories,7.99,19.99,12.0,60.0,Y,https://ipimg.interestprint.com/data/product/1073/img/20190829/20190829035336914608_250x250.jpg,https://www.interestprint.com/custom/car_seat_belt_cover_7_12_6_inch-1073.html
1218,2386,"Greeting Card 4""x6""(One Side)",Accessories,7.99,12.99,5.0,38.5,Y,https://ipimg.interestprint.com/data/product/2386/img/20220427/20220427185137700901_250x250.jpg,https://www.interestprint.com/custom/4_x6-2386.html
1219,2644,Women's All-Over Print Hoodie (Model H55),Women's Clothing,8.0,41.99,33.99,80.9,Y,https://ipimg.interestprint.com/data/product/2644/img/20231011/20231011175802119416_250x250.jpg,https://www.interestprint.com/custom/women_s_long_sleeve_fleece_hoodie_h55-2644.html
1220,549,Women's All Over Print Hoodie (USA Size) (Model H13),Women's Clothing,8.0,47.99,39.99,83.3,Y,https://ipimg.interestprint.com/data/product/549/img/20221020/20221020203919688705_250x250.jpg,https://www.interestprint.com/custom/women_s_all_over_print_hoodie-549.html
1221,2475,New Men's All-Over Print Hoodie (Model H55),Men's Clothing,8.0,25.99,17.99,69.2,Y,https://ipimg.interestprint.com/data/product/2475/img/20231011/20231011175957041764_250x250.jpg,https://www.interestprint.com/custom/all_over_print_men_s_hoodie-2475.html
1222,550,Men's All Over Print Hoodie (USA Size) (Model H13),Men's Clothing,8.0,49.99,41.99,84.0,Y,https://ipimg.interestprint.com/data/product/550/img/20221020/20221020202001238175_250x250.jpg,https://www.interestprint.com/custom/men_s_all_over_print_hoodie-550.html
1223,3770,Camp Collar Shirt AY006,Men's Clothing,8.02,19.99,11.97,59.9,,https://ipimg.interestprint.com/data/product/3770/img/20240823/20240823021204139676_250x250.jpg,https://www.interestprint.com/custom/camp_collar_shirt-3770.html
1224,3314,Lounge Pants（Unisex）,Men's Clothing,8.02,17.99,9.97,55.4,,https://ipimg.interestprint.com/data/product/3314/img/20240502/20240502000257022047_250x250.jpg,https://www.interestprint.com/custom/lounge_pants_unisex-3314.html
1225,3103,Bikini Swimsuit (J197D59),Women's Clothing,8.06,21.99,13.93,63.3,,https://ipimg.interestprint.com/data/product/3103/img/20240331/20240331190313268584_250x250.jpg,https://www.interestprint.com/custom/bikini_swimsuit_j197d59-3103.html
1226,3077,Sleeveless Long Dress (NZ028),Women's Clothing,8.06,20.99,12.93,61.6,,https://ipimg.interestprint.com/data/product/3077/img/20240328/20240328183849578272_250x250.jpg,https://www.interestprint.com/custom/sleeveless_long_dress_nz028-3077.html
1227,3104,Women's Long Sleeve Loose Tee (TLREV2),Women's Clothing,8.06,22.99,14.93,64.9,,https://ipimg.interestprint.com/data/product/3104/img/20240331/20240331190256841025_250x250.jpg,https://www.interestprint.com/custom/women_s_long_sleeve_loose_tee_tlrev2-3104.html
1228,6000,Women's Square Neck Long Sleeve Shirt,Women's Clothing,8.07,21.99,13.92,63.3,,https://ipimg.interestprint.com/data/product/6000/img/20260722/20260722162318637853_250x250.jpg,https://www.interestprint.com/custom/women_s_square_neck_long_sleeve_shirt-6000.html
1229,2871,"Shower Curtain 60""x72""",Home Decor,8.07,26.99,18.92,70.1,,https://ipimg.interestprint.com/data/product/2871/img/20231017/20231017003038991954_250x250.jpg,https://www.interestprint.com/custom/shower_curtain_60_x72-2871.html
1230,3227,Men's Sports Beach Shorts (DS076),Father's Day,8.09,19.99,11.9,59.5,,https://ipimg.interestprint.com/data/product/3227/img/20240419/20240419020708168246_250x250.jpg,https://www.interestprint.com/custom/men_s_sports_beach_shorts-3227.html
1231,4833,Short Sleeve Ruffle Hem Dress,Women's Clothing,8.09,19.99,11.9,59.5,,https://ipimg.interestprint.com/data/product/4833/img/20251015/20251015004008939865_250x250.jpg,https://www.interestprint.com/custom/short_sleeve_ruffle_hem_dress-4833.html
1232,4658,Women's Sleeveless Cardigan,Women's Clothing,8.09,31.99,23.9,74.7,,https://ipimg.interestprint.com/data/product/4658/img/20250905/20250905001556843712_250x250.jpg,https://www.interestprint.com/custom/sleeveless_cardigan-4658.html
1233,4642,Plus Size Flannel Nightgown,Women's Clothing,8.09,29.99,21.9,73.0,,https://ipimg.interestprint.com/data/product/4642/img/20250902/20250902004000900214_250x250.jpg,https://www.interestprint.com/custom/plus_size_flannel_nightgown-4642.html
1234,3811,All-Over Print V-Neck Mini Dress,Women's Clothing,8.09,19.99,11.9,59.5,,https://ipimg.interestprint.com/data/product/3811/img/20240918/20240918230854200932_250x250.jpg,https://www.interestprint.com/custom/all_over_print_v_neck_mini_dress-3811.html
1235,3292,Women's Off Shoulder Zip V-Neck Tunic,Women's Clothing,8.09,19.99,11.9,59.5,,https://ipimg.interestprint.com/data/product/3292/img/20240429/20240429005622101902_250x250.jpg,https://www.interestprint.com/custom/be-3292.html
1236,3559,V-neck Soccer Jersey  Suit (LTZ),Men's Clothing,8.09,17.99,9.9,55.0,,https://ipimg.interestprint.com/data/product/3559/img/20240626/20240626223832820255_250x250.jpg,https://www.interestprint.com/custom/v_neck_soccer_jersey_suit-3559.html
1237,3978,All Over Print Toiletry Bag,Bags,8.09,19.99,11.9,59.5,,https://ipimg.interestprint.com/data/product/3978/img/20241114/20241114184428850838_250x250.jpg,https://www.interestprint.com/custom/all_over_print_toiletry_bag-3978.html
1238,6003,Women's Pleated Crew Neck Short Sleeve Dress,Women's Clothing,8.13,24.99,16.86,67.5,,https://ipimg.interestprint.com/data/product/6003/img/20260724/20260724091503422827_250x250.jpg,https://www.interestprint.com/custom/women_s_pleated_crew_neck_short_sleeve_dress-6003.html
1239,4769,Women’s Loose Off-Shoulder T-Shirt,Women's Clothing,8.14,19.99,11.85,59.3,,https://ipimg.interestprint.com/data/product/4769/img/20250929/20250929015920630641_250x250.jpg,https://www.interestprint.com/custom/women_s_loose_off_shoulder_t_shirt-4769.html
1240,3583,Women's Wide-Leg Pants,Women's Clothing,8.14,18.99,10.85,57.1,,https://ipimg.interestprint.com/data/product/3583/img/20240703/20240703230112010131_250x250.jpg,https://www.interestprint.com/custom/women_s_wide_leg_pants-3583.html
1241,3495,Bikini Swimsuit (S100D55),Women's Clothing,8.14,18.99,10.85,57.1,,https://ipimg.interestprint.com/data/product/3495/img/20240614/20240614011733769528_250x250.jpg,https://www.interestprint.com/custom/bikini_swimsuit-3495.html
1242,4770,Women's 3/4 Sleeve Pleated Tunic Top,Women's Clothing,8.14,19.99,11.85,59.3,,https://ipimg.interestprint.com/data/product/4770/img/20250929/20250929015900971125_250x250.jpg,https://www.interestprint.com/custom/women_s_3_4_sleeve_pleated_tunic_top-4770.html
1243,3769,Mock Linen Short Sleeve Shirt B339,Men's Clothing,8.14,18.99,10.85,57.1,,https://ipimg.interestprint.com/data/product/3769/img/20240823/20240823021241045001_250x250.jpg,https://www.interestprint.com/custom/mock_linen_short_sleeve_shirt-3769.html
1244,4992,Oxford Rectangular Tablecloth (152 x 214 cm),Home Decor,8.14,28.99,20.85,71.9,,https://ipimg.interestprint.com/data/product/4992/img/20251126/20251126223659103191_250x250.jpg,https://www.interestprint.com/custom/oxford_rectangular_tablecloth_152_x_214_cm-4992.html
1245,4297,"Cloak Hooded Blanket 50""×60""",Home Decor,8.14,29.99,21.85,72.9,,https://ipimg.interestprint.com/data/product/4297/img/20250420/20250420232552168613_250x250.jpg,https://www.interestprint.com/custom/cloak_hooded_blanket_50_x_60inch-4297.html
1246,3966,Stainless Steel Water Bottle,Home Decor,8.14,21.99,13.85,63.0,,https://ipimg.interestprint.com/data/product/3966/img/20241112/20241112190641208439_250x250.jpg,https://www.interestprint.com/custom/stainless_steel_water_bottle-3966.html
1247,3936,Adult Barber Apron,Home Decor,8.14,17.99,9.85,54.8,,https://ipimg.interestprint.com/data/product/3936/img/20241031/20241031183956913422_250x250.jpg,https://www.interestprint.com/custom/adult_barber_apron-3936.html
1248,6166,Women's V‑Neck Lantern Long‑Sleeve Blouse,Women's Clothing,8.15,24.99,16.84,67.4,,https://ipimg.interestprint.com/data/product/6166/img/20260901/20260901160429618334_250x250.jpg,https://www.interestprint.com/custom/women_s_v_neck_lantern_long_sleeve_blouse-6166.html
1249,5062,Cotton Short Sleeve T-Shirt (Back Print) | Ships from Canada,Canada Fulfillment,8.16,21.99,13.83,62.9,,https://ipimg.interestprint.com/data/product/5062/img/20260110/20260110064637400469_250x250.jpg,https://www.interestprint.com/custom/cotton_short_sleeve_t_shirt_back_print-5062.html
1250,5061,Cotton Short Sleeve T-Shirt (Front Print) | Ships from Canada,Canada Fulfillment,8.16,21.99,13.83,62.9,,https://ipimg.interestprint.com/data/product/5061/img/20260110/20260110064851845503_250x250.jpg,https://www.interestprint.com/custom/cotton_short_sleeve_t_shirt_front_print-5061.html
1251,3039,All Over Print Cropped Hoodie(MWZXU029),Women's Clothing,8.16,28.99,20.83,71.9,,https://ipimg.interestprint.com/data/product/3039/img/20240326/20240326230540508675_250x250.jpg,https://www.interestprint.com/custom/all_over_print_cropped_hoodies-3039.html
1252,3788,Custom Kid's Pullover Sweatshirt,Kid's Clothing,8.16,19.99,11.83,59.2,,https://ipimg.interestprint.com/data/product/3788/img/20240829/20240829201410870813_250x250.jpg,https://www.interestprint.com/custom/custom_kid_s_pullover_sweatshirt-3788.html
1253,5802,Women's V-neck Sleeveless Jumpsuit,Women's Clothing,8.18,24.99,16.81,67.3,,https://ipimg.interestprint.com/data/product/5802/img/20260612/20260612084411255433_250x250.jpg,https://www.interestprint.com/custom/women_s_v_neck_sleeveless_jumpsuit-5802.html
1254,5631,Women's V-Neck Tie-Cuff Blouse,Women's Clothing,8.18,24.99,16.81,67.3,,https://ipimg.interestprint.com/data/product/5631/img/20260518/20260518175257401198_250x250.jpg,https://www.interestprint.com/custom/women_s_v_neck_tie_cuff_blouse-5631.html
1255,6131,Rear Car Floor Mats ( 2-Piece Set ) | Ships from USA,U.S. Fulfillment,8.19,24.99,16.8,67.2,,https://ipimg.interestprint.com/data/product/6131/img/20260825/20260825163030348950_250x250.jpg,https://www.interestprint.com/custom/rear_car_floor_mats_2_piece_set_ships_from_usa-6131.html
1256,6129,Rear Car Floor Mats ( 2-Piece Set ) | Ships from USA,U.S. Fulfillment,8.19,24.99,16.8,67.2,,https://ipimg.interestprint.com/data/product/6129/img/20260825/20260825163158358212_250x250.jpg,https://www.interestprint.com/custom/rear_car_floor_mats_2_piece_set_ships_from_usa-6129.html
1257,4420,Sleeveless Yoga Crop Active Tank Tops,Women's Clothing,8.19,22.99,14.8,64.4,,https://ipimg.interestprint.com/data/product/4420/img/20250612/20250612005835524655_250x250.jpg,https://www.interestprint.com/custom/custom_sleeveless_yoga_crop_active_tank_tops-4420.html
1258,6045,All Over Print Cotton Baby's Short Sleeve Romper,All-Over Cotton Collection,8.2,24.99,16.79,67.2,,https://ipimg.interestprint.com/data/product/6045/img/20260806/20260806154833418057_250x250.jpg,https://www.interestprint.com/custom/all_over_print_cotton_baby_s_short_sleeve_romper-6045.html
1259,5301,Halter Neck Sheer Cover-Up Dress,Women's Clothing,8.2,29.99,21.79,72.7,,https://ipimg.interestprint.com/data/product/5301/img/20260301/20260301231208825880_250x250.jpg,https://www.interestprint.com/custom/halter_neck_sheer_cover_up_dress-5301.html
1260,3282,Sleeveless Bodycon Side Slit Long Dress,Women's Clothing,8.25,21.99,13.74,62.5,,https://ipimg.interestprint.com/data/product/3282/img/20240428/20240428200902379844_250x250.jpg,https://www.interestprint.com/custom/sleeveless_bodycon_side_slit_long_dress-3282.html
1261,3299,Women Long-Sleeve Blouse,Women's Clothing,8.25,19.99,11.74,58.7,,https://ipimg.interestprint.com/data/product/3299/img/20240429/20240429005449173725_250x250.jpg,https://www.interestprint.com/custom/women_long_sleeve_blouse-3299.html
1262,5693,"Custom Flannel Blanket 30"" × 40"" ( Double-Sided Print )",Home Decor,8.25,24.99,16.74,67.0,,https://ipimg.interestprint.com/data/product/5693/img/20260522/20260522092516885954_250x250.png,https://www.interestprint.com/custom/custom_flannel_blanket_double_sided_print-5693.html
1263,5278,Flameless LED Candle | Ships from USA,Wedding & Party Decor,8.29,21.99,13.7,62.3,,https://ipimg.interestprint.com/data/product/5278/img/20260212/20260212211401447180_250x250.jpg,https://www.interestprint.com/custom/flameless_candle_ships_from_usa-5278.html
1264,6103,Quilted Witch Hat,Halloween Decor,8.29,24.99,16.7,66.8,,https://ipimg.interestprint.com/data/product/6103/img/20260820/20260820164705528601_250x250.jpg,https://www.interestprint.com/custom/quilted_witch_hat-6103.html
1265,6121,Custom Photo Shaped Keychain ( 10cm ) | Ships from USA,U.S. Fulfillment,8.29,24.99,16.7,66.8,,https://ipimg.interestprint.com/data/product/6121/img/20260828/20260828161901731280_250x250.jpg,https://www.interestprint.com/custom/custom_photo_shaped_keychain_10cm_ships_from_usa-6121.html
1266,5757,Women's T-Shirt Dress (Front Print)  | Ships from USA,U.S. Fulfillment,8.29,24.99,16.7,66.8,,https://ipimg.interestprint.com/data/product/5757/img/20260602/20260602165609147500_250x250.jpg,https://www.interestprint.com/custom/women_s_t_shirt_dress_front_print_ships_from_usa-5757.html
1267,3930,Coffee Mat 40x30cm | Ships from USA,U.S. Fulfillment,8.29,24.99,16.7,66.8,,https://ipimg.interestprint.com/data/product/3930/img/20260107/20260107213914798754_250x250.jpg,https://www.interestprint.com/custom/custom_coffee_mat_40x30cm_us02-3930.html
1268,3923,Washer Dryer Top Mat 40x30cm | Ships from USA,U.S. Fulfillment,8.29,24.99,16.7,66.8,,https://ipimg.interestprint.com/data/product/3923/img/20260107/20260107213514656271_250x250.jpg,https://www.interestprint.com/custom/custom_washer_dryer_top_mat_40x30cm_us02-3923.html
1269,1442,Personalized Round Photo Locket Necklace Silver,Personalized Product,8.29,27.99,19.7,70.4,,https://ipimg.interestprint.com/data/product/1442/img/20231204/20231204002706707469_250x250.jpg,https://www.interestprint.com/custom/personalised_round_photo_locket_necklace_silver-1442.html
1270,968,Photo Engraved Heart Necklace Titanium Steel,Personalized Product,8.29,39.99,31.7,79.3,,https://ipimg.interestprint.com/data/product/968/img/20190410/20190410023519444419_250x250.jpg,https://www.interestprint.com/custom/photo_engraved_heart_necklace_titanium_steel-968.html
1271,966,Photo Engraved Necklace Titanium Steel,Personalized Product,8.29,39.99,31.7,79.3,,https://ipimg.interestprint.com/data/product/966/img/20190410/20190410024033730150_250x250.jpg,https://www.interestprint.com/custom/photo_engraved_necklace_titanium_steel-966.html
1272,1439,Personalized Heart Photo Locket Necklace Silver,Personalized Product,8.29,27.99,19.7,70.4,,https://ipimg.interestprint.com/data/product/1439/img/20231204/20231204170013218067_250x250.jpg,https://www.interestprint.com/custom/personalised_heart_photo_locket_necklace_silver-1439.html
1273,2641,Mouse Pads & Wrist Rests,Home Decor,8.29,47.99,39.7,82.7,,https://ipimg.interestprint.com/data/product/2641/img/20230208/20230208011551582048_250x250.jpg,https://www.interestprint.com/custom/mouse_pad_and_hand_rest_set-2641.html
1274,2997,"Ultra-Soft Micro Fleece Blanket 43""x56""",Home Decor,8.29,41.99,33.7,80.3,,https://ipimg.interestprint.com/data/product/2997/img/20240125/20240125181357660602_250x250.jpg,https://www.interestprint.com/custom/2019_43_56-2997.html
1275,1291,Men's Personalized Photo Engraved Wallet(Black)(Model1712),Bags,8.29,35.99,27.7,77.0,,https://ipimg.interestprint.com/data/product/1291/img/20200813/20200813043825537986_250x250.jpg,https://www.interestprint.com/custom/men_s_custom_photo_engraved_wallet_1712_black-1291.html
1276,1290,Men's Personalized Photo Engraved Wallet(Grey)(Model1712),Bags,8.29,35.99,27.7,77.0,,https://ipimg.interestprint.com/data/product/1290/img/20200813/20200813043355376918_250x250.jpg,https://www.interestprint.com/custom/men_s_custom_photo_engraved_wallet_1712_grey-1290.html
1277,1289,Men's Personalized Photo Engraved Wallet(Brown)(Model1712),Bags,8.29,35.99,27.7,77.0,,https://ipimg.interestprint.com/data/product/1289/img/20200813/20200813031321574535_250x250.jpg,https://www.interestprint.com/custom/men_s_custom_photo_engraved_wallet_1712_brown-1289.html
1278,1288,Men's Personalized Photo Engraved Wallet(Coffee)(Model1712),Bags,8.29,35.99,27.7,77.0,,https://ipimg.interestprint.com/data/product/1288/img/20200813/20200813031201546257_250x250.jpg,https://www.interestprint.com/custom/men_s_custom_photo_engraved_wallet_1712_coffee-1288.html
1279,5629,Women's Short Sleeve Blouse with Buttons,Women's Clothing,8.3,24.99,16.69,66.8,,https://ipimg.interestprint.com/data/product/5629/img/20260518/20260518175520001258_250x250.jpg,https://www.interestprint.com/custom/women_s_short_sleeve_blouse_with_buttons-5629.html
1280,5923,Men's Short Sleeve Crew Neck Pajama Set,Men's Clothing,8.3,24.99,16.69,66.8,,https://ipimg.interestprint.com/data/product/5923/img/20260706/20260706112523838461_250x250.jpg,https://www.interestprint.com/custom/men_s_short_sleeve_crew_neck_pajama_set-5923.html
1281,5874,Women's Long Sleeve Cardigan With Pockets,Women's Clothing,8.32,24.99,16.67,66.7,,https://ipimg.interestprint.com/data/product/5874/img/20260902/20260902171911861016_250x250.jpg,https://www.interestprint.com/custom/women_s_long_sleeve_cardigan_with_pockets-5874.html
1282,4270,Women's Drop Shoulder Short Sleeve Tee,Women's Clothing,8.32,24.99,16.67,66.7,,https://ipimg.interestprint.com/data/product/4270/img/20250415/20250415220731476520_250x250.jpg,https://www.interestprint.com/custom/shoulder_down_short_sleeved_shirt-4270.html
1283,4258,Women's Drop-Shoulder  Hoodie,Women's Clothing,8.32,29.99,21.67,72.3,,https://ipimg.interestprint.com/data/product/4258/img/20250331/20250331185016501673_250x250.jpg,https://www.interestprint.com/custom/women_s_drop_shoulder_hoodie-4258.html
1284,4212,All Over Print Drop Shoulder Sweatshirt,Women's Clothing,8.32,17.99,9.67,53.8,,https://ipimg.interestprint.com/data/product/4212/img/20250310/20250310000306207181_250x250.jpg,https://www.interestprint.com/custom/all_over_print_drop_shoulder_sweatshirt-4212.html
1285,3755,Women's V-Neck Ruffle Sleeve T-Shirts,Women's Clothing,8.32,19.99,11.67,58.4,,https://ipimg.interestprint.com/data/product/3755/img/20240813/20240813234007680294_250x250.jpg,https://www.interestprint.com/custom/women_s_v_neck_ruffle_sleeve_t_shirts-3755.html
1286,3567,Women's Spaghetti Strap Dress (NZ008),Women's Clothing,8.32,19.99,11.67,58.4,,https://ipimg.interestprint.com/data/product/3567/img/20240702/20240702195420082860_250x250.jpg,https://www.interestprint.com/custom/women_s_spaghetti_strap_dress-3567.html
1287,3272,Sleeveless Round Neck A-Line Dress,Women's Clothing,8.32,18.99,10.67,56.2,,https://ipimg.interestprint.com/data/product/3272/img/20240428/20240428201051063884_250x250.jpg,https://www.interestprint.com/custom/sleeveless_round_neck_a_line_dress-3272.html
1288,3205,Polo Sleeveless Zip Up Dress,Women's Clothing,8.32,21.99,13.67,62.2,,https://ipimg.interestprint.com/data/product/3205/img/20240417/20240417002506604040_250x250.jpg,https://www.interestprint.com/custom/sleeveless_polo_shirt-3205.html
1289,3177,Custom Round Collar High Waisted Dress,Women's Clothing,8.32,19.99,11.67,58.4,,https://ipimg.interestprint.com/data/product/3177/img/20240410/20240410175403071411_250x250.jpg,https://www.interestprint.com/custom/high_waisted_dress-3177.html
1290,3890,Women's Zip Up Long Sleeve Shirt,Women's Clothing,8.32,21.99,13.67,62.2,,https://ipimg.interestprint.com/data/product/3890/img/20241015/20241015010710656176_250x250.jpg,https://www.interestprint.com/custom/women_s_zip_up_long_sleeve_shirt-3890.html
1291,4250,Polo Collar Short Sleeve Shirt,Men's Clothing,8.32,24.99,16.67,66.7,,https://ipimg.interestprint.com/data/product/4250/img/20250324/20250324012759488857_250x250.jpg,https://www.interestprint.com/custom/polo_collar_short_sleeve_shirt-4250.html
1292,4653,Women's Flannel Lounge Pants,Women's Clothing,8.36,29.99,21.63,72.1,,https://ipimg.interestprint.com/data/product/4653/img/20250905/20250905001443773333_250x250.jpg,https://www.interestprint.com/custom/women_s_flannel_lounge_pants-4653.html
1293,4249,Women Short Sleeve Shirt With Chest Pocket,Women's Clothing,8.36,21.99,13.63,62.0,,https://ipimg.interestprint.com/data/product/4249/img/20250324/20250324012747188400_250x250.jpg,https://www.interestprint.com/custom/women_short_sleeve_blouse_with_pocket-4249.html
1294,3999,All Over Print Skater Skirt,Women's Clothing,8.36,19.99,11.63,58.2,,https://ipimg.interestprint.com/data/product/3999/img/20241120/20241120000209380435_250x250.jpg,https://www.interestprint.com/custom/all_over_print_skater_skirt-3999.html
1295,3810,All-Over Print Short Sleeve Midi Dress,Women's Clothing,8.36,19.99,11.63,58.2,,https://ipimg.interestprint.com/data/product/3810/img/20240918/20240918230520612731_250x250.jpg,https://www.interestprint.com/custom/all_over_print_short_sleeve_midi_dress-3810.html
1296,3320,Woman's Off Shoulder Sweatshirt,Women's Clothing,8.36,17.99,9.63,53.5,,https://ipimg.interestprint.com/data/product/3320/img/20240502/20240502000155277855_250x250.jpg,https://www.interestprint.com/custom/woman_s_off_shoulder_sweatshirt-3320.html
1297,4333,Cotton Long Sleeve Shirt(Front Printing),Men's Clothing,8.36,28.99,20.63,71.2,,https://ipimg.interestprint.com/data/product/4333/img/20250515/20250515010319077105_250x250.jpg,https://www.interestprint.com/custom/cotton_long_sleeve_t_shirt_front_printing-4333.html
1298,3778,Polo Straight Hem Shirt,Men's Clothing,8.36,19.99,11.63,58.2,,https://ipimg.interestprint.com/data/product/3778/img/20240827/20240827200934697178_250x250.jpg,https://www.interestprint.com/custom/polo_straight_hem_shirt-3778.html
1299,3190,Short-Sleeve Zip Polo Shirt(B470),Men's Clothing,8.36,19.99,11.63,58.2,,https://ipimg.interestprint.com/data/product/3190/img/20240411/20240411183729671000_250x250.jpg,https://www.interestprint.com/custom/short_sleeve_zip_polo_shirt_b470-3190.html
1300,6031,Women's Half Zip Long Sleeve Sweatshirt,Women's Clothing,8.38,26.99,18.61,69.0,,https://ipimg.interestprint.com/data/product/6031/img/20260804/20260804091720625762_250x250.jpg,https://www.interestprint.com/custom/women_s_half_zip_long_sleeve_sweatshirt-6031.html
1301,6081,"Wedding Table Runner 13"" x 48"" | Ships from USA",Wedding & Party Decor,8.39,24.99,16.6,66.4,,https://ipimg.interestprint.com/data/product/6081/img/20260814/20260814164625222711_250x250.jpg,https://www.interestprint.com/custom/wedding_table_runner_13_x_48_ships_from_usa-6081.html
1302,4223,"New Table Runner 72"" x 13"" | Ships from USA",Christmas Gifts,8.39,27.99,19.6,70.0,,https://ipimg.interestprint.com/data/product/4223/img/20260107/20260107234511573152_250x250.jpg,https://www.interestprint.com/custom/custom_new_table_runner_72x13inch-4223.html
1303,5819,Arm Sleeves 38cm ( Pack of 2 & Same Design ) | Ships from USA,Summer Holiday,8.39,24.99,16.6,66.4,,https://ipimg.interestprint.com/data/product/5819/img/20260612/20260612161719036904_250x250.jpg,https://www.interestprint.com/custom/arm_sleeves_38cm_pack_of_2_same_design_ships_from_usa-5819.html
1304,3804,Girl's Crop Top Swimsuit,Summer Holiday,8.39,18.99,10.6,55.8,,https://ipimg.interestprint.com/data/product/3804/img/20240905/20240905200321224488_250x250.jpg,https://www.interestprint.com/custom/girl_s_crop_top_swimsuit-3804.html
1305,4154,Women's Tank Top (Front Printing) | Ships from USA,U.S. Fulfillment,8.39,22.99,14.6,63.5,,https://ipimg.interestprint.com/data/product/4154/img/20260110/20260110061610455882_250x250.jpg,https://www.interestprint.com/custom/custom_women_s_tank_top_front_printing_us02-4154.html
1306,4358,Backless Spaghetti Strap Bodycon Dress,Women's Clothing,8.39,25.99,17.6,67.7,,https://ipimg.interestprint.com/data/product/4358/img/20250526/20250526183014830863_250x250.jpg,https://www.interestprint.com/custom/custom_backless_spaghetti_strap_bodycon_dress-4358.html
1307,4303,U-Shaped Travel Neck Pillow,Home Decor,8.39,29.99,21.6,72.0,,https://ipimg.interestprint.com/data/product/4303/img/20250421/20250421015142116407_250x250.jpg,https://www.interestprint.com/custom/u_shaped_travel_neck_pillow-4303.html
1308,4394,Women's One Piece Swimsuit,Women's Clothing,8.4,32.99,24.59,74.5,,https://ipimg.interestprint.com/data/product/4394/img/20250605/20250605184822662447_250x250.jpg,https://www.interestprint.com/custom/custom_one_piece_swimsuit-4394.html
1309,5640,Women’s Round Neck Placket Top,Women's Clothing,8.41,24.99,16.58,66.3,,https://ipimg.interestprint.com/data/product/5640/img/20260518/20260518175020124307_250x250.jpg,https://www.interestprint.com/custom/women_s_round_neck_placket_top-5640.html
1310,5624,Women's Sleeveless Pleated Sash Top,Women's Clothing,8.41,24.99,16.58,66.3,,https://ipimg.interestprint.com/data/product/5624/img/20260518/20260518180045248260_250x250.jpg,https://www.interestprint.com/custom/women_s_sleeveless_pleated_sash_top-5624.html
1311,5545,Men's Half-Placket Button Short Sleeve Shirt,Men's Clothing,8.41,24.99,16.58,66.3,,https://ipimg.interestprint.com/data/product/5545/img/20260423/20260423172210880938_250x250.jpg,https://www.interestprint.com/custom/men_s_half_placket_button_short_sleeve_shirt-5545.html
1312,4002,Off-the-Shoulder Long Sleeve Dress,Women's Clothing,8.48,19.99,11.51,57.6,,https://ipimg.interestprint.com/data/product/4002/img/20241120/20241120000250937642_250x250.jpg,https://www.interestprint.com/custom/off_the_shoulder_long_sleeve_dress-4002.html
1313,4194,Mini Backpack,Bags,8.48,21.99,13.51,61.4,,https://ipimg.interestprint.com/data/product/4194/img/20250304/20250304011816390286_250x250.jpg,https://www.interestprint.com/custom/mini_backpack-4194.html
1314,5891,"Lace Hanging Tapestry 12"" x 40""",Wedding & Party Decor,8.49,25.99,17.5,67.3,,https://ipimg.interestprint.com/data/product/5891/img/20260629/20260629140057299148_250x250.jpg,https://www.interestprint.com/custom/lace_hanging_tapestry_12_x_40-5891.html
1315,2926,Sequin Christmas Stocking | Ships from USA,Christmas Gifts,8.49,17.99,9.5,52.8,,https://ipimg.interestprint.com/data/product/2926/img/20260109/20260109074418769608_250x250.jpg,https://www.interestprint.com/custom/sequin_christmas_stocking-2926.html
1316,5633,"Kids' Graduation Stole 4.3"" × 50.5""  | Ships from USA",Graduation Gifts,8.49,24.99,16.5,66.0,,https://ipimg.interestprint.com/data/product/5633/img/20260511/20260511153026174792_250x250.jpg,https://www.interestprint.com/custom/kids_graduation_stole_4_3_x_50_5_ships_from_usa-5633.html
1317,5246,"Custom Adult Graduation Stole 4.5"" × 62"" | Shipped from USA",Graduation Gifts,8.49,29.99,21.5,71.7,,https://ipimg.interestprint.com/data/product/5246/img/20260204/20260204175857345786_250x250.jpg,https://www.interestprint.com/custom/custom_adult_graduation_stole_shipped_from_usa-5246.html
1318,4182,"Personalized Graduation Stoles 6.45"" × 70.8"" | Ships from USA",Graduation Gifts,8.49,29.99,21.5,71.7,,https://ipimg.interestprint.com/data/product/4182/img/20260109/20260109231045413010_250x250.jpg,https://www.interestprint.com/custom/custom_graduation_stoles-4182.html
1319,3028,Custom Beach Sarong Wrap | Ships from USA,Summer Holiday,8.49,25.99,17.5,67.3,,https://ipimg.interestprint.com/data/product/3028/img/20260109/20260109234235072465_250x250.jpg,https://www.interestprint.com/custom/beach_sarong_wrap-3028.html
1320,2799,Women's Low Back One Piece Swimsuit (Model S50),Summer Holiday,8.49,23.99,15.5,64.6,,https://ipimg.interestprint.com/data/product/2799/img/20230718/20230718003702964968_250x250.jpg,https://www.interestprint.com/custom/women_s_high_cut_backless_swimsuit_s50-2799.html
1321,5231,Custom Men's Mid-Length Beach Shorts (ModelL51),Summer Holiday,8.49,24.99,16.5,66.0,,https://ipimg.interestprint.com/data/product/5231/img/20260128/20260128185504038246_250x250.jpg,https://www.interestprint.com/custom/men_s_mid_length_beach_shorts_modell51-5231.html
1322,4754,"Picnic Table Cover (60"" x 30"") | Ships from USA",U.S. Fulfillment,8.49,25.99,17.5,67.3,,https://ipimg.interestprint.com/data/product/4754/img/20260109/20260109230544578211_250x250.jpg,https://www.interestprint.com/custom/picnic_table_cover_60_x_30-4754.html
1323,4153,Men's Tank Top (Front Printing) | Ships from USA,U.S. Fulfillment,8.49,22.99,14.5,63.1,,https://ipimg.interestprint.com/data/product/4153/img/20260110/20260110061726834987_250x250.jpg,https://www.interestprint.com/custom/custom_men_s_tank_top_front_printing_us02-4153.html
1324,6084,"Stitched-Edge Mahjong Table Mat 33"" x 33""",Home Decor,8.49,36.99,28.5,77.0,,https://ipimg.interestprint.com/data/product/6084/img/20260814/20260814162805041190_250x250.jpg,https://www.interestprint.com/custom/stitched_edge_mahjong_table_mat_33_x_33-6084.html
1325,563,Classic Sublimated Crew Socks,Shoes,8.49,29.99,21.5,71.7,,https://ipimg.interestprint.com/data/product/563/img/20231218/20231218180954164707_250x250.jpg,https://www.interestprint.com/custom/adult_sublimated_crew_socks-563.html
1326,15,Rubber Case for Samsung Galaxy Note 2,Accessories,8.49,17.95,9.46,52.7,,https://ipimg.interestprint.com/data/product/15/img/20150909/20150909234315544479_250x250.jpg,https://www.interestprint.com/custom/case_for_samsung_galaxy_note_2-15.html
1327,880,Unisex Bucket Hat,Accessories,8.49,35.99,27.5,76.4,,https://ipimg.interestprint.com/data/product/880/img/20181008/20181008235849626045_250x250.png,https://www.interestprint.com/custom/unisex_bucket_hat_boonie_outdoor_hat-880.html
1328,1466,Personalized Name Bar Bracelet,Personalized Product,8.5,27.99,19.49,69.6,,https://ipimg.interestprint.com/data/product/1466/img/20210407/20210407183846508116_250x250.jpg,https://www.interestprint.com/custom/personalized_stainless_steel_name_bar_bracelet-1466.html
1329,2822,Men's Stand-Up Collar Short Sleeve Shirt,Men's Clothing,8.5,21.99,13.49,61.3,,https://ipimg.interestprint.com/data/product/2822/img/20230726/20230726005200007795_250x250.jpg,https://www.interestprint.com/custom/men_s_stand_up_collar_short_sleeve_shirt-2822.html
1330,2872,"Shower Curtain 66""x72""",Home Decor,8.5,26.99,18.49,68.5,,https://ipimg.interestprint.com/data/product/2872/img/20231017/20231017011853298559_250x250.jpg,https://www.interestprint.com/custom/shower_curtain_66_x72-2872.html
1331,5662,Women's Ruched Sweetheart Dress,Women's Clothing,8.52,25.99,17.47,67.2,,https://ipimg.interestprint.com/data/product/5662/img/20260518/20260518174336280060_250x250.jpg,https://www.interestprint.com/custom/women_s_ruched_sweetheart_dress-5662.html
1332,3040,Women's Cropped Jacket(MSYX94),Women's Clothing,8.52,28.99,20.47,70.6,,https://ipimg.interestprint.com/data/product/3040/img/20240326/20240326230523953108_250x250.jpg,https://www.interestprint.com/custom/womens_cropped_jacket-3040.html
1333,4856,Wooden Wall Clock Without Scale (White Pointer)(34 x 34cm),Home Decor,8.52,23.99,15.47,64.5,,https://ipimg.interestprint.com/data/product/4856/img/20251020/20251020011428077655_250x250.jpg,https://www.interestprint.com/custom/wooden_wall_clock_without_scale_white_pointer_34_x_34cm-4856.html
1334,3163,Thread Yoga Vest Set (NZ063),Women's Clothing,8.53,23.99,15.46,64.4,,https://ipimg.interestprint.com/data/product/3163/img/20240406/20240406223927415632_250x250.jpg,https://www.interestprint.com/custom/thread_yoga_vest_set_nz063-3163.html
1335,3083,Halter Bikini Swimsuit (BK2131),Women's Clothing,8.53,23.99,15.46,64.4,,https://ipimg.interestprint.com/data/product/3083/img/20240328/20240328234427405453_250x250.jpg,https://www.interestprint.com/custom/halter_bikini_swimsuit_bk2131-3083.html
1336,5125,Women’s Ruffle Pajama Pants,Women's Clothing,8.55,28.99,20.44,70.5,,https://ipimg.interestprint.com/data/product/5125/img/20251231/20251231003743921246_250x250.jpg,https://www.interestprint.com/custom/women_s_ruffle_pajama_pants-5125.html
1337,4268,Women's Short Sleeve Blouse,Women's Clothing,8.55,23.99,15.44,64.4,,https://ipimg.interestprint.com/data/product/4268/img/20250415/20250415220704660454_250x250.jpg,https://www.interestprint.com/custom/women_s_short_sleeve_blouse-4268.html
1338,4202,Women's All Over Print Skirt,Women's Clothing,8.55,19.99,11.44,57.2,,https://ipimg.interestprint.com/data/product/4202/img/20250304/20250304223716769907_250x250.jpg,https://www.interestprint.com/custom/women_s_all_over_print_skirt-4202.html
1339,4278,Men's Stand Collar Sweatshirt,Men's Clothing,8.55,26.99,18.44,68.3,,https://ipimg.interestprint.com/data/product/4278/img/20250410/20250410225058628400_250x250.jpg,https://www.interestprint.com/custom/men_s_stand_collar_sweatshirt-4278.html
1340,3560,Round Collar Soccer Jersey  Suit (A57TZ),Men's Clothing,8.55,19.99,11.44,57.2,,https://ipimg.interestprint.com/data/product/3560/img/20240626/20240626224006713669_250x250.jpg,https://www.interestprint.com/custom/round_collar_soccer_jersey_suit-3560.html
1341,3558,Sleeveless Basketball Jersey Suit (KTZREV1),Men's Clothing,8.55,18.99,10.44,55.0,,https://ipimg.interestprint.com/data/product/3558/img/20240626/20240626193644374831_250x250.jpg,https://www.interestprint.com/custom/sleeveless_basketball_jersey_suit-3558.html
1342,4177,Long Bagless Kid's Hooded Sweatshirt (Without Hood Cord),Kid's Clothing,8.55,16.99,8.44,49.7,,https://ipimg.interestprint.com/data/product/4177/img/20250223/20250223215017923867_250x250.jpg,https://www.interestprint.com/custom/long_bagless_kid_s_hooded_sweatshirt_without_hood_cord-4177.html
1343,4995,Wine Tumbler(12Oz),Home Decor,8.55,23.99,15.44,64.4,,https://ipimg.interestprint.com/data/product/4995/img/20251126/20251126223758091756_250x250.jpg,https://www.interestprint.com/custom/wine_tumbler_12oz-4995.html
1344,199,"Throw Pillow Cover 16""x16"" (One Side)",Home Decor,8.55,18.95,10.4,54.9,,https://ipimg.interestprint.com/data/product/199/img/20150730/20150730115346486682_250x250.jpg,https://www.interestprint.com/custom/throw_pillow_cover_16_x16_one_side-199.html
1345,4999,"Triptych Decorative Frame 8"" × 12""",Wall Art,8.55,21.99,13.44,61.1,,https://ipimg.interestprint.com/data/product/4999/img/20260115/20260115233206137884_250x250.jpg,https://www.interestprint.com/custom/triptych_canvas_print-4999.html
1346,3084,Plus Size Halter Bikini Swimsuit (BK2131),Women's Clothing,8.56,23.99,15.43,64.3,,https://ipimg.interestprint.com/data/product/3084/img/20240328/20240328234416061374_250x250.jpg,https://www.interestprint.com/custom/plus_size_halter_bikini_swimsuit_bk2131-3084.html
1347,3082,Plus Size String Bikini Set (BK2059),Women's Clothing,8.56,22.99,14.43,62.8,,https://ipimg.interestprint.com/data/product/3082/img/20240328/20240328234439460321_250x250.jpg,https://www.interestprint.com/custom/plus_size_string_bikini_set_bk2059-3082.html
1348,3491,Sleeveless Tank Dress (NZ014),Women's Clothing,8.57,19.99,11.42,57.1,,https://ipimg.interestprint.com/data/product/3491/img/20240614/20240614011826094676_250x250.jpg,https://www.interestprint.com/custom/sleeveless_tank_dress-3491.html
1349,5021,Acrylic Book Shaped Vase (Two Side Printing) | Ships from USA,Mother's Day,8.59,26.99,18.4,68.2,,https://ipimg.interestprint.com/data/product/5021/img/20260110/20260110032439749404_250x250.jpg,https://www.interestprint.com/custom/acrylic_book_shaped_vase_twin_sides-5021.html
1350,3871,Personalized Men's Hoodie(Model H03) | Ships from USA,Graduation Gifts,8.59,37.99,29.4,77.4,,https://ipimg.interestprint.com/data/product/3871/img/20260110/20260110040305492591_250x250.jpg,https://www.interestprint.com/custom/personalized_men_s_hoodie_model_h03-3871.html
1351,1492,Men's All Over Print Boxer Briefs(ModelL10) | Ships from USA,Father's Day,8.59,24.99,16.4,65.6,,https://ipimg.interestprint.com/data/product/1492/img/20260108/20260108003140383651_250x250.jpg,https://www.interestprint.com/custom/men_s_all_over_print_boxer_briefs_modell10-1492.html
1352,4074,Big Girls' All Over Print Crew Neck T-Shirt(T40-2) | Ships from USA,Summer Holiday,8.59,19.99,11.4,57.0,,https://ipimg.interestprint.com/data/product/4074/img/20260109/20260109214715085597_250x250.jpg,https://www.interestprint.com/custom/big_girls_all_over_print_crew_neck_t_shirt_t40_2-4074.html
1353,4481,Casual Backpack (Upper Part Printing) (Model 1753) | Ships from USA,Back to School,8.59,26.99,18.4,68.2,,https://ipimg.interestprint.com/data/product/4481/img/20260109/20260109234403928209_250x250.jpg,https://www.interestprint.com/custom/custom_casual_backpack-4481.html
1354,5820,Arm Sleeves 41cm ( Pack of 2 & Same Design ) | Ships from USA,U.S. Fulfillment,8.59,25.99,17.4,66.9,,https://ipimg.interestprint.com/data/product/5820/img/20260612/20260612161645359832_250x250.jpg,https://www.interestprint.com/custom/arm_sleeves_41cm_pack_of_2_same_design_ships_from_usa-5820.html
1355,4915,Pet Feeding Mat 60x50cm | Ships from USA,U.S. Fulfillment,8.59,26.99,18.4,68.2,,https://ipimg.interestprint.com/data/product/4915/img/20260110/20260110033059417831_250x250.jpg,https://www.interestprint.com/custom/pet_feeding_mat_60x50cm-4915.html
1356,3897,"Metal Sign 12""x8""(Set of 2)(Customizable Separately) | Ships from USA",U.S. Fulfillment,8.59,21.99,13.4,60.9,,https://ipimg.interestprint.com/data/product/3897/img/20260107/20260107223019596000_250x250.jpg,https://www.interestprint.com/custom/metal_tin_sign_12_x8_2_pack-3897.html
1357,3898,"Metal Sign 8""x12""""(Set of 2)(Customizable Separately) | Ships from USA",U.S. Fulfillment,8.59,21.99,13.4,60.9,,https://ipimg.interestprint.com/data/product/3898/img/20260107/20260107223058613621_250x250.jpg,https://www.interestprint.com/custom/metal_tin_sign_8_x12_2_pack-3898.html
1358,3757,"Metal Sign 8""x12""""(Set of 2) | Ships from USA",U.S. Fulfillment,8.59,21.99,13.4,60.9,,https://ipimg.interestprint.com/data/product/3757/img/20260107/20260107223329008525_250x250.jpg,https://www.interestprint.com/custom/metal_tin_sign_8_x12_set_of_2-3757.html
1359,3756,"Metal Sign 12""x8""(Set of 2)  | Ships from USA",U.S. Fulfillment,8.59,25.99,17.4,66.9,,https://ipimg.interestprint.com/data/product/3756/img/20260107/20260107223354756756_250x250.jpg,https://www.interestprint.com/custom/metal_tin_sign_12_x8_set_of_2-3756.html
1360,2980,Personalized Wall Clock | Ships from USA,U.S. Fulfillment,8.59,21.99,13.4,60.9,,https://ipimg.interestprint.com/data/product/2980/img/20260107/20260107214227424126_250x250.jpg,https://www.interestprint.com/custom/mdf_wall_clock-2980.html
1361,2959,Acrylic Photo Panel with Lighted Stand | Ships from USA,U.S. Fulfillment,8.59,27.99,19.4,69.3,,https://ipimg.interestprint.com/data/product/2959/img/20260109/20260109172808474626_250x250.jpg,https://www.interestprint.com/custom/acrylic_photo_panel_with_lighted_stand-2959.html
1362,2960,Acrylic Photo Panel with Wooden Stand | Ships from USA,U.S. Fulfillment,8.59,23.99,15.4,64.2,,https://ipimg.interestprint.com/data/product/2960/img/20260109/20260109172550702509_250x250.jpg,https://www.interestprint.com/custom/acrylic_photo_panel_with_wooden_stand-2960.html
1363,1421,"Ultra-Soft Micro Fleece Blanket 30""x40"" | Ships from USA",U.S. Fulfillment,8.59,39.99,31.4,78.5,,https://ipimg.interestprint.com/data/product/1421/img/20260108/20260108002113151703_250x250.jpg,https://www.interestprint.com/custom/ultra_soft_micro_fleece_blanket_30_x40-1421.html
1364,5929,All Over Print Cotton Kid's Short Sleeve Shirt with Chest Pocket,All-Over Cotton Collection,8.59,25.99,17.4,66.9,,https://ipimg.interestprint.com/data/product/5929/img/20260706/20260706172313098751_250x250.jpg,https://www.interestprint.com/custom/kid_s_short_sleeve_shirt_with_chest_pocket-5929.html
1365,5875,Women's Ruffle Sleeve Back Tie Dress,Women's Clothing,8.59,26.99,18.4,68.2,,https://ipimg.interestprint.com/data/product/5875/img/20260625/20260625152922315386_250x250.jpg,https://www.interestprint.com/custom/women_s_ruffle_sleeve_back_tie_dress-5875.html
1366,5863,Women's V-neck Sleeveless Dress,Women's Clothing,8.59,26.99,18.4,68.2,,https://ipimg.interestprint.com/data/product/5863/img/20260623/20260623164832288831_250x250.jpg,https://www.interestprint.com/custom/women_s_v_neck_sleeveless_dress-5863.html
1367,5290,Women's Wide Leg Pants,Women's Clothing,8.59,29.99,21.4,71.4,,https://ipimg.interestprint.com/data/product/5290/img/20260225/20260225002920179787_250x250.jpg,https://www.interestprint.com/custom/women_s_wide_leg_pants-5290.html
1368,5158,Yoga Zipper Vest,Women's Clothing,8.59,21.99,13.4,60.9,,https://ipimg.interestprint.com/data/product/5158/img/20260115/20260115003242043870_250x250.jpg,https://www.interestprint.com/custom/yoga_zipper_vest-5158.html
1369,4832,All Over Print Midi Skirt,Women's Clothing,8.59,17.99,9.4,52.3,,https://ipimg.interestprint.com/data/product/4832/img/20251015/20251015003916986904_250x250.jpg,https://www.interestprint.com/custom/all_over_print_midi_skirt-4832.html
1370,4001,All-Over Print Cropped Hoodie,Women's Clothing,8.59,21.99,13.4,60.9,,https://ipimg.interestprint.com/data/product/4001/img/20241120/20241120000235076831_250x250.jpg,https://www.interestprint.com/custom/all_over_print_cropped_hoodie-4001.html
1371,3498,Bikini Swimsuit (J203D65),Women's Clothing,8.59,19.99,11.4,57.0,,https://ipimg.interestprint.com/data/product/3498/img/20240614/20240614011649779812_250x250.jpg,https://www.interestprint.com/custom/bikini_swimsuit-3498.html
1372,2769,Women's Pajama Shorts (Model Sets 11),Women's Clothing,8.59,19.99,11.4,57.0,,https://ipimg.interestprint.com/data/product/2769/img/20230607/20230607230710093572_250x250.jpg,https://www.interestprint.com/custom/v-2769.html
1373,3297,Women Casual Long-Sleeve Blouse,Women's Clothing,8.59,20.99,12.4,59.1,,https://ipimg.interestprint.com/data/product/3297/img/20240429/20240429005512373127_250x250.jpg,https://www.interestprint.com/custom/women_casual_long_sleeve_blouse-3297.html
1374,3771,Men's Baseball Jersey J50T,Men's Clothing,8.59,19.99,11.4,57.0,,https://ipimg.interestprint.com/data/product/3771/img/20240823/20240823021150787592_250x250.jpg,https://www.interestprint.com/custom/men_s_baseball_jersey-3771.html
1375,3799,Girl's Two-Piece Bathing Suit,Kid's Clothing,8.59,19.99,11.4,57.0,,https://ipimg.interestprint.com/data/product/3799/img/20240905/20240905200217225324_250x250.jpg,https://www.interestprint.com/custom/girl_s_two_piece_bathing_suit-3799.html
1376,4604,40oz Tumbler with Multi-Color Top Handle,Home Decor,8.59,31.99,23.4,73.1,,https://ipimg.interestprint.com/data/product/4604/img/20250814/20250814235650157388_250x250.jpg,https://www.interestprint.com/custom/40oz_tumbler_with_multi_color_top_handle-4604.html
1377,3883,Timer,Home Decor,8.59,16.99,8.4,49.4,,https://ipimg.interestprint.com/data/product/3883/img/20241014/20241014232537938770_250x250.jpg,https://www.interestprint.com/custom/timer-3883.html
1378,1082,"Doormat 30""x18""(Rubber)",Home Decor,8.59,25.99,17.4,66.9,,https://ipimg.interestprint.com/data/product/1082/img/20190926/20190926032556847444_250x250.jpg,https://www.interestprint.com/custom/doormat_30_x18-1082.html
1379,1039,Men's All Over Print Bucket Hat,Accessories,8.59,35.99,27.4,76.1,,https://ipimg.interestprint.com/data/product/1039/img/20190624/20190624210506265717_250x250.jpg,https://www.interestprint.com/custom/all_over_print_bucket_hat-1039.html
1380,4158,Home Wood Framework(40*30),Wall Art,8.59,16.99,8.4,49.4,,https://ipimg.interestprint.com/data/product/4158/img/20250209/20250209230739277113_250x250.jpg,https://www.interestprint.com/custom/home_wood_framework_30_40-4158.html
1381,4157,Home Wood Framework(30*40),Wall Art,8.59,16.99,8.4,49.4,,https://ipimg.interestprint.com/data/product/4157/img/20250209/20250209230722654943_250x250.jpg,https://www.interestprint.com/custom/home_wood_framework-4157.html
1382,4665,Women’s Long-Sleeve V-Neck Ruffle Mini Dress,Women's Clothing,8.61,29.99,21.38,71.3,,https://ipimg.interestprint.com/data/product/4665/img/20250910/20250910014419591632_250x250.jpg,https://www.interestprint.com/custom/women_s_long_sleeve_v_neck_ruffle_mini_dress-4665.html
1383,3725,High Waisted Fishtail Skirt,Women's Clothing,8.61,16.99,8.38,49.3,,https://ipimg.interestprint.com/data/product/3725/img/20240730/20240730015838926674_250x250.jpg,https://www.interestprint.com/custom/high_waisted_fishtail_skirt-3725.html
1384,3592,Yoga Set (ABTZ),Women's Clothing,8.61,19.99,11.38,56.9,,https://ipimg.interestprint.com/data/product/3592/img/20240705/20240705004830368014_250x250.jpg,https://www.interestprint.com/custom/yoga_set_abtz-3592.html
1385,3181,Custom Three-Tiered Skirt,Women's Clothing,8.61,19.99,11.38,56.9,,https://ipimg.interestprint.com/data/product/3181/img/20240410/20240410175511441864_250x250.jpg,https://www.interestprint.com/custom/custom_three_tiered_skirt-3181.html
1386,3702,Yoga Leggings (with Double Pockets (CE003),Women's Clothing,8.61,18.99,10.38,54.7,,https://ipimg.interestprint.com/data/product/3702/img/20260119/20260119164408926016_250x250.jpg,https://www.interestprint.com/custom/yoga_leggings_with_double_pockets_ce003-3702.html
1387,5985,Men's Casual Button Hoodie,Men's Clothing,8.61,26.99,18.38,68.1,,https://ipimg.interestprint.com/data/product/5985/img/20260717/20260717163448486132_250x250.jpg,https://www.interestprint.com/custom/men_s_casual_button_hoodie-5985.html
1388,3663,Crewneck Sweater (MY09),Men's Clothing,8.61,20.99,12.38,59.0,,https://ipimg.interestprint.com/data/product/3663/img/20240718/20240718015334849079_250x250.jpg,https://www.interestprint.com/custom/crewneck_sweater-3663.html
1389,3805,Girl's All Over Print One-Piece Swimsuit,Kid's Clothing,8.61,17.99,9.38,52.1,,https://ipimg.interestprint.com/data/product/3805/img/20240905/20240905200333565361_250x250.jpg,https://www.interestprint.com/custom/children_s_all_over_print_one_piece_swimsuit-3805.html
1390,4960,Pet Training Fanny Pack,Accessories,8.61,26.99,18.38,68.1,,https://ipimg.interestprint.com/data/product/4960/img/20251114/20251114000540413808_250x250.jpg,https://www.interestprint.com/custom/pet_training_fanny_pack-4960.html
1391,5675,Women's Sleeveless Maxi Dress with Back Zipper,Women's Clothing,8.64,26.99,18.35,68.0,,https://ipimg.interestprint.com/data/product/5675/img/20260520/20260520174859014976_250x250.jpg,https://www.interestprint.com/custom/women_s_sleeveless_maxi_dress_with_back_zipper-5675.html
1392,5661,Women's A-Line Midi Skirt,Women's Clothing,8.64,25.99,17.35,66.8,,https://ipimg.interestprint.com/data/product/5661/img/20260518/20260518174258399192_250x250.jpg,https://www.interestprint.com/custom/women_s_a_line_midi_skirt-5661.html
1393,5642,Women's Swimsuit Dress,Women's Clothing,8.64,25.99,17.35,66.8,,https://ipimg.interestprint.com/data/product/5642/img/20260518/20260518174857491153_250x250.jpg,https://www.interestprint.com/custom/women_s_swimsuit_dress-5642.html
1394,6048,All Over Print Cotton Baby's Climbing Suit,All-Over Cotton Collection,8.65,26.99,18.34,68.0,,https://ipimg.interestprint.com/data/product/6048/img/20260806/20260806154751010454_250x250.jpg,https://www.interestprint.com/custom/all_over_print_cotton_baby_s_climbing_suit-6048.html
1395,6026,Women's Lace Slit Cami Pajama Dress,Women's Clothing,8.65,26.99,18.34,68.0,,https://ipimg.interestprint.com/data/product/6026/img/20260730/20260730161607480349_250x250.jpg,https://www.interestprint.com/custom/women_s_lace_slit_cami_pajama_dress-6026.html
1396,3700,Yoga Leggings (YJ033),Women's Clothing,8.65,18.99,10.34,54.4,,https://ipimg.interestprint.com/data/product/3700/img/20240725/20240725004720798630_250x250.jpg,https://www.interestprint.com/custom/yoga_leggings-3700.html
1397,6055,Men's Drawstring Wide Leg Casual Pants,Men's Clothing,8.65,26.99,18.34,68.0,,https://ipimg.interestprint.com/data/product/6055/img/20260810/20260810162909541669_250x250.jpg,https://www.interestprint.com/custom/men_s_drawstring_wide_leg_casual_pants-6055.html
1398,5852,Women's Side-Tie Short Sleeve Top & Wide-Leg Pants Set,Women's Clothing,8.66,26.99,18.33,67.9,,https://ipimg.interestprint.com/data/product/5852/img/20260618/20260618145031340171_250x250.jpg,https://www.interestprint.com/custom/women_s_side_tie_short_sleeve_top_wide_leg_pants_set-5852.html
1399,5838,Short Sleeve Top & Cropped Wide-Leg Pants Set,Women's Clothing,8.66,26.99,18.33,67.9,,https://ipimg.interestprint.com/data/product/5838/img/20260617/20260617164632647744_250x250.jpg,https://www.interestprint.com/custom/short_sleeve_top_cropped_wide_leg_pants_set-5838.html
1400,3905,Women's Loose V-Neck Long Puff Sleeve Top (Model H70),Women's Clothing,8.67,21.99,13.32,60.6,,https://ipimg.interestprint.com/data/product/3905/img/20241021/20241021191351118846_250x250.jpg,https://www.interestprint.com/custom/custom_women_s_loose_v_neck_long_puff_sleeve_top_h70-3905.html
1401,3665,Women's Sleeveless Dress (NZ022),Women's Clothing,8.68,18.99,10.31,54.3,,https://ipimg.interestprint.com/data/product/3665/img/20240718/20240718015413429887_250x250.jpg,https://www.interestprint.com/custom/women_s_sleeveless_dress_nz022-3665.html
1402,5906,Custom Casual Adult Backpack (Model 1754),Back to School,8.69,25.99,17.3,66.6,,https://ipimg.interestprint.com/data/product/5906/img/20260701/20260701113023657384_250x250.jpg,https://www.interestprint.com/custom/custom_casual_adult_backpack_model_1754-5906.html
1403,2354,"Polyester Peach Skin Wall Tapestry 60""x40"" | Ships from USA",Back to School,8.69,25.99,17.3,66.6,,https://ipimg.interestprint.com/data/product/2354/img/20260707/20260707170928430892_250x250.jpg,https://www.interestprint.com/custom/polyester_peach_skin_wall_tapestry_60_x40-2354.html
1404,6085,"Yard Sign 12"" x 9"" ( Stand Not Included & Two-Sided Same Print ) | Ships from USA",U.S. Fulfillment,8.69,25.99,17.3,66.6,,https://ipimg.interestprint.com/data/product/6085/img/20260817/20260817161340994734_250x250.jpg,https://www.interestprint.com/custom/yard_sign-6085.html
1405,5726,Custom A-shaped Kickboard | Ships from USA,U.S. Fulfillment,8.69,27.99,19.3,69.0,,https://ipimg.interestprint.com/data/product/5726/img/20260527/20260527170710200343_250x250.jpg,https://www.interestprint.com/custom/custom_a_shaped_kickboard_ships_from_usa-5726.html
1406,5427,"New Polyester Peach Skin Wall Tapestry 60"" x 40"" | Ships from USA",U.S. Fulfillment,8.69,26.99,18.3,67.8,,https://ipimg.interestprint.com/data/product/5427/img/20260622/20260622180210708599_250x250.jpg,https://www.interestprint.com/custom/new_polyester_peach_skin_wall_tapestry_60_x_40-5427.html
1407,5423,"New Polyester Peach Skin Wall Tapestry 40"" x 60"" | Ships from USA",U.S. Fulfillment,8.69,26.99,18.3,67.8,,https://ipimg.interestprint.com/data/product/5423/img/20260623/20260623164921171672_250x250.jpg,https://www.interestprint.com/custom/new_polyester_peach_skin_wall_tapestry_40_x_60-5423.html
1408,5121,Towel 40x60cm (3-Pack)(Customizable Separately)  | Ships from USA,U.S. Fulfillment,8.69,25.99,17.3,66.6,,https://ipimg.interestprint.com/data/product/5121/img/20260108/20260108230649770736_250x250.jpg,https://www.interestprint.com/custom/towel_40x60cm_3_pack_customizable_separately-5121.html
1409,2357,"Polyester Peach Skin Wall Tapestry 40""x 60"" | Ships from USA",U.S. Fulfillment,8.69,26.99,18.3,67.8,,https://ipimg.interestprint.com/data/product/2357/img/20260107/20260107231619218985_250x250.jpg,https://www.interestprint.com/custom/wall_tapestry_40_x_60-2357.html
1410,4405,Halterneck String Bikini Sets,Women's Clothing,8.69,35.99,27.3,75.9,,https://ipimg.interestprint.com/data/product/4405/img/20250609/20250609022022870136_250x250.jpg,https://www.interestprint.com/custom/custom_halterneck_string_bikini_set-4405.html
1411,3176,Knee-Length Yoga Shorts,Women's Clothing,8.69,18.99,10.3,54.2,,https://ipimg.interestprint.com/data/product/3176/img/20240410/20240410175339352018_250x250.jpg,https://www.interestprint.com/custom/knee_length_yoga_shorts-3176.html
1412,5539,Man's Half Button Hooded Long Sleeve Sweatshirt,Men's Clothing,8.7,24.99,16.29,65.2,,https://ipimg.interestprint.com/data/product/5539/img/20260421/20260421161537361073_250x250.jpg,https://www.interestprint.com/custom/man_s_half_button_hooded_long_sleeve_sweatshirt-5539.html
1413,5694,Long Kids' Pajamas without Pockets and Cuffs,Kid's Clothing,8.7,26.99,18.29,67.8,,https://ipimg.interestprint.com/data/product/5694/img/20260522/20260522104146078248_250x250.jpg,https://www.interestprint.com/custom/long_kids_pajamas_without_pockets_and_cuffs-5694.html
1414,4003,All-Over Print Kids Hoodie,Kid's Clothing,8.7,19.99,11.29,56.5,,https://ipimg.interestprint.com/data/product/4003/img/20241124/20241124212746538348_250x250.jpg,https://www.interestprint.com/custom/all_over_print_kids_hoodie-4003.html
1415,1440,Personalized Heart Photo Locket Necklace Gold Color,Valentine's Day,8.71,27.99,19.28,68.9,,https://ipimg.interestprint.com/data/product/1440/img/20241215/20241215193142697925_250x250.jpg,https://www.interestprint.com/custom/personalised_heart_photo_locket_necklace_gold_color-1440.html
1416,1441,Personalized Round Photo Locket Necklace Rose Gold,Mother's Day,8.71,27.99,19.28,68.9,,https://ipimg.interestprint.com/data/product/1441/img/20231204/20231204002839874155_250x250.jpg,https://www.interestprint.com/custom/personalised_round_photo_locket_necklace_rose_gold_plated-1441.html
1417,1483,Personalized Round Photo Locket Necklace Gold Color,Personalized Product,8.71,27.99,19.28,68.9,,https://ipimg.interestprint.com/data/product/1483/img/20231204/20231204002643295760_250x250.jpg,https://www.interestprint.com/custom/personalised_round_photo_locket_necklace_gold_color-1483.html
1418,1287,Personalized 3D Bar Name Necklace(Copper)(Gold Color),Personalized Product,8.71,29.99,21.28,71.0,,https://ipimg.interestprint.com/data/product/1287/img/20200813/20200813010115094680_250x250.jpg,https://www.interestprint.com/custom/personalized_3d_bar_name_necklace_gold-1287.html
1419,1286,Personalized 3D Bar Name Necklace(Copper)(Silver Color),Personalized Product,8.71,29.99,21.28,71.0,,https://ipimg.interestprint.com/data/product/1286/img/20200813/20200813005944755168_250x250.jpg,https://www.interestprint.com/custom/personalized_3d_bar_name_necklace_silver-1286.html
1420,1285,Personalized 3D Bar Name Necklace(Copper)(Rose Gold Color),Personalized Product,8.71,29.99,21.28,71.0,,https://ipimg.interestprint.com/data/product/1285/img/20200814/20200814005212457266_250x250.jpg,https://www.interestprint.com/custom/personalized_3d_bar_name_necklace_rose_gold-1285.html
1421,1438,Personalized Heart Photo Locket Necklace Rose Gold Plated,Personalized Product,8.71,27.99,19.28,68.9,,https://ipimg.interestprint.com/data/product/1438/img/20231204/20231204170104752564_250x250.jpg,https://www.interestprint.com/custom/personalised_heart_photo_locket_necklace_rose_gold_plated-1438.html
1422,2875,"Shower Curtain 69""x70""",Home Decor,8.71,27.99,19.28,68.9,,https://ipimg.interestprint.com/data/product/2875/img/20231017/20231017013810480353_250x250.jpg,https://www.interestprint.com/custom/yl69_70-2875.html
1423,5904,Women's Lounge Long Robe,Women's Clothing,8.75,26.99,18.24,67.6,,https://ipimg.interestprint.com/data/product/5904/img/20260702/20260702091137704612_250x250.jpg,https://www.interestprint.com/custom/women_s_lounge_long_robe-5904.html
1424,840,Sexy Halter Bikini Swimsuit (Front Buckle) (Model S08),Women's Clothing,8.75,42.99,34.24,79.6,,https://ipimg.interestprint.com/data/product/840/img/20180729/20180729204822927509_250x250.png,https://www.interestprint.com/custom/sexy_push_up_bikini_swimsuit_front_clasps-840.html
1425,838,Women's Halter Straps Backless Swimsuit(Model S09),Women's Clothing,8.75,42.99,34.24,79.6,,https://ipimg.interestprint.com/data/product/838/img/20180724/20180724193826510343_250x250.png,https://www.interestprint.com/custom/women_s_one_piece_sexy_swimsuit_model_s9-838.html
1426,485,Women's Tank Top Bathing Swimsuit (Model S04),Women's Clothing,8.75,45.99,37.24,81.0,,https://ipimg.interestprint.com/data/product/485/img/20180509/20180509012812695231_250x250.png,https://www.interestprint.com/custom/women_s_one_piece_swimsuit-485.html
1427,3273,Cold Shoulder Long Split Dress with Pocket,Women's Clothing,8.76,19.99,11.23,56.2,,https://ipimg.interestprint.com/data/product/3273/img/20240428/20240428201042316987_250x250.jpg,https://www.interestprint.com/custom/cold_shoulder_long_split_dress_with_pocket-3273.html
1428,3038,Women's Off-shoulder Shawl Skirt(MXLD017),Women's Clothing,8.76,27.99,19.23,68.7,,https://ipimg.interestprint.com/data/product/3038/img/20240716/20240716190242383617_250x250.jpg,https://www.interestprint.com/custom/off_shoulder_skirt-3038.html
1429,3298,Raglan Sleeve Round Neck Zipper Shirt WY10,Men's Clothing,8.76,17.99,9.23,51.3,,https://ipimg.interestprint.com/data/product/3298/img/20240429/20240429005501831289_250x250.jpg,https://www.interestprint.com/custom/raglan_sleeve_round_neck_zipper_shirt_wy10-3298.html
1430,3885,All Over Print Sleeveless Dress,Women's Clothing,8.77,18.99,10.22,53.8,,https://ipimg.interestprint.com/data/product/3885/img/20241014/20241014235742308904_250x250.jpg,https://www.interestprint.com/custom/all_over_print_sleeveless_dress-3885.html
1431,4121,All Over Print Kids Hoodie,Kid's Clothing,8.77,19.99,11.22,56.1,,https://ipimg.interestprint.com/data/product/4121/img/20250113/20250113214427166741_250x250.jpg,https://www.interestprint.com/custom/all_over_print_kids_hoodie-4121.html
1432,3613,Zipper Picnic Mat（150*100）,Home Decor,8.77,17.99,9.22,51.3,,https://ipimg.interestprint.com/data/product/3613/img/20240711/20240711024644103750_250x250.jpg,https://www.interestprint.com/custom/zipper_picnic_mat-3613.html
1433,3548,Cheerleading Uniform (LYQ62),Women's Clothing,8.78,19.99,11.21,56.1,,https://ipimg.interestprint.com/data/product/3548/img/20240626/20240626014352827782_250x250.jpg,https://www.interestprint.com/custom/cheerleading_uniform-3548.html
1434,5821,Arm Sleeves 43cm ( Pack of 2 & Same Design ) | Ships from USA,U.S. Fulfillment,8.79,26.99,18.2,67.4,,https://ipimg.interestprint.com/data/product/5821/img/20260612/20260612161602122422_250x250.jpg,https://www.interestprint.com/custom/arm_sleeves_43cm_pack_of_2_same_design_ships_from_usa-5821.html
1435,4200,Shower Curtain 36x72inch | Ships from USA,U.S. Fulfillment,8.79,29.99,21.2,70.7,,https://ipimg.interestprint.com/data/product/4200/img/20260109/20260109183256056177_250x250.jpg,https://www.interestprint.com/custom/shower_curtain_36x72inch-4200.html
1436,3904,Custom Apron for Men | Ships from USA,U.S. Fulfillment,8.79,19.99,11.2,56.0,,https://ipimg.interestprint.com/data/product/3904/img/20260109/20260109185420149321_250x250.jpg,https://www.interestprint.com/custom/custom_apron_for_men-3904.html
1437,3903,Custom Apron for Women | Ships from USA,U.S. Fulfillment,8.79,19.99,11.2,56.0,,https://ipimg.interestprint.com/data/product/3903/img/20260109/20260109185614665235_250x250.jpg,https://www.interestprint.com/custom/custom_apron_for_women-3903.html
1438,5599,"Semi Circle Flag 47"" x 23.6""",Home Decor,8.79,25.99,17.2,66.2,,https://ipimg.interestprint.com/data/product/5599/img/20260505/20260505092809782590_250x250.jpg,https://www.interestprint.com/custom/semi_circle_flag_47_x_23_6-5599.html
1439,2645,All Over Print Canvas Bag (Model 1641)(Black),Valentine's Day,8.8,40.99,32.19,78.5,,https://ipimg.interestprint.com/data/product/2645/img/20241215/20241215190803431999_250x250.jpg,https://www.interestprint.com/custom/all_over_print_waterproof_canvas_bag_1641-2645.html
1440,1464,All Over Print Canvas Bag(Model1641)(Brown),Bags,8.8,40.99,32.19,78.5,,https://ipimg.interestprint.com/data/product/1464/img/20210322/20210322174354136049_250x250.jpg,https://www.interestprint.com/custom/waterproof_canvas_bag_brown_all_over_print_1641-1464.html
1441,1067,Over-The-Calf Socks,Shoes,8.8,29.99,21.19,70.7,,https://ipimg.interestprint.com/data/product/1067/img/20190809/20190809230748012270_250x250.jpg,https://www.interestprint.com/custom/over_the_calf_socks-1067.html
1442,1059,Women's Ankle Socks,Shoes,8.8,29.99,21.19,70.7,,https://ipimg.interestprint.com/data/product/1059/img/20190801/20190801092200973888_250x250.jpg,https://www.interestprint.com/custom/women_s_ankle_socks-1059.html
1443,4244,"Custom Frame Canvas Print 20""x16""（Vertical）",Wall Art,8.81,22.99,14.18,61.7,,https://ipimg.interestprint.com/data/product/4244/img/20250321/20250321013920775948_250x250.jpg,https://www.interestprint.com/custom/custom_frame_canvas_print_20_x16_vertical-4244.html
1444,4239,"Custom Frame Canvas Print 16""x20""（Horizontal）",Wall Art,8.81,22.99,14.18,61.7,,https://ipimg.interestprint.com/data/product/4239/img/20250321/20250321013809832475_250x250.jpg,https://www.interestprint.com/custom/custom_frame_canvas_print_16_x20_horizontal-4239.html
1445,4661,Sweater Dress,Christmas Gifts,8.82,35.99,27.17,75.5,,https://ipimg.interestprint.com/data/product/4661/img/20250905/20250905001638411291_250x250.jpg,https://www.interestprint.com/custom/sweater_dress-4661.html
1446,3941,Girls Christmas Dress,Christmas Gifts,8.82,17.99,9.17,51.0,,https://ipimg.interestprint.com/data/product/3941/img/20241106/20241106191016243791_250x250.jpg,https://www.interestprint.com/custom/girls_christmas_dress-3941.html
1447,5879,Women's Straight Wide-Leg Pants with Pockets,Women's Clothing,8.82,27.99,19.17,68.5,,https://ipimg.interestprint.com/data/product/5879/img/20260626/20260626163056042349_250x250.jpg,https://www.interestprint.com/custom/women_s_straight_wide_leg_pants_with_pockets-5879.html
1448,5858,Women's Tie Strap Ankle Maxi Dress,Women's Clothing,8.82,26.99,18.17,67.3,,https://ipimg.interestprint.com/data/product/5858/img/20260622/20260622134244337184_250x250.jpg,https://www.interestprint.com/custom/women_tie_strap_ankle_maxi_dress-5858.html
1449,5857,Women's Short Sleeved Pajama Set,Women's Clothing,8.82,26.99,18.17,67.3,,https://ipimg.interestprint.com/data/product/5857/img/20260622/20260622134227301798_250x250.jpg,https://www.interestprint.com/custom/women_s_short_sleeved_pajama_set-5857.html
1450,5670,Women's High Waist Maxi Skirt,Women's Clothing,8.82,26.99,18.17,67.3,,https://ipimg.interestprint.com/data/product/5670/img/20260518/20260518164023939984_250x250.jpg,https://www.interestprint.com/custom/women_s_high_waist_maxi_skirt-5670.html
1451,4919,Women's Zipper Jacket,Women's Clothing,8.82,30.99,22.17,71.5,,https://ipimg.interestprint.com/data/product/4919/img/20251103/20251103234241864299_250x250.jpg,https://www.interestprint.com/custom/women_s_zipper_jacket-4919.html
1452,3726,Women's Harem Pants,Women's Clothing,8.82,18.99,10.17,53.6,,https://ipimg.interestprint.com/data/product/3726/img/20240730/20240730015817188501_250x250.jpg,https://www.interestprint.com/custom/women_s_harem_pants-3726.html
1453,3488,Women's Sling Dress (NZ021),Women's Clothing,8.82,17.99,9.17,51.0,,https://ipimg.interestprint.com/data/product/3488/img/20240614/20240614011907012680_250x250.jpg,https://www.interestprint.com/custom/women_s_sling_dress-3488.html
1454,3321,Baggy Dress With Pockets,Women's Clothing,8.82,19.99,11.17,55.9,,https://ipimg.interestprint.com/data/product/3321/img/20240501/20240501235131251788_250x250.jpg,https://www.interestprint.com/custom/baggy_dress_with_pockets-3321.html
1455,3209,All Over Print Skirt (NZ030),Women's Clothing,8.82,19.99,11.17,55.9,,https://ipimg.interestprint.com/data/product/3209/img/20240417/20240417002635207991_250x250.jpg,https://www.interestprint.com/custom/all_over_print_skirt-3209.html
1456,3207,Women's All Over Print Cropped Hoodie,Women's Clothing,8.82,22.99,14.17,61.6,,https://ipimg.interestprint.com/data/product/3207/img/20240417/20240417002657661625_250x250.jpg,https://www.interestprint.com/custom/women_s_all_over_print_cropped_hoodie-3207.html
1457,3162,Women's Sling Dress (NZ007),Women's Clothing,8.82,23.99,15.17,63.2,,https://ipimg.interestprint.com/data/product/3162/img/20240403/20240403003819858197_250x250.jpg,https://www.interestprint.com/custom/women_s_sling_dress-3162.html
1458,4890,Cotton Long Sleeve T-Shirt (Front&Back Printing),Men's Clothing,8.82,29.99,21.17,70.6,,https://ipimg.interestprint.com/data/product/4890/img/20251027/20251027231512666184_250x250.jpg,https://www.interestprint.com/custom/cotton_long_sleeve_t_shirt_front_back_printing-4890.html
1459,4304,Men's Long Sleeve Polo Shirt,Men's Clothing,8.82,27.99,19.17,68.5,,https://ipimg.interestprint.com/data/product/4304/img/20250421/20250421015155395842_250x250.jpg,https://www.interestprint.com/custom/men_s_long_sleeve_polo_shirt-4304.html
1460,3222,Men's Full Zip Hoodie(WY14),Men's Clothing,8.82,21.99,13.17,59.9,,https://ipimg.interestprint.com/data/product/3222/img/20240419/20240419020752960218_250x250.jpg,https://www.interestprint.com/custom/men_s_full_zip_hoodie_wy14-3222.html
1461,4993,Oxford Rectangular Tablecloth (152 x 228 cm),Home Decor,8.82,29.99,21.17,70.6,,https://ipimg.interestprint.com/data/product/4993/img/20251126/20251126223717624810_250x250.jpg,https://www.interestprint.com/custom/oxford_rectangular_tablecloth_152_x_228_cm-4993.html
1462,4708,"Rectangle Tablecloth 55""×55""",Home Decor,8.82,25.99,17.17,66.1,,https://ipimg.interestprint.com/data/product/4708/img/20250921/20250921181718869890_250x250.jpg,https://www.interestprint.com/custom/rectangle_tablecloth-4708.html
1463,4692,Beach Towel (160x80 cm),Home Decor,8.82,22.99,14.17,61.6,,https://ipimg.interestprint.com/data/product/4692/img/20250918/20250918004146555926_250x250.jpg,https://www.interestprint.com/custom/beach_towel_160x80_cm-4692.html
1464,3808,Custom Photo Acrylic Hanger Ornament（Different Printing)(5PCs),Home Decor,8.82,17.99,9.17,51.0,,https://ipimg.interestprint.com/data/product/3808/img/20240910/20240910010825564967_250x250.jpg,https://www.interestprint.com/custom/custom_photo_acrylic_hanger_ornament_different_printing_5pcs-3808.html
1465,3919,Yoga Mat Bag,Bags,8.82,18.99,10.17,53.6,,https://ipimg.interestprint.com/data/product/3919/img/20241024/20241024201618179462_250x250.jpg,https://www.interestprint.com/custom/yoga_mat_bag-3919.html
1466,5310,Backless String Halterneck Drop Neck Bodycon Dress,Women's Clothing,8.85,27.99,19.14,68.4,,https://ipimg.interestprint.com/data/product/5310/img/20260308/20260308175355074219_250x250.jpg,https://www.interestprint.com/custom/backless_string_halterneck_drop_neck_bodycon_dress-5310.html
1467,2435,Chest Wrap Bikini Swimsuit (Model S36),Women's Clothing,8.85,22.99,14.14,61.5,,https://ipimg.interestprint.com/data/product/2435/img/20220623/20220623183052458951_250x250.jpg,https://www.interestprint.com/custom/chest_wrap_bikini_swimsuit_model_s36-2435.html
1468,5028,Knit Beanie | Ships from Canada,Canada Fulfillment,8.86,26.99,18.13,67.2,,https://ipimg.interestprint.com/data/product/5028/img/20260110/20260110065127247884_250x250.jpg,https://www.interestprint.com/custom/knit_beanie-5028.html
1469,5440,Cotton Short Sleeve T-shirt  (Front & Back Print) | Ships from Germany,Germany Fulfillment,8.86,26.99,18.13,67.2,,https://ipimg.interestprint.com/data/product/5440/img/20260407/20260407133657852092_250x250.jpg,https://www.interestprint.com/custom/cotton_short_sleeve_t_shirt_front_back_print_ships_from_germany-5440.html
1470,5962,Women's Sleeveless Quarter Zip Ruffle Sports Dress,Women's Clothing,8.86,26.99,18.13,67.2,,https://ipimg.interestprint.com/data/product/5962/img/20260714/20260714093903474099_250x250.jpg,https://www.interestprint.com/custom/women_s_sleeveless_quarter_zip_ruffle_sports_dress-5962.html
1471,4662,Women's Drop Shoulder Cardigan,Christmas Gifts,8.87,39.99,31.12,77.8,,https://ipimg.interestprint.com/data/product/4662/img/20250905/20250905001653198428_250x250.jpg,https://www.interestprint.com/custom/women_s_drop_shoulder_cardigan-4662.html
1472,5873,Women's  Lantern Long Sleeve Shirt,Women's Clothing,8.87,26.99,18.12,67.1,,https://ipimg.interestprint.com/data/product/5873/img/20260624/20260624155937926363_250x250.jpg,https://www.interestprint.com/custom/women_s_lantern_long_sleeve_shirt-5873.html
1473,5263,Women’s Ruched One-Piece Swimsuit,Women's Clothing,8.87,29.99,21.12,70.4,,https://ipimg.interestprint.com/data/product/5263/img/20260211/20260211002306393896_250x250.jpg,https://www.interestprint.com/custom/women_s_ruched_one_piece_swimsuit-5263.html
1474,4203,Women's Long Sleeve Sweatshirt Dress,Women's Clothing,8.87,21.99,13.12,59.7,,https://ipimg.interestprint.com/data/product/4203/img/20250304/20250304223706912761_250x250.jpg,https://www.interestprint.com/custom/women_s_long_sleeve_sweatshirt_dress-4203.html
1475,3509,One-Shoulder Slit Maxi Dress,Women's Clothing,8.87,21.99,13.12,59.7,,https://ipimg.interestprint.com/data/product/3509/img/20240617/20240617194812087564_250x250.jpg,https://www.interestprint.com/custom/one_shoulder_slit_maxi_dress-3509.html
1476,3270,Long Sleeve Patchwork T-shirt Dress,Women's Clothing,8.87,19.99,11.12,55.6,,https://ipimg.interestprint.com/data/product/3270/img/20240428/20240428201110641678_250x250.jpg,https://www.interestprint.com/custom/long_sleeve_patchwork_t_shirt_dress-3270.html
1477,3735,Men's Polo Shirt B612 (European Size),Men's Clothing,8.87,18.99,10.12,53.3,,https://ipimg.interestprint.com/data/product/3735/img/20240808/20240808232639871711_250x250.jpg,https://www.interestprint.com/custom/men_s_polo_shirt-3735.html
1478,3233,Girl's One-Piece Swimsuit,Kid's Clothing,8.87,19.99,11.12,55.6,,https://ipimg.interestprint.com/data/product/3233/img/20240422/20240422004944727343_250x250.jpg,https://www.interestprint.com/custom/girl_s_one_piece_swimsuit-3233.html
1479,4994,Oxford Rectangular Tablecloth (152 x 260 cm),Home Decor,8.87,31.99,23.12,72.3,,https://ipimg.interestprint.com/data/product/4994/img/20251126/20251126223732488859_250x250.jpg,https://www.interestprint.com/custom/oxford_rectangular_tablecloth_152_x_260_cm-4994.html
1480,5905,Casual Adult Backpack with Side Mesh Pockets  (Model 1659),Back to School,8.89,26.99,18.1,67.1,,https://ipimg.interestprint.com/data/product/5905/img/20260701/20260701105140816479_250x250.jpg,https://www.interestprint.com/custom/casual_adult_backpack_with_side_mesh_pockets_model_1659-5905.html
1481,4230,Children's Schoolbag,Back to School,8.89,18.99,10.1,53.2,,https://ipimg.interestprint.com/data/product/4230/img/20250318/20250318000532455830_250x250.jpg,https://www.interestprint.com/custom/children_s_schoolbag-4230.html
1482,5937,"Custom Pillow Cases 18"" x 18"" (2-Pack, Customized Separately) | Ships from USA",U.S. Fulfillment,8.89,25.99,17.1,65.8,,https://ipimg.interestprint.com/data/product/5937/img/20260707/20260707155543344214_250x250.jpg,https://www.interestprint.com/custom/custom_pillow_cases_18_x_18_2_pack_customized_separately_ships_from_usa-5937.html
1483,5935,"Custom Pillow Cases 18"" x 18"" (2-Pack) | Ships from USA",U.S. Fulfillment,8.89,25.99,17.1,65.8,,https://ipimg.interestprint.com/data/product/5935/img/20260707/20260707155707062465_250x250.jpg,https://www.interestprint.com/custom/custom_pillow_cases_18_x_18_2_pack_ships_from_usa-5935.html
1484,5908,Women's Square Neck Ruffled Mini Dress,Women's Clothing,8.89,27.99,19.1,68.2,,https://ipimg.interestprint.com/data/product/5908/img/20260903/20260903141410403540_250x250.jpg,https://www.interestprint.com/custom/women_s_square_neck_ruffled_mini_dress-5908.html
1485,6044,All Over Print Cotton Baby's Long Sleeve Romper,All-Over Cotton Collection,8.9,27.99,19.09,68.2,,https://ipimg.interestprint.com/data/product/6044/img/20260806/20260806154848874918_250x250.jpg,https://www.interestprint.com/custom/all_over_print_cotton_baby_s_long_sleeve_romper-6044.html
1486,1378,"Circular Micro Fleece Blanket 47""",Home Decor,8.9,39.99,31.09,77.7,,https://ipimg.interestprint.com/data/product/1378/img/20201227/20201227193754920381_250x250.jpg,https://www.interestprint.com/custom/circular_micro_fleece_blanket_47-1378.html
1487,2283,"Baby Blanket 30""x 40""",Home Decor,8.9,35.99,27.09,75.3,,https://ipimg.interestprint.com/data/product/2283/img/20211227/20211227194459957964_250x250.jpg,https://www.interestprint.com/custom/30_x40-2283.html
1488,5732,Women's Ruffle Hem Crew Neck Dress,Women's Clothing,8.91,26.99,18.08,67.0,,https://ipimg.interestprint.com/data/product/5732/img/20260529/20260529112507139973_250x250.jpg,https://www.interestprint.com/custom/women_s_ruffle_hem_crew_neck_dress-5732.html
1489,5386,Polo Sleeveless Zip Dress With Pockets,Women's Clothing,8.91,31.99,23.08,72.1,,https://ipimg.interestprint.com/data/product/5386/img/20260409/20260409105900093286_250x250.jpg,https://www.interestprint.com/custom/polo_sleeveless_zip_dress_with_pockets-5386.html
1490,4460,Pocket Yoga Active Shorts,Women's Clothing,8.91,29.99,21.08,70.3,,https://ipimg.interestprint.com/data/product/4460/img/20250626/20250626185606511685_250x250.jpg,https://www.interestprint.com/custom/custom_pocket_yoga_active_shorts-4460.html
1491,2736,Wide Brim Bucket Hat,Summer Holiday,8.93,18.99,10.06,53.0,,https://ipimg.interestprint.com/data/product/2736/img/20230523/20230523011328986241_250x250.jpg,https://www.interestprint.com/custom/wide_brim_bucket_hat-2736.html
1492,5138,Women’s Lightweight Cardigan,Women's Clothing,8.93,31.99,23.06,72.1,,https://ipimg.interestprint.com/data/product/5138/img/20260111/20260111172941391818_250x250.jpg,https://www.interestprint.com/custom/women_s_lightweight_cardigan-5138.html
1493,3293,Women's Off-Shoulder Camisole Top,Women's Clothing,8.93,19.99,11.06,55.3,,https://ipimg.interestprint.com/data/product/3293/img/20240429/20240429005603045499_250x250.jpg,https://www.interestprint.com/custom/women_s_off_shoulder_camisole_top-3293.html
1494,2874,"Shower Curtain 69""x72""",Home Decor,8.93,27.99,19.06,68.1,,https://ipimg.interestprint.com/data/product/2874/img/20231017/20231017021643417393_250x250.jpg,https://www.interestprint.com/custom/shower_curtain_69_x72-2874.html
1495,2873,"Shower Curtain 72"" x 72""",Home Decor,8.93,27.99,19.06,68.1,,https://ipimg.interestprint.com/data/product/2873/img/20231017/20231017012131159921_250x250.jpg,https://www.interestprint.com/custom/custom_shower_curtain_72_x_72-2873.html
1496,1331,Men's Photo Engraved Bifold Wallet(Coffee)(Model1713),Bags,8.93,35.99,27.06,75.2,,https://ipimg.interestprint.com/data/product/1331/img/20201007/20201007235836328016_250x250.jpg,https://www.interestprint.com/custom/men_s_engraved_bifold_wallet_coffee_model1713-1331.html
1497,1330,Men's Photo Engraved Bifold Wallet(Black)(Model1713),Bags,8.93,35.99,27.06,75.2,,https://ipimg.interestprint.com/data/product/1330/img/20201011/20201011233458967939_250x250.jpg,https://www.interestprint.com/custom/men_s_engraved_bifold_wallet_black_model1713-1330.html
1498,2233,Cross String Bikini Set(ModelS29),Women's Clothing,8.94,31.99,23.05,72.1,,https://ipimg.interestprint.com/data/product/2233/img/20210927/20210927174620157788_250x250.jpg,https://www.interestprint.com/custom/cross_string_bikini_set_models29-2233.html
1499,812,Women's Custom Halter & Side Tie Bikini Swimsuit (Model S06),Women's Clothing,8.94,45.99,37.05,80.6,,https://ipimg.interestprint.com/data/product/812/img/20180521/20180521202207938533_250x250.png,https://www.interestprint.com/custom/bikini_model_s06-812.html
1500,3135,Two-piece Swimsuit (BK2040),Women's Clothing,8.98,23.99,15.01,62.6,,https://ipimg.interestprint.com/data/product/3135/img/20240402/20240402012243815079_250x250.jpg,https://www.interestprint.com/custom/two_piece_swimsuit_bk2040-3135.html
1501,6119,"Peach Skin Tapestry with Lace Trim & Ribbons 24"" x 75""",Wedding & Party Decor,8.99,25.99,17.0,65.4,,https://ipimg.interestprint.com/data/product/6119/img/20260821/20260821165949675588_250x250.jpg,https://www.interestprint.com/custom/peach_skin_tapestry_with_lace_trim_ribbons_24_x_75-6119.html
1502,6120,"Peach Skin Tapestry with Lace Trim & Ribbons 75"" x 24""",Wedding & Party Decor,8.99,25.99,17.0,65.4,,https://ipimg.interestprint.com/data/product/6120/img/20260821/20260821170804388727_250x250.jpg,https://www.interestprint.com/custom/peach_skin_tapestry_with_lace_trim_ribbons_75_x_24-6120.html
1503,5777,"Yard Sign 12"" x 9"" ( Two-Sided Same Print ) | Ships from USA",Wedding & Party Decor,8.99,26.99,18.0,66.7,,https://ipimg.interestprint.com/data/product/5777/img/20260707/20260707091342359043_250x250.jpg,https://www.interestprint.com/custom/yard_sign_12_x_9_two_sided_same_print_ships_from_usa-5777.html
1504,5865,"Personalized Temporary Tattoos (30 Pieces, Customizable Separately) | Ships from USA",Wedding & Party Decor,8.99,26.99,18.0,66.7,,https://ipimg.interestprint.com/data/product/5865/img/20260623/20260623164754312616_250x250.jpg,https://www.interestprint.com/custom/personalized_temporary_tattoos_30_pieces_customizable_separately_ships_from_usa-5865.html
1505,4650,"Ultra-Soft Micro Fleece Blanket 40"" x  50"" | Ships from USA",Christmas Gifts,8.99,26.99,18.0,66.7,,https://ipimg.interestprint.com/data/product/4650/img/20260110/20260110035145592360_250x250.jpg,https://www.interestprint.com/custom/ultra_soft_micro_fleece_blanket_40_x_50-4650.html
1506,666,Classic Necktie (Two Sides),Father's Day,8.99,29.99,21.0,70.0,,https://ipimg.interestprint.com/data/product/666/img/20250411/20250411011042540748_250x250.jpg,https://www.interestprint.com/custom/classic_necktie_two_sides-666.html
1507,821,Men's Beach Shorts( Model L21) (Designs Are Mirrored),Father's Day,8.99,42.99,34.0,79.1,,https://ipimg.interestprint.com/data/product/821/img/20180614/20180614181646097041_250x250.png,https://www.interestprint.com/custom/men_s_swim_trunk_l21-821.html
1508,4319,"Beach Towel 31""x71""(NEW) | Ships from USA",Summer Holiday,8.99,32.99,24.0,72.7,,https://ipimg.interestprint.com/data/product/4319/img/20260110/20260110060923178944_250x250.jpg,https://www.interestprint.com/custom/beach_towel_31_x71-4319.html
1509,995,"Auto Car Sun Shade 55"" x 29.53""",Summer Holiday,8.99,24.99,16.0,64.0,,https://ipimg.interestprint.com/data/product/995/img/20240318/20240318002442612244_250x250.jpg,https://www.interestprint.com/custom/auto_sun_shade_55_x_29_53-995.html
1510,5840,Protective Case for iPad Pro (11-inch) | Ships from USA,Back to School,8.99,27.99,19.0,67.9,,https://ipimg.interestprint.com/data/product/5840/img/20260617/20260617164520135407_250x250.jpg,https://www.interestprint.com/custom/protective_case_for_ipad_pro_11_inch_ships_from_usa-5840.html
1511,5839,Protective Case for iPad Air (11-inch) | Ships from USA,Back to School,8.99,27.99,19.0,67.9,,https://ipimg.interestprint.com/data/product/5839/img/20260617/20260617164556176081_250x250.jpg,https://www.interestprint.com/custom/protective_case_for_ipad_air_11_inch_ships_from_usa-5839.html
1512,5505,Personalized Temporary Tattoos (30 Pieces) | Ships from USA,U.S. Fulfillment,8.99,21.99,13.0,59.1,,https://ipimg.interestprint.com/data/product/5505/img/20260622/20260622134106058542_250x250.jpg,https://www.interestprint.com/custom/personalized_temporary_tattoos_30_pieces_us05-5505.html
1513,5019,"Round Tablecloth 60"" x 60"" | Ships from USA",U.S. Fulfillment,8.99,24.99,16.0,64.0,,https://ipimg.interestprint.com/data/product/5019/img/20260109/20260109202328857551_250x250.jpg,https://www.interestprint.com/custom/round_tablecloth_60_x_60-5019.html
1514,4796,Custom Elastic Fitted Tablecloth 48x30 inch  | Ships from USA,U.S. Fulfillment,8.99,23.99,15.0,62.5,,https://ipimg.interestprint.com/data/product/4796/img/20260109/20260109213935475522_250x250.jpg,https://www.interestprint.com/custom/cusom_elastic_fitted_tablecloth_48x30_inch-4796.html
1515,3931,Coffee Mat 50x40cm | Ships from USA,U.S. Fulfillment,8.99,25.99,17.0,65.4,,https://ipimg.interestprint.com/data/product/3931/img/20260107/20260107213847804413_250x250.jpg,https://www.interestprint.com/custom/custom_coffee_mat_50x40cm_us02-3931.html
1516,3924,Washer Dryer Top Mat 50x40cm | Ships from USA,U.S. Fulfillment,8.99,24.99,16.0,64.0,,https://ipimg.interestprint.com/data/product/3924/img/20260107/20260107213214073857_250x250.jpg,https://www.interestprint.com/custom/custom_washer_dryer_top_mat_50x40cm-3924.html
1517,3718,"Art Print 16""x12"" | Ships from USA",U.S. Fulfillment,8.99,16.99,8.0,47.1,,https://ipimg.interestprint.com/data/product/3718/img/20260107/20260107213109252923_250x250.jpg,https://www.interestprint.com/custom/art_print_16_x12-3718.html
1518,3717,"Art Print 14""x11"" | Ships from USA",U.S. Fulfillment,8.99,16.99,8.0,47.1,,https://ipimg.interestprint.com/data/product/3717/img/20260107/20260107213238994056_250x250.jpg,https://www.interestprint.com/custom/art_print_14_x11-3717.html
1519,3707,"Art Print 12""x16"" | Ships from USA",U.S. Fulfillment,8.99,16.99,8.0,47.1,,https://ipimg.interestprint.com/data/product/3707/img/20260107/20260107213734955357_250x250.jpg,https://www.interestprint.com/custom/art_print_12_x16-3707.html
1520,3706,"Art Print 11""x14"" | Ships from USA",U.S. Fulfillment,8.99,16.99,8.0,47.1,,https://ipimg.interestprint.com/data/product/3706/img/20260107/20260107213821942761_250x250.jpg,https://www.interestprint.com/custom/art_print_11_x14-3706.html
1521,3267,Tooth Box for Boy | Ships from USA,U.S. Fulfillment,8.99,23.99,15.0,62.5,,https://ipimg.interestprint.com/data/product/3267/img/20260109/20260109201857303911_250x250.jpg,https://www.interestprint.com/custom/tooth_box_for_boy-3267.html
1522,3268,Tooth Box for Girl | Ships from USA,U.S. Fulfillment,8.99,23.99,15.0,62.5,,https://ipimg.interestprint.com/data/product/3268/img/20260109/20260109201637325015_250x250.jpg,https://www.interestprint.com/custom/tooth_box_for_girl-3268.html
1523,2624,"Metal Sign 8""x12"" | Ships from Australia",Australia Fulfillment,8.99,16.99,8.0,47.1,,https://ipimg.interestprint.com/data/product/2624/img/20260111/20260111010715793774_250x250.jpg,https://www.interestprint.com/custom/metal_sign_8_x12_au-2624.html
1524,2623,"Metal Sign 12""x8"" | Ships from Australia",Australia Fulfillment,8.99,16.99,8.0,47.1,,https://ipimg.interestprint.com/data/product/2623/img/20260111/20260111010946849277_250x250.jpg,https://www.interestprint.com/custom/metal_sign_12_x8_au-2623.html
1525,5037,"Metal Sign 12""x8"" | Ships from Japan",Japan Fulfillment,8.99,19.99,11.0,55.0,,https://ipimg.interestprint.com/data/product/5037/img/20260110/20260110220344282393_250x250.jpg,https://www.interestprint.com/custom/metal_sign_12_x8-5037.html
1526,5038,"Metal Sign 8""x12"" | Ships from Japan",Japan Fulfillment,8.99,19.99,11.0,55.0,,https://ipimg.interestprint.com/data/product/5038/img/20260110/20260110220203829831_250x250.jpg,https://www.interestprint.com/custom/metal_sign_8_x12-5038.html
1527,3391,Custom Embroidered Baseball Cap,Personalized Product,8.99,18.99,10.0,52.7,,https://ipimg.interestprint.com/data/product/3391/img/20240520/20240520001324738419_250x250.jpg,https://www.interestprint.com/custom/custom_embroidered_baseball_cap-3391.html
1528,3926,Women's Bikini Top Pajama (Model Sets 28),Women's Clothing,8.99,16.99,8.0,47.1,,https://ipimg.interestprint.com/data/product/3926/img/20241031/20241031012456208202_250x250.jpg,https://www.interestprint.com/custom/custom_women_s_flannel_pajama_bikini_top_sets_28-3926.html
1529,2224,Swimming Cap,Women's Clothing,8.99,14.99,6.0,40.0,,https://ipimg.interestprint.com/data/product/2224/img/20210909/20210909202202455139_250x250.jpg,https://www.interestprint.com/custom/swimming_cap-2224.html
1530,1317,Women's Workout Half Tights(ModelL42),Women's Clothing,8.99,45.99,37.0,80.5,,https://ipimg.interestprint.com/data/product/1317/img/20201011/20201011231109996431_250x250.jpg,https://www.interestprint.com/custom/women_s_workout_half_tights_modell42-1317.html
1531,2752,Men's Pajama Shorts (Model Sets 11),Men's Clothing,8.99,23.99,15.0,62.5,,https://ipimg.interestprint.com/data/product/2752/img/20230525/20230525232049733129_250x250.jpg,https://www.interestprint.com/custom/men_s_pajama_short-2752.html
1532,433,Men's Beach Shorts (Model L21),Men's Clothing,8.99,42.99,34.0,79.1,,https://ipimg.interestprint.com/data/product/433/img/20180507/20180507191442065983_250x250.png,https://www.interestprint.com/custom/men_s_swim_trunk-433.html
1533,5228,Custom Little Kids' Flannel Pajama Short(Model Sets 28),Kid's Clothing,8.99,21.99,13.0,59.1,,https://ipimg.interestprint.com/data/product/5228/img/20260128/20260128182829083458_250x250.jpg,https://www.interestprint.com/custom/custom_little_kids_flannel_pajama_short_model_sets_28-5228.html
1534,2154,All Over Print Boys' Beach Shorts (ModelL52),Kid's Clothing,8.99,29.99,21.0,70.0,,https://ipimg.interestprint.com/data/product/2154/img/20210629/20210629000021082616_250x250.jpg,https://www.interestprint.com/custom/boys_causal_beach_shorts_modell52-2154.html
1535,4265,Little Kids' Flannel Pajama Short(Model Sets 28),Kid's Clothing,8.99,21.99,13.0,59.1,,https://ipimg.interestprint.com/data/product/4265/img/20250406/20250406184051255340_250x250.jpg,https://www.interestprint.com/custom/custom_little_kids_flannel_pajama_shorts_sets_28-4265.html
1536,5808,3-Piece Bathroom Rug Set 90 x 61cm,Home Decor,8.99,27.99,19.0,67.9,,https://ipimg.interestprint.com/data/product/5808/img/20260610/20260610152946162505_250x250.jpg,https://www.interestprint.com/custom/3_piece_bathroom_rug_set_90_x_61cm-5808.html
1537,5234,Carry-All Pouch 7''x5'',Bags,8.99,17.99,9.0,50.0,,https://ipimg.interestprint.com/data/product/5234/img/20260201/20260201212743907483_250x250.jpg,https://www.interestprint.com/custom/carry_all_pouch_7_x5-5234.html
1538,3244,New Tote Bag-Small（Model 1651）,Bags,8.99,46.99,38.0,80.9,,https://ipimg.interestprint.com/data/product/3244/img/20240429/20240429233230328853_250x250.jpg,https://www.interestprint.com/custom/leather_tote_bag_small_front_back_printing_1651-3244.html
1539,944,Unisex Waist Bag (Model 1677),Bags,8.99,49.99,41.0,82.0,,https://ipimg.interestprint.com/data/product/944/img/20190320/20190320223743919615_250x250.jpg,https://www.interestprint.com/custom/chest_bag_model_1677-944.html
1540,5725,Custom Women's One-piece Slippers,Shoes,8.99,26.99,18.0,66.7,,https://ipimg.interestprint.com/data/product/5725/img/20260527/20260527093827551809_250x250.jpg,https://www.interestprint.com/custom/custom_women_s_one_piece_slippers-5725.html
1541,5724,Custom Men's One-piece Slippers,Shoes,8.99,26.99,18.0,66.7,,https://ipimg.interestprint.com/data/product/5724/img/20260527/20260527092821302085_250x250.jpg,https://www.interestprint.com/custom/custom_men_s_one_piece_slippers-5724.html
1542,861,Unisex Round Metal Watch (Model 216),Accessories,8.99,29.99,21.0,70.0,,https://ipimg.interestprint.com/data/product/861/img/20220922/20220922014913294902_250x250.jpg,https://www.interestprint.com/custom/unisex_round_metal_watch_model_216-861.html
1543,83,Unisex Stainless Steel Watch (Model 103),Accessories,8.99,29.99,21.0,70.0,,https://ipimg.interestprint.com/data/product/83/img/20151020/20151020020302122641_250x250.jpg,https://www.interestprint.com/custom/stainless_steel_watch_unisex-83.html
1544,79,Men's Stainless Steel Analog Watch(Model 108),Accessories,8.99,29.99,21.0,70.0,,https://ipimg.interestprint.com/data/product/79/img/20151020/20151020020412697822_250x250.jpg,https://www.interestprint.com/custom/stainless_steel_analogue_men_s_watch-79.html
1545,2387,"Greeting Card 8""x6""(One Side)",Accessories,8.99,13.99,5.0,35.7,,https://ipimg.interestprint.com/data/product/2387/img/20220427/20220427185436810194_250x250.jpg,https://www.interestprint.com/custom/8_x6-2387.html
1546,3814,Women's High-Low Spaghetti Strap Dress,Women's Clothing,9.0,18.99,9.99,52.6,,https://ipimg.interestprint.com/data/product/3814/img/20240918/20240918230637877929_250x250.jpg,https://www.interestprint.com/custom/women_s_high_low_spaghetti_strap_dress-3814.html
1547,4221,Men's Raglan Crewneck Sweatshirt,Men's Clothing,9.0,26.99,17.99,66.7,,https://ipimg.interestprint.com/data/product/4221/img/20250312/20250312220620175860_250x250.jpg,https://www.interestprint.com/custom/men_s_raglan_crewneck_sweatshirt-4221.html
1548,5993,Custom Mousepad (Rounded Corners) 20 x 30cm | Ships from USA,U.S. Fulfillment,9.01,27.99,18.98,67.8,,https://ipimg.interestprint.com/data/product/5993/img/20260721/20260721163844281478_250x250.jpg,https://www.interestprint.com/custom/custom_mousepad_rounded_corners_20_x_30cm_ships_from_usa-5993.html
1549,5197,Women’s One-Shoulder Mesh Swimsuit,Women's Clothing,9.04,31.99,22.95,71.7,,https://ipimg.interestprint.com/data/product/5197/img/20260122/20260122233023797400_250x250.jpg,https://www.interestprint.com/custom/women_s_one_shoulder_mesh_swimsuit-5197.html
1550,4126,Kids' Hoodie and Jogger Set,Kid's Clothing,9.04,21.99,12.95,58.9,,https://ipimg.interestprint.com/data/product/4126/img/20250113/20250113214442106587_250x250.jpg,https://www.interestprint.com/custom/children_s_hoodie_set-4126.html
1551,3658,Kid's All Over Print Cotton Slippers,Shoes,9.04,20.99,11.95,56.9,,https://ipimg.interestprint.com/data/product/3658/img/20240717/20240717021059940493_250x250.jpg,https://www.interestprint.com/custom/kid_s_all_over_print_cotton_slippers-3658.html
1552,5372,Maternity Yoga Shorts,Women's Clothing,9.05,21.99,12.94,58.8,,https://ipimg.interestprint.com/data/product/5372/img/20260317/20260317001708213917_250x250.jpg,https://www.interestprint.com/custom/maternity_yoga_shorts-5372.html
1553,3527,Yoga Top with Bra Pad,Women's Clothing,9.05,17.99,8.94,49.7,,https://ipimg.interestprint.com/data/product/3527/img/20240621/20240621000909113170_250x250.jpg,https://www.interestprint.com/custom/yoga_top_with_bra_pad-3527.html
1554,4771,Women's Asymmetric Hem Long Sleeve Top,Women's Clothing,9.05,20.99,11.94,56.9,,https://ipimg.interestprint.com/data/product/4771/img/20250929/20250929015840978197_250x250.jpg,https://www.interestprint.com/custom/women_s_asymmetric_hem_long_sleeve_top-4771.html
1555,3088,Women's Ruffled Petal Sleeve Top,Women's Clothing,9.05,20.99,11.94,56.9,,https://ipimg.interestprint.com/data/product/3088/img/20240407/20240407225804790609_250x250.jpg,https://www.interestprint.com/custom/women_s_ruffled_petal_sleeve_top-3088.html
1556,3315,Men's Long-sleeved Shirt with Pocket AY007,Men's Clothing,9.05,21.99,12.94,58.8,,https://ipimg.interestprint.com/data/product/3315/img/20240502/20240502000246459223_250x250.jpg,https://www.interestprint.com/custom/men_s_long_sleeved_shirt_with_pocket_ay007-3315.html
1557,4168,Children's Jumpsuit,Kid's Clothing,9.05,21.99,12.94,58.8,,https://ipimg.interestprint.com/data/product/4168/img/20250209/20250209230554778823_250x250.jpg,https://www.interestprint.com/custom/children_s_jumpsuit-4168.html
1558,3826,Girl's Pajama Sets,Kid's Clothing,9.05,19.99,10.94,54.7,,https://ipimg.interestprint.com/data/product/3826/img/20240913/20240913000038959723_250x250.jpg,https://www.interestprint.com/custom/girl_s_pajama_sets-3826.html
1559,5697,"Custom Flannel Blanket 40"" × 50"" ( Double-Sided Print )",Home Decor,9.05,27.99,18.94,67.7,,https://ipimg.interestprint.com/data/product/5697/img/20260522/20260522090728808044_250x250.png,https://www.interestprint.com/custom/custom_flannel_blanket_30_40_double_sided_print-5697.html
1560,4482,Women's Loose Tie-Waist Jumpsuit,Women's Clothing,9.07,29.99,20.92,69.8,,https://ipimg.interestprint.com/data/product/4482/img/20250715/20250715022549567798_250x250.jpg,https://www.interestprint.com/custom/women_s_loose_tie_waist_jumpsuit-4482.html
1561,4134,Wireless Charger,Accessories,9.07,21.99,12.92,58.8,,https://ipimg.interestprint.com/data/product/4134/img/20250116/20250116191113920387_250x250.jpg,https://www.interestprint.com/custom/wireless_charger-4134.html
1562,5746,PVC Clear Backpack,Back to School,9.08,27.99,18.91,67.6,,https://ipimg.interestprint.com/data/product/5746/img/20260529/20260529174826026067_250x250.jpg,https://www.interestprint.com/custom/pvc_clear_backpack-5746.html
1563,6052,Women's Collared Pocketless Short Sleeve Shirt,Women's Clothing,9.08,27.99,18.91,67.6,,https://ipimg.interestprint.com/data/product/6052/img/20260807/20260807171004379424_250x250.jpg,https://www.interestprint.com/custom/women_s_collared_pocketless_short_sleeve_shirt-6052.html
1564,5259,Ruffled Plunge One-Piece Swimwear,Women's Clothing,9.08,32.99,23.91,72.5,,https://ipimg.interestprint.com/data/product/5259/img/20260211/20260211001957622857_250x250.jpg,https://www.interestprint.com/custom/ruffled_plunge_one_piece_swimwear-5259.html
1565,5060,Sleeveless Mini Dress,Women's Clothing,9.08,28.99,19.91,68.7,,https://ipimg.interestprint.com/data/product/5060/img/20251217/20251217231346534878_250x250.jpg,https://www.interestprint.com/custom/sleeveless_mini_dress-5060.html
1566,3172,Long-Sleeve Zip Polo Shirt（RL）,Men's Clothing,9.08,21.99,12.91,58.7,,https://ipimg.interestprint.com/data/product/3172/img/20240407/20240407225738669063_250x250.jpg,https://www.interestprint.com/custom/long_sleeve_zip_polo_shirt_rl-3172.html
1567,4973,Custom Clear Backpack,Bags,9.08,31.99,22.91,71.6,,https://ipimg.interestprint.com/data/product/4973/img/20251120/20251120003609992722_250x250.jpg,https://www.interestprint.com/custom/custom_clear_backpack-4973.html
1568,3959,Weight Scale,Accessories,9.08,18.99,9.91,52.2,,https://ipimg.interestprint.com/data/product/3959/img/20241106/20241106191048921386_250x250.jpg,https://www.interestprint.com/custom/weight_scale-3959.html
1569,5966,Women's Front V Neck Peplum Tunic Top,Women's Clothing,9.09,27.99,18.9,67.5,,https://ipimg.interestprint.com/data/product/5966/img/20260715/20260715094410016147_250x250.jpg,https://www.interestprint.com/custom/women_s_front_v_neck_peplum_tunic_top-5966.html
1570,5829,Women’s Sleeveless Pocketed T-shirt and Shorts Set,Women's Clothing,9.09,27.99,18.9,67.5,,https://ipimg.interestprint.com/data/product/5829/img/20260615/20260615175359605907_250x250.jpg,https://www.interestprint.com/custom/women_s_sleeveless_pocketed_t_shirt_and_shorts_set-5829.html
1571,5489,Kids Hooded Jumpsuit,Kid's Clothing,9.09,29.99,20.9,69.7,,https://ipimg.interestprint.com/data/product/5489/img/20260421/20260421173257679657_250x250.jpg,https://www.interestprint.com/custom/kids_hooded_jumpsuit-5489.html
1572,5063,Cotton Short Sleeve T-Shirt (Two-Sided Print) | Ships from Canada,Canada Fulfillment,9.1,22.99,13.89,60.4,,https://ipimg.interestprint.com/data/product/5063/img/20260110/20260110064355969050_250x250.jpg,https://www.interestprint.com/custom/cotton_short_sleeve_t_shirt_two_sided_print-5063.html
1573,3161,Sleeveless Sundress (NZ012),Women's Clothing,9.1,25.99,16.89,65.0,,https://ipimg.interestprint.com/data/product/3161/img/20240403/20240403003839169523_250x250.jpg,https://www.interestprint.com/custom/sleeveless_sundress_nz012-3161.html
1574,6033,Women's Full-zip Hoodie with Drawstring,Women's Clothing,9.15,28.99,19.84,68.4,,https://ipimg.interestprint.com/data/product/6033/img/20260803/20260803155706942978_250x250.jpg,https://www.interestprint.com/custom/women_s_full_zip_hoodie_with_drawstring-6033.html
1575,3526,Women's Long Sleeve Dress,Women's Clothing,9.16,19.99,10.83,54.2,,https://ipimg.interestprint.com/data/product/3526/img/20240620/20240620235258763126_250x250.jpg,https://www.interestprint.com/custom/women_s_long_sleeve_dress-3526.html
1576,5752,"Maple Holder Acrylic Photo Frame 4"" x 6"" | Ships from USA",U.S. Fulfillment,9.19,27.99,18.8,67.2,,https://ipimg.interestprint.com/data/product/5752/img/20260601/20260601155953147607_250x250.jpg,https://www.interestprint.com/custom/maple_holder_acrylic_photo_frame_4_x6_ships_from_usa-5752.html
1577,5033,"New Metal Sign 8""x12"" | Ships from USA",U.S. Fulfillment,9.19,22.99,13.8,60.0,,https://ipimg.interestprint.com/data/product/5033/img/20260107/20260107221920220973_250x250.jpg,https://www.interestprint.com/custom/metal_tin_sign_8_x12-5033.html
1578,5034,"New Metal Sign 12""x8""  | Ships from USA",U.S. Fulfillment,9.19,22.99,13.8,60.0,,https://ipimg.interestprint.com/data/product/5034/img/20260107/20260107222032909353_250x250.jpg,https://www.interestprint.com/custom/new_metal_sign_12_x8-5034.html
1579,1084,Men's Mid-Length Swim Shorts(Model L39),Men's Clothing,9.19,35.99,26.8,74.5,,https://ipimg.interestprint.com/data/product/1084/img/20191006/20191006101239638367_250x250.jpg,https://www.interestprint.com/custom/men_s_mid_length_swim_shorts_l39-1084.html
1580,5683,Kids Safe Round Corner Umbrella,Home Decor,9.19,27.99,18.8,67.2,,https://ipimg.interestprint.com/data/product/5683/img/20260520/20260520103427108440_250x250.jpg,https://www.interestprint.com/custom/kids_safe_round_corner_umbrella-5683.html
1581,2996,"Ultra-Soft Micro Fleece Blanket 54""x70""",Home Decor,9.19,45.99,36.8,80.0,,https://ipimg.interestprint.com/data/product/2996/img/20240125/20240125175146808572_250x250.jpg,https://www.interestprint.com/custom/2019_54_70-2996.html
1582,2527,Women's Cotton Slippers（Model 0601),Shoes,9.19,23.99,14.8,61.7,,https://ipimg.interestprint.com/data/product/2527/img/20220904/20220904203343582053_250x250.jpg,https://www.interestprint.com/custom/women_s_cotton_slippers-2527.html
1583,2526,Men's Cotton Slippers(Model 0601),Shoes,9.19,24.99,15.8,63.2,,https://ipimg.interestprint.com/data/product/2526/img/20220905/20220905023636655556_250x250.jpg,https://www.interestprint.com/custom/men_s_cotton_slippers-2526.html
1584,835,"Luggage Cover (Large Size) (26""-28"")",Bags,9.2,29.99,20.79,69.3,,https://ipimg.interestprint.com/data/product/835/img/20180713/20180713014827136246_250x250.png,https://www.interestprint.com/custom/luggage_cover_25_x31_5-835.html
1585,554,All-Over Print Unisex Casual Backpack (Model 1659),Bags,9.2,45.99,36.79,80.0,,https://ipimg.interestprint.com/data/product/554/img/20171013/20171013012428103362_250x250.jpg,https://www.interestprint.com/custom/adult_leisure_backpack_model_1659-554.html
1586,4767,Men's Premium Ice Silk Polo Shirt,Men's Clothing,9.21,18.99,9.78,51.5,,https://ipimg.interestprint.com/data/product/4767/img/20250929/20250929020011828348_250x250.jpg,https://www.interestprint.com/custom/men_s_premium_ice_silk_polo_shirt-4767.html
1587,5674,Women's V-Neck Short Ruffle Sleeve Dress,Women's Clothing,9.23,27.99,18.76,67.0,,https://ipimg.interestprint.com/data/product/5674/img/20260520/20260520174747332787_250x250.jpg,https://www.interestprint.com/custom/women_s_v_neck_short_ruffle_sleeve_dress-5674.html
1588,5622,Women's Silk Velvet V-Neck Long Sleeve Shirt,Women's Clothing,9.23,27.99,18.76,67.0,,https://ipimg.interestprint.com/data/product/5622/img/20260518/20260518175741799421_250x250.jpg,https://www.interestprint.com/custom/women_s_silk_velvet_v_neck_long_sleeve_shirt-5622.html
1589,5961,Women's V-Neck Long Sleeve Pajama Set with Pockets,Women's Clothing,9.25,28.99,19.74,68.1,,https://ipimg.interestprint.com/data/product/5961/img/20260713/20260713162608738157_250x250.jpg,https://www.interestprint.com/custom/women_s_v_neck_long_sleeve_pajama_set_with_pockets-5961.html
1590,5853,Ruffle Long Sleeve Robe,Women's Clothing,9.25,28.99,19.74,68.1,,https://ipimg.interestprint.com/data/product/5853/img/20260618/20260618144951397847_250x250.jpg,https://www.interestprint.com/custom/ruffle_long_sleeve_robe-5853.html
1591,4905,Women's Long-Sleeve Baseball Jersey,Women's Clothing,9.25,27.99,18.74,67.0,,https://ipimg.interestprint.com/data/product/4905/img/20251029/20251029232604635537_250x250.jpg,https://www.interestprint.com/custom/women_s_long_sleeve_baseball_jersey-4905.html
1592,4504,Round Neck Loose T-Shirts,Women's Clothing,9.25,31.99,22.74,71.1,,https://ipimg.interestprint.com/data/product/4504/img/20250713/20250713230758608462_250x250.jpg,https://www.interestprint.com/custom/custom_round_neck_loose_t_shirts-4504.html
1593,4201,Sleeveless Strappy Maxi Dress,Women's Clothing,9.25,21.99,12.74,57.9,,https://ipimg.interestprint.com/data/product/4201/img/20250304/20250304223725143946_250x250.jpg,https://www.interestprint.com/custom/sleeveless_strappy_maxi_dress-4201.html
1594,3886,Women's Wrap Skirt,Women's Clothing,9.25,19.99,10.74,53.7,,https://ipimg.interestprint.com/data/product/3886/img/20241014/20241014235813515431_250x250.jpg,https://www.interestprint.com/custom/women_s_wrap_skirt-3886.html
1595,4645,Long-Sleeve Draped Bodycon Dress,Women's Clothing,9.25,35.99,26.74,74.3,,https://ipimg.interestprint.com/data/product/4645/img/20250902/20250902003929857424_250x250.jpg,https://www.interestprint.com/custom/long_sleeve_draped_bodycon_dress-4645.html
1596,4759,Men's Long Sleeve Flap Pocket Shirt,Men's Clothing,9.25,20.99,11.74,55.9,,https://ipimg.interestprint.com/data/product/4759/img/20250925/20250925230544301618_250x250.jpg,https://www.interestprint.com/custom/men_s_long_sleeve_flap_pocket_shirt-4759.html
1597,4654,Men's Flannel Lounge Pants,Men's Clothing,9.25,26.99,17.74,65.7,,https://ipimg.interestprint.com/data/product/4654/img/20250905/20250905001457189710_250x250.jpg,https://www.interestprint.com/custom/men_s_flannel_lounge_pants-4654.html
1598,3796,Zip-Up Polo Set RTZ,Men's Clothing,9.25,17.99,8.74,48.6,,https://ipimg.interestprint.com/data/product/3796/img/20240905/20240905200125052925_250x250.jpg,https://www.interestprint.com/custom/zip_up_polo_set-3796.html
1599,3734,Men's Casual Long Sleeve Shirt,Men's Clothing,9.25,22.99,13.74,59.8,,https://ipimg.interestprint.com/data/product/3734/img/20240808/20240808232622213816_250x250.jpg,https://www.interestprint.com/custom/fleece_like_casual_long_sleeve_shirt_ls-3734.html
1600,3824,Children's Casual Beach Set,Kid's Clothing,9.25,22.99,13.74,59.8,,https://ipimg.interestprint.com/data/product/3824/img/20240913/20240913000010287338_250x250.jpg,https://www.interestprint.com/custom/children_s_casual_beach_set-3824.html
1601,3981,Custom Classic Wallet,Bags,9.25,18.99,9.74,51.3,,https://ipimg.interestprint.com/data/product/3981/img/20241114/20241114184529676356_250x250.jpg,https://www.interestprint.com/custom/leather_wallet-3981.html
1602,5483,"New Polyester Peach Skin Wall Tapestry 24"" x 75"" | Ships from USA",Wedding & Party Decor,9.29,27.99,18.7,66.8,,https://ipimg.interestprint.com/data/product/5483/img/20260416/20260416102353691835_250x250.jpg,https://www.interestprint.com/custom/new_polyester_peach_skin_wall_tapestry_24_x_75_ships_from_usa-5483.html
1603,4024,Custom Backpack,Back to School,9.29,21.99,12.7,57.8,,https://ipimg.interestprint.com/data/product/4024/img/20241129/20241129002508154122_250x250.jpg,https://www.interestprint.com/custom/custom_half_printed_backpack-4024.html
1604,6061,"Polyester Peach Skin Wall Tapestry with Ribbons 40"" x 12"" | Ships from USA",U.S. Fulfillment,9.29,27.99,18.7,66.8,,https://ipimg.interestprint.com/data/product/6061/img/20260812/20260812161643550041_250x250.jpg,https://www.interestprint.com/custom/polyester_peach_skin_wall_tapestry_with_ribbons_40_x_12_ships_from_usa-6061.html
1605,6060,"Polyester Peach Skin Wall Tapestry with Ribbons 12"" x 40"" | Ships from USA",U.S. Fulfillment,9.29,27.99,18.7,66.8,,https://ipimg.interestprint.com/data/product/6060/img/20260812/20260812161749503324_250x250.jpg,https://www.interestprint.com/custom/polyester_peach_skin_wall_tapestry_with_ribbons_12_x_40_ships_from_usa-6060.html
1606,6035,"Luggage Cover 18"" x 21"" ( Small ) | Ships from USA",U.S. Fulfillment,9.29,27.99,18.7,66.8,,https://ipimg.interestprint.com/data/product/6035/img/20260807/20260807113920056004_250x250.jpg,https://www.interestprint.com/custom/luggage_cover_18_x_21_small_ships_from_usa-6035.html
1607,5950,Women's Sport Bikini Swimsuit Set,Women's Clothing,9.29,27.99,18.7,66.8,,https://ipimg.interestprint.com/data/product/5950/img/20260710/20260710104737382405_250x250.jpg,https://www.interestprint.com/custom/women_s_sport_bikini_swimsuit_set-5950.html
1608,4823,3/4 Sleeve Jumpsuit,Women's Clothing,9.29,20.99,11.7,55.7,,https://ipimg.interestprint.com/data/product/4823/img/20251014/20251014014441927292_250x250.jpg,https://www.interestprint.com/custom/3_4_sleeve_jumpsuit-4823.html
1609,3812,Women's V-Neck Long Sleeve Midi Dress,Women's Clothing,9.29,19.99,10.7,53.5,,https://ipimg.interestprint.com/data/product/3812/img/20240918/20240918230557372886_250x250.jpg,https://www.interestprint.com/custom/women_s_v_neck_long_sleeve_midi_dress-3812.html
1610,4123,Custom All Over Print Sleeveless Dress,Women's Clothing,9.29,21.99,12.7,57.8,,https://ipimg.interestprint.com/data/product/4123/img/20250113/20250113214550427517_250x250.jpg,https://www.interestprint.com/custom/custom_all_over_print_sleeveless_dress-4123.html
1611,3996,Oversized T-Shirt Dress,Women's Clothing,9.29,19.99,10.7,53.5,,https://ipimg.interestprint.com/data/product/3996/img/20241120/20241120000141593597_250x250.jpg,https://www.interestprint.com/custom/oversized_t_shirt_dress-3996.html
1612,4260,Custom Digital Oil Painting（50×65cm）,Wall Art,9.29,19.99,10.7,53.5,,https://ipimg.interestprint.com/data/product/4260/img/20250331/20250331184955633256_250x250.jpg,https://www.interestprint.com/custom/custom_digital_oil_painting_50_65cm-4260.html
1613,5770,"Vertical Metal Sign 7.9"" x 11.8"" | Ships from USA",U.S. Fulfillment,9.3,27.99,18.69,66.8,,https://ipimg.interestprint.com/data/product/5770/img/20260604/20260604171258022582_250x250.jpg,https://www.interestprint.com/custom/vertical_metal_sign_7_9_x_11_8_ships_from_usa-5770.html
1614,5769,"Horizontal Metal Sign 11.8"" x 7.9"" | Ships from USA",U.S. Fulfillment,9.3,27.99,18.69,66.8,,https://ipimg.interestprint.com/data/product/5769/img/20260604/20260604171313404266_250x250.jpg,https://www.interestprint.com/custom/horizontal_metal_sign_11_8_x_7_9_ships_from_usa-5769.html
1615,5192,Women’s Casual Spaghetti Strap Midi Dress,Women's Clothing,9.3,29.99,20.69,69.0,,https://ipimg.interestprint.com/data/product/5192/img/20260122/20260122232909674396_250x250.jpg,https://www.interestprint.com/custom/women_s_casual_spaghetti_strap_midi_dress-5192.html
1616,4272,Women's Ruffle Collar Blouse,Women's Clothing,9.3,25.99,16.69,64.2,,https://ipimg.interestprint.com/data/product/4272/img/20250415/20250415220751352932_250x250.jpg,https://www.interestprint.com/custom/short_sleeved_shirt-4272.html
1617,3803,Girls' One-Piece Swimsuit,Kid's Clothing,9.31,21.99,12.68,57.7,,https://ipimg.interestprint.com/data/product/3803/img/20240905/20240905200308395595_250x250.jpg,https://www.interestprint.com/custom/girls_one_piece_swimsuit-3803.html
1618,3802,Children's One-piece Swimsuit,Kid's Clothing,9.31,21.99,12.68,57.7,,https://ipimg.interestprint.com/data/product/3802/img/20240905/20240905200251632996_250x250.jpg,https://www.interestprint.com/custom/children_s_one_piece_swimsuit-3802.html
1619,3075,Men’s Polo Shirt Set (A46TZ),Father's Day,9.32,22.99,13.67,59.5,,https://ipimg.interestprint.com/data/product/3075/img/20240328/20240328183831882864_250x250.jpg,https://www.interestprint.com/custom/mens_polo_shirt_set_a46tz-3075.html
1620,2186,Sports Crop Top Bikini Set(ModelS21),Women's Clothing,9.33,45.99,36.66,79.7,,https://ipimg.interestprint.com/data/product/2186/img/20210705/20210705223740619200_250x250.jpg,https://www.interestprint.com/custom/crop_top_bikini_set_models21-2186.html
1621,2755,Insulated Stainless Steel Tumbler (30oz ）,Home Decor,9.36,31.99,22.63,70.7,,https://ipimg.interestprint.com/data/product/2755/img/20230601/20230601230044290846_250x250.jpg,https://www.interestprint.com/custom/insulated_stainless_steel_tumbler_30oz-2755.html
1622,6023,Women's Loose Pants Without Drawstring,Women's Clothing,9.38,28.99,19.61,67.6,,https://ipimg.interestprint.com/data/product/6023/img/20260731/20260731095157705476_250x250.jpg,https://www.interestprint.com/custom/women_s_loose_pants_without_drawstring-6023.html
1623,6029,Custom Card Holder | Ships from USA,U.S. Fulfillment,9.39,24.99,15.6,62.4,,https://ipimg.interestprint.com/data/product/6029/img/20260811/20260811163842373735_250x250.jpg,https://www.interestprint.com/custom/custom_card_holder_ships_from_usa-6029.html
1624,5646,Custom Embroidered Knitted Christmas Stocking | Ships from USA,U.S. Fulfillment,9.39,28.99,19.6,67.6,,https://ipimg.interestprint.com/data/product/5646/img/20260909/20260909092957497122_250x250.jpg,https://www.interestprint.com/custom/custom_embroidered_knitted_christmas_stocking_ships_from_usa-5646.html
1625,5307,Off Shoulder Short Bodycon Dress,Women's Clothing,9.39,25.99,16.6,63.9,,https://ipimg.interestprint.com/data/product/5307/img/20260301/20260301225300957552_250x250.jpg,https://www.interestprint.com/custom/off_shoulder_short_bodycon_dress-5307.html
1626,6046,All Over Print Cotton Baby's Sleeveless Romper,All-Over Cotton Collection,9.4,28.99,19.59,67.6,,https://ipimg.interestprint.com/data/product/6046/img/20260806/20260806154820476621_250x250.jpg,https://www.interestprint.com/custom/all_over_print_cotton_baby_s_sleeveless_romper-6046.html
1627,6104,Women's Casual Lapel Blazer,Women's Clothing,9.4,28.99,19.59,67.6,,https://ipimg.interestprint.com/data/product/6104/img/20260820/20260820150705832108_250x250.jpg,https://www.interestprint.com/custom/women_s_casual_lapel_blazer-6104.html
1628,6092,Men's Button Front Cardigan,Men's Clothing,9.4,28.99,19.59,67.6,,https://ipimg.interestprint.com/data/product/6092/img/20260817/20260817161150437310_250x250.jpg,https://www.interestprint.com/custom/men_s_button_front_cardigan-6092.html
1629,3743,Women's Twist Front Ruffle Sleeve Swimsuit (Model S55),Women's Clothing,9.44,29.99,20.55,68.5,,https://ipimg.interestprint.com/data/product/3743/img/20240812/20240812204520268804_250x250.jpg,https://www.interestprint.com/custom/women_s_twist_front_ruffle_sleeve_swimsuit-3743.html
1630,4739,Kids' Fleece Hooded Cape,Halloween Decor,9.46,20.99,11.53,54.9,,https://ipimg.interestprint.com/data/product/4739/img/20250922/20250922204003160322_250x250.jpg,https://www.interestprint.com/custom/kids_fleece_hooded_cape-4739.html
1631,5721,Women's High Waisted Wide Leg Pants,Women's Clothing,9.46,28.99,19.53,67.4,,https://ipimg.interestprint.com/data/product/5721/img/20260526/20260526151749488211_250x250.jpg,https://www.interestprint.com/custom/women_s_high_waisted_wide_leg_pants-5721.html
1632,5193,Women’s Ruffle Sleeve Tiered Midi Dress,Women's Clothing,9.46,31.99,22.53,70.4,,https://ipimg.interestprint.com/data/product/5193/img/20260122/20260122232925763305_250x250.jpg,https://www.interestprint.com/custom/women_s_ruffle_sleeve_tiered_midi_dress-5193.html
1633,4606,Women's Sleeveless Long Dress,Women's Clothing,9.46,31.99,22.53,70.4,,https://ipimg.interestprint.com/data/product/4606/img/20250814/20250814233222808801_250x250.jpg,https://www.interestprint.com/custom/women_s_sleeveless_long_dress-4606.html
1634,4996,All Over Print Sweater,Men's Clothing,9.46,31.99,22.53,70.4,,https://ipimg.interestprint.com/data/product/4996/img/20251126/20251126223812212056_250x250.jpg,https://www.interestprint.com/custom/all_over_print_sweater-4996.html
1635,4397,Women's String Bikini Sets,Women's Clothing,9.47,36.99,27.52,74.4,,https://ipimg.interestprint.com/data/product/4397/img/20250605/20250605200406360563_250x250.jpg,https://www.interestprint.com/custom/custom_women_s_string_bikini_set-4397.html
1636,6154,"Polyester Peach Skin Wall Tapestry 30"" x 80"" | Ships from USA",U.S. Fulfillment,9.49,28.99,19.5,67.3,,https://ipimg.interestprint.com/data/product/6154/img/20260901/20260901165809635970_250x250.jpg,https://www.interestprint.com/custom/polyester_peach_skin_wall_tapestry_30_x_80_ships_from_usa-6154.html
1637,5915,"Peach Skin House Flag 48"" x 72"" (One Side) | Ships from USA",U.S. Fulfillment,9.49,28.99,19.5,67.3,,https://ipimg.interestprint.com/data/product/5915/img/20260702/20260702162818682994_250x250.jpg,https://www.interestprint.com/custom/peach_skin_house_flag_48_x_72_one_side_ships_from_usa-5915.html
1638,5149,Custom Placemat 18x12inch (6-Pack) | Ships from USA,U.S. Fulfillment,9.49,31.99,22.5,70.3,,https://ipimg.interestprint.com/data/product/5149/img/20260112/20260112190510106463_250x250.jpg,https://www.interestprint.com/custom/custom_placemat_18x12inch_6_pack_ships_from_usa-5149.html
1639,4897,1000-Piece Jigsaw Puzzle (Vertical) | Ships from USA,U.S. Fulfillment,9.49,33.99,24.5,72.1,,https://ipimg.interestprint.com/data/product/4897/img/20260110/20260110050453102285_250x250.jpg,https://www.interestprint.com/custom/1000_piece_jigsaw_puzzle_vertical-4897.html
1640,4896,1000-Piece Jigsaw Puzzle (Horizontal)  | Ships from USA,U.S. Fulfillment,9.49,28.99,19.5,67.3,,https://ipimg.interestprint.com/data/product/4896/img/20260110/20260110050600482488_250x250.jpg,https://www.interestprint.com/custom/1000_piece_jigsaw_puzzle_horizontal-4896.html
1641,4075,Little Kids' All Over Print Crew Neck T-Shirt(T40-2) |  Ships from USA,U.S. Fulfillment,9.49,28.99,19.5,67.3,,https://ipimg.interestprint.com/data/product/4075/img/20260109/20260109214519540189_250x250.jpg,https://www.interestprint.com/custom/little_kids_all_over_print_crew_neck_t_shirt_t40_2-4075.html
1642,2991,300-Piece Wooden Jigsaw Puzzles (Vertical) | Ships from USA,U.S. Fulfillment,9.49,19.99,10.5,52.5,,https://ipimg.interestprint.com/data/product/2991/img/20260311/20260311175840783124_250x250.jpg,https://www.interestprint.com/custom/300_piece_wooden_jigsaw_puzzles_vertical-2991.html
1643,2948,Men's All Over Print Hoodie (Model H61),Valentine's Day,9.5,47.99,38.49,80.2,,https://ipimg.interestprint.com/data/product/2948/img/20241215/20241215191034191878_250x250.jpg,https://www.interestprint.com/custom/men_s_all_over_print_hoodie_h61-2948.html
1644,2946,Women's All Over Print Hoodie (Model H61),Valentine's Day,9.5,27.99,18.49,66.1,,https://ipimg.interestprint.com/data/product/2946/img/20241215/20241215190927464189_250x250.jpg,https://www.interestprint.com/custom/women_s_all_over_print_hoodie_h61-2946.html
1645,3719,"Art Print 18""x12"" | Ships from USA",U.S. Fulfillment,9.5,17.99,8.49,47.2,,https://ipimg.interestprint.com/data/product/3719/img/20260107/20260107213040105271_250x250.jpg,https://www.interestprint.com/custom/art_print_18_x12-3719.html
1646,3708,"Art Print 12""x18"" | Ships from USA",U.S. Fulfillment,9.5,17.99,8.49,47.2,,https://ipimg.interestprint.com/data/product/3708/img/20260107/20260107213625207208_250x250.jpg,https://www.interestprint.com/custom/art_print_12_x18-3708.html
1647,1031,Kid's Custom Socks | Ships from Australia,Australia Fulfillment,9.5,29.99,20.49,68.3,,https://ipimg.interestprint.com/data/product/1031/img/20260110/20260110234831153162_250x250.jpg,https://www.interestprint.com/custom/kid_s_custom_socks_au-1031.html
1648,4908,Women's Ruffled Short-Sleeve Pajama Set,Women's Clothing,9.5,37.99,28.49,75.0,,https://ipimg.interestprint.com/data/product/4908/img/20251029/20251029233502902293_250x250.jpg,https://www.interestprint.com/custom/women_s_ruffled_short_sleeve_pajama_set-4908.html
1649,4824,Women's Suspender Jumpsuit,Women's Clothing,9.5,20.99,11.49,54.7,,https://ipimg.interestprint.com/data/product/4824/img/20251014/20251014014548471681_250x250.jpg,https://www.interestprint.com/custom/women_s_suspender_jumpsuit-4824.html
1650,4663,V-Neck Three-Quarter Sleeve Dress,Women's Clothing,9.5,31.99,22.49,70.3,,https://ipimg.interestprint.com/data/product/4663/img/20250910/20250910014347629284_250x250.jpg,https://www.interestprint.com/custom/v_neck_three_quarter_sleeve_dress-4663.html
1651,4125,Chiffon Sleeveless Top and Pants Set,Women's Clothing,9.5,22.99,13.49,58.7,,https://ipimg.interestprint.com/data/product/4125/img/20250113/20250113214602169029_250x250.jpg,https://www.interestprint.com/custom/chiffon_sleeveless_top_and_pants_set-4125.html
1652,4204,Women's Long Sleeve Shirt Dress,Women's Clothing,9.5,22.99,13.49,58.7,,https://ipimg.interestprint.com/data/product/4204/img/20250304/20250304223657992914_250x250.jpg,https://www.interestprint.com/custom/women_s_long_sleeve_shirt_dress-4204.html
1653,3789,Custom Teen's  Hoodie (No Pocket/Back Printing),Kid's Clothing,9.5,22.99,13.49,58.7,,https://ipimg.interestprint.com/data/product/3789/img/20240829/20240829201334836242_250x250.jpg,https://www.interestprint.com/custom/custom_teen_s_hoodie_no_pocket_back_printing-3789.html
1654,3790,Custom Teen's Hoodie(No Pocket/Front Printing),Kid's Clothing,9.5,22.99,13.49,58.7,,https://ipimg.interestprint.com/data/product/3790/img/20240829/20240829201253033025_250x250.jpg,https://www.interestprint.com/custom/custom_teen_s_hoodie_no_pocket_front_print-3790.html
1655,3503,PU Leather Tire Cover,Accessories,9.5,20.99,11.49,54.7,,https://ipimg.interestprint.com/data/product/3503/img/20250905/20250905021755858718_250x250.jpg,https://www.interestprint.com/custom/leather_tire_cover-3503.html
1656,3911,Women Sleeveless Suit Vest (Model H71),Women's Clothing,9.51,25.99,16.48,63.4,,https://ipimg.interestprint.com/data/product/3911/img/20241021/20241021230522034633_250x250.jpg,https://www.interestprint.com/custom/custom_women_s_sleeveless_blazer_h71-3911.html
1657,3682,Sleeveless U-Neck Dress,Women's Clothing,9.52,20.99,11.47,54.6,,https://ipimg.interestprint.com/data/product/3682/img/20240722/20240722195815112549_250x250.jpg,https://www.interestprint.com/custom/sleeveless_u_neck_dress-3682.html
1658,3160,Bikini Swimming Costume (BK2106),Women's Clothing,9.52,23.99,14.47,60.3,,https://ipimg.interestprint.com/data/product/3160/img/20240403/20240403004238849375_250x250.jpg,https://www.interestprint.com/custom/bikini_swimming_costume_bk2106-3160.html
1659,2385,Chest Bowknot High Waisted Bikini Swimsuit (ModelS33),Women's Clothing,9.53,25.99,16.46,63.3,,https://ipimg.interestprint.com/data/product/2385/img/20220421/20220421231925895180_250x250.jpg,https://www.interestprint.com/custom/chest_bowknot_high_waisted_bikini_swimsuit_models33-2385.html
1660,2410,Ruffle Hem Bikini Swimsuit (Model S35),Women's Clothing,9.53,29.99,20.46,68.2,,https://ipimg.interestprint.com/data/product/2410/img/20220529/20220529230927827239_250x250.jpg,https://www.interestprint.com/custom/ruffle_hem_bikini_swimsuit_model_s35-2410.html
1661,2144,Drawstring Side One-Piece Swimsuit(ModelS14),Women's Clothing,9.53,32.99,23.46,71.1,,https://ipimg.interestprint.com/data/product/2144/img/20230423/20230423175130646405_250x250.jpg,https://www.interestprint.com/custom/drawstring_side_one_piece_swimsuit_models14-2144.html
1662,2146,Backless Bow Hollow Out Swimsuit(ModelS17),Women's Clothing,9.53,41.99,32.46,77.3,,https://ipimg.interestprint.com/data/product/2146/img/20210604/20210604030654538509_250x250.jpg,https://www.interestprint.com/custom/backless_bow_hollow_out_swimsuit_s17-2146.html
1663,5581,Women's Long Sleeve V-Neck Zip-Front Maxi Dress,Women's Clothing,9.55,29.99,20.44,68.2,,https://ipimg.interestprint.com/data/product/5581/img/20260429/20260429131042541522_250x250.jpg,https://www.interestprint.com/custom/women_s_long_sleeve_v_neck_zip_front_maxi_dress-5581.html
1664,200,"Throw Pillow Cover 18""x18"" (One Side)",Home Decor,9.55,18.95,9.4,49.6,,https://ipimg.interestprint.com/data/product/200/img/20150730/20150730115359064537_250x250.jpg,https://www.interestprint.com/custom/throw_pillow_cover_18_x18_one_side-200.html
1665,203,"Rectangle Pillow Case 20""x26""(One Side)",Home Decor,9.55,20.95,11.4,54.4,,https://ipimg.interestprint.com/data/product/203/img/20150730/20150730115205818997_250x250.jpg,https://www.interestprint.com/custom/rectangle_pillow_case_20_x26_one_side-203.html
1666,4010,Custom Tote Bag,Bags,9.55,26.99,17.44,64.6,,https://ipimg.interestprint.com/data/product/4010/img/20250925/20250925203621726838_250x250.jpg,https://www.interestprint.com/custom/custom_tote_bag-4010.html
1667,3018,Custom Spaghetti Strap Long Dress,Women's Clothing,9.56,26.99,17.43,64.6,,https://ipimg.interestprint.com/data/product/3018/img/20240326/20240326230717977422_250x250.jpg,https://www.interestprint.com/custom/custom_bikinispaghetti_strap_long_dress-3018.html
1668,3037,Custom Sleeveless Long Dress,Women's Clothing,9.56,29.99,20.43,68.1,,https://ipimg.interestprint.com/data/product/3037/img/20240326/20240326230622651527_250x250.jpg,https://www.interestprint.com/custom/long_dress-3037.html
1669,2437,Front Bow Tie Bikini Swimsuit (Model S38),Women's Clothing,9.57,25.99,16.42,63.2,,https://ipimg.interestprint.com/data/product/2437/img/20220627/20220627233444204962_250x250.jpg,https://www.interestprint.com/custom/front_bow_tie_bikini_swimsuit_model_s38-2437.html
1670,2877,"Shower Curtain 72""x84""",Home Decor,9.57,32.99,23.42,71.0,,https://ipimg.interestprint.com/data/product/2877/img/20231017/20231017020516781505_250x250.jpg,https://www.interestprint.com/custom/72x84-2877.html
1671,2876,"Shower Curtain 69""x84""",Home Decor,9.57,32.99,23.42,71.0,,https://ipimg.interestprint.com/data/product/2876/img/20231017/20231017020044375367_250x250.jpg,https://www.interestprint.com/custom/69x84-2876.html
1672,5298,Festival Banner 71x24inch  | Ships from USA,Wedding & Party Decor,9.59,23.99,14.4,60.0,,https://ipimg.interestprint.com/data/product/5298/img/20260227/20260227002638672253_250x250.jpg,https://www.interestprint.com/custom/festival_banner_71x24inch_ships_from_usa-5298.html
1673,1112,Christmas Stocking (Without Folded Top),Christmas Gifts,9.59,29.99,20.4,68.0,,https://ipimg.interestprint.com/data/product/1112/img/20231027/20231027014004903577_250x250.jpg,https://www.interestprint.com/custom/christmas_stocking_without_folded_top-1112.html
1674,5396,"Gift Wrapping Paper-Coated Paper 120"" x 22"" (1 Roll) | Ships from USA",U.S. Fulfillment,9.59,28.99,19.4,66.9,,https://ipimg.interestprint.com/data/product/5396/img/20260325/20260325151115383971_250x250.jpg,https://www.interestprint.com/custom/gift_wrapping_paper_coated_paper_120_x_22_1_roll_ships_from_usa-5396.html
1675,4868,Car Seat Cover | Ships from USA,U.S. Fulfillment,9.59,26.99,17.4,64.5,,https://ipimg.interestprint.com/data/product/4868/img/20260109/20260109233634679255_250x250.jpg,https://www.interestprint.com/custom/car_seat_cover-4868.html
1676,4783,Custom Pillow Case 18x18inch (One Side with Different Printing)(Pack of 3) | Ships from USA,U.S. Fulfillment,9.59,29.99,20.4,68.0,,https://ipimg.interestprint.com/data/product/4783/img/20260110/20260110053428177296_250x250.jpg,https://www.interestprint.com/custom/custom_pillow_case_18x18inch_one_side_with_different_printing_pack_of_3-4783.html
1677,4164,Custom Pillow Case 18x18inch (One Side Printing)(Pack of 3) | Ships from USA,U.S. Fulfillment,9.59,28.99,19.4,66.9,,https://ipimg.interestprint.com/data/product/4164/img/20260110/20260110054309809239_250x250.jpg,https://www.interestprint.com/custom/custom_pillow_case_18x18inch_3_pack_us02-4164.html
1678,2341,"Kitchen Mat 32""x20"" | Ships from USA",U.S. Fulfillment,9.59,37.99,28.4,74.8,,https://ipimg.interestprint.com/data/product/2341/img/20260109/20260109175507024366_250x250.jpg,https://www.interestprint.com/custom/kitchen_mat_32_x20-2341.html
1679,635,Custom Bikini Swimsuit Top (Model S01),Women's Clothing,9.59,24.99,15.4,61.6,,https://ipimg.interestprint.com/data/product/635/img/20170719/20170719233849896897_250x250.jpg,https://www.interestprint.com/custom/custom_bikini_swimsuit_top-635.html
1680,636,Custom Bikini Swimsuit Bottom (Model S01),Women's Clothing,9.59,24.99,15.4,61.6,,https://ipimg.interestprint.com/data/product/636/img/20170720/20170720231622447432_250x250.jpg,https://www.interestprint.com/custom/custom_bikini_swimsuit_bottom-636.html
1681,843,Men's All Over Print Casual Shorts (Model L23),Men's Clothing,9.59,39.99,30.4,76.0,,https://ipimg.interestprint.com/data/product/843/img/20180731/20180731000930879904_250x250.png,https://www.interestprint.com/custom/men_s_all_over_print_casual_shorts_model_l23-843.html
1682,2940,Little Boys' Hawaiian Shirt (Model T58),Kid's Clothing,9.59,28.99,19.4,66.9,,https://ipimg.interestprint.com/data/product/2940/img/20231101/20231101003351819529_250x250.jpg,https://www.interestprint.com/custom/little_boys_hawaiian_shirt_model_t58-2940.html
1683,1114,Anti-UV Automatic Umbrella(Outside Printing)(Model U09),Home Decor,9.59,36.99,27.4,74.1,,https://ipimg.interestprint.com/data/product/1114/img/20191115/20191115004417476291_250x250.jpg,https://www.interestprint.com/custom/anti_uv_auto_foldable_umbrella_u09-1114.html
1684,915,Anti-UV Automatic Umbrella (Underside Printing) (Model U06),Home Decor,9.59,36.99,27.4,74.1,,https://ipimg.interestprint.com/data/product/915/img/20181104/20181104054247826188_250x250.png,https://www.interestprint.com/custom/automatic_vinyl_umbrella-915.html
1685,5851,Sleeveless Top & Cropped Wide-Leg Pants Set,Women's Clothing,9.61,29.99,20.38,68.0,,https://ipimg.interestprint.com/data/product/5851/img/20260618/20260618145047308890_250x250.jpg,https://www.interestprint.com/custom/sleeveless_top_cropped_wide_leg_pants_set-5851.html
1686,4114,Wood Record Wall Clock（Blue）,Home Decor,9.61,21.99,12.38,56.3,,https://ipimg.interestprint.com/data/product/4114/img/20250113/20250113213148799976_250x250.jpg,https://www.interestprint.com/custom/wood_record_wall_clock-4114.html
1687,4101,Wood Record Wall Clock(Black),Home Decor,9.61,21.99,12.38,56.3,,https://ipimg.interestprint.com/data/product/4101/img/20250113/20250113213125310166_250x250.jpg,https://www.interestprint.com/custom/wood_record_wall_clock-4101.html
1688,2833,Kids Water Bottle with Chug Lid (12 oz),Back to School,9.63,31.99,22.36,69.9,,https://ipimg.interestprint.com/data/product/2833/img/20230810/20230810202229394957_250x250.jpg,https://www.interestprint.com/custom/kids_water_bottle_12_oz-2833.html
1689,3236,Boy's Swimsuit,Summer Holiday,9.67,21.99,12.32,56.0,,https://ipimg.interestprint.com/data/product/3236/img/20240422/20240422004909725678_250x250.jpg,https://www.interestprint.com/custom/boy_s_swimsuit-3236.html
1690,5123,Women’s Double Breasted Blazer,Women's Clothing,9.67,35.99,26.32,73.1,,https://ipimg.interestprint.com/data/product/5123/img/20251231/20251231003705518132_250x250.jpg,https://www.interestprint.com/custom/women_s_double_breasted_blazer-5123.html
1691,4167,All Over Print Women's Shortall,Women's Clothing,9.67,21.99,12.32,56.0,,https://ipimg.interestprint.com/data/product/4167/img/20250209/20250209230602807052_250x250.jpg,https://www.interestprint.com/custom/all_over_print_women_s_shortall-4167.html
1692,3208,Women's Casual T-Shirt  Dress,Women's Clothing,9.67,19.99,10.32,51.6,,https://ipimg.interestprint.com/data/product/3208/img/20240417/20240417002646855945_250x250.jpg,https://www.interestprint.com/custom/women_s_casual_t_shirt_dress-3208.html
1693,6063,"Polyester Peach Skin Wall Tapestry with Ribbons 50"" x 15"" | Ships from USA",U.S. Fulfillment,9.69,29.99,20.3,67.7,,https://ipimg.interestprint.com/data/product/6063/img/20260812/20260812161106541114_250x250.jpg,https://www.interestprint.com/custom/polyester_peach_skin_wall_tapestry_with_ribbons_50_x_15_ships_from_usa-6063.html
1694,6062,"Polyester Peach Skin Wall Tapestry with Ribbons 15"" x 50"" | Ships from USA",U.S. Fulfillment,9.69,29.99,20.3,67.7,,https://ipimg.interestprint.com/data/product/6062/img/20260812/20260812161519042906_250x250.jpg,https://www.interestprint.com/custom/polyester_peach_skin_wall_tapestry_with_ribbons_15_x_50_ships_from_usa-6062.html
1695,5816,"Custom Shaped Pillow 8"" | Ships from USA",U.S. Fulfillment,9.69,28.99,19.3,66.6,,https://ipimg.interestprint.com/data/product/5816/img/20260612/20260612161929473530_250x250.jpg,https://www.interestprint.com/custom/custom_shaped_pillow_8_ships_from_usa-5816.html
1696,5419,"New Polyester Peach Skin Wall Tapestry 51"" x 60"" | Ships from USA",U.S. Fulfillment,9.69,29.99,20.3,67.7,,https://ipimg.interestprint.com/data/product/5419/img/20260623/20260623165124501265_250x250.jpg,https://www.interestprint.com/custom/new_polyester_peach_skin_wall_tapestry_51_x_60-5419.html
1697,5417,"New Polyester Peach Skin Wall Tapestry 60"" x 51"" | Ships from USA",U.S. Fulfillment,9.69,29.99,20.3,67.7,,https://ipimg.interestprint.com/data/product/5417/img/20260623/20260623165141908738_250x250.jpg,https://www.interestprint.com/custom/new_polyester_peach_skin_wall_tapestry_60_x51-5417.html
1698,5403,"Waffle Weave Bath Towel 29"" x 58"" | Ships from USA",U.S. Fulfillment,9.69,29.99,20.3,67.7,,https://ipimg.interestprint.com/data/product/5403/img/20260330/20260330134036341800_250x250.jpg,https://www.interestprint.com/custom/waffle_weave_bath_towel_29_x_58_ships_from_usa-5403.html
1699,4924,"Frame Canvas Print 10"" x 10"" | Ships from USA",U.S. Fulfillment,9.69,27.99,18.3,65.4,,https://ipimg.interestprint.com/data/product/4924/img/20260109/20260109012125214450_250x250.jpg,https://www.interestprint.com/custom/frame_canvas_print_10_x_10-4924.html
1700,2843,Linen Hanging Poster (without Fringe)  | Ships from USA,U.S. Fulfillment,9.69,17.99,8.3,46.1,,https://ipimg.interestprint.com/data/product/2843/img/20260107/20260107223701004782_250x250.jpg,https://www.interestprint.com/custom/linen_hanging_poster_without_fringe-2843.html
1701,2824,Linen Hanging Poster | Ships from USA,U.S. Fulfillment,9.69,19.99,10.3,51.5,,https://ipimg.interestprint.com/data/product/2824/img/20260107/20260107223802255152_250x250.jpg,https://www.interestprint.com/custom/linen_hanging_poster-2824.html
1702,2361,"Polyester Peach Skin Wall Tapestry 60""x 51""  | Ships from USA",U.S. Fulfillment,9.69,34.99,25.3,72.3,,https://ipimg.interestprint.com/data/product/2361/img/20260107/20260107230401040262_250x250.jpg,https://www.interestprint.com/custom/polyester_peach_skin_wall_tapestry_60_x_51-2361.html
1703,2360,"Polyester Peach Skin Wall Tapestry 51""x 60"" | Ships from USA",U.S. Fulfillment,9.69,34.99,25.3,72.3,,https://ipimg.interestprint.com/data/product/2360/img/20260107/20260107230447864121_250x250.jpg,https://www.interestprint.com/custom/wall_tapestry_51_x_60-2360.html
1704,2598,"Polyester Peach Skin Wall Tapestry 60""*90""",Home Decor,9.69,29.99,20.3,67.7,,https://ipimg.interestprint.com/data/product/2598/img/20221110/20221110192059980671_250x250.jpg,https://www.interestprint.com/custom/60_90inch-2598.html
1705,2595,"Polyester Peach Skin Wall Tapestry 90""*60""",Home Decor,9.69,29.99,20.3,67.7,,https://ipimg.interestprint.com/data/product/2595/img/20221110/20221110192956910112_250x250.jpg,https://www.interestprint.com/custom/90_60inch-2595.html
1706,2535,Men's Non-Slip Cotton Slippers (Model 0602),Shoes,9.69,23.99,14.3,59.6,,https://ipimg.interestprint.com/data/product/2535/img/20220907/20220907182310784108_250x250.jpg,https://www.interestprint.com/custom/men_s_non_slip_cotton_slippers_0602-2535.html
1707,2534,Women's Non-Slip Cotton Slippers (Model 0602),Shoes,9.69,22.99,13.3,57.9,,https://ipimg.interestprint.com/data/product/2534/img/20220907/20220907181445826302_250x250.jpg,https://www.interestprint.com/custom/women_s_non_slip_cotton_slippers_0602-2534.html
1708,4354,Women's Casual Round Neck Short Sleeve Dress,Women's Clothing,9.71,28.99,19.28,66.5,,https://ipimg.interestprint.com/data/product/4354/img/20250521/20250521003752923261_250x250.jpg,https://www.interestprint.com/custom/custom_round_neck_casual_tunic_dress_with_pocket-4354.html
1709,5135,Short Sleeve Lace Robe,Women's Clothing,9.72,26.99,17.27,64.0,,https://ipimg.interestprint.com/data/product/5135/img/20260111/20260111173031056024_250x250.jpg,https://www.interestprint.com/custom/short_sleeve_lace_robe-5135.html
1710,5059,Sleeveless V-neck Midi Dress,Women's Clothing,9.72,27.99,18.27,65.3,,https://ipimg.interestprint.com/data/product/5059/img/20251217/20251217231329088589_250x250.jpg,https://www.interestprint.com/custom/sleeveless_v_neck_midi_dress-5059.html
1711,4271,Custom V-Neck Midi Dress,Women's Clothing,9.72,27.99,18.27,65.3,,https://ipimg.interestprint.com/data/product/4271/img/20250415/20250415220741572955_250x250.jpg,https://www.interestprint.com/custom/short_sleeved_dress-4271.html
1712,4276,Bikini Swimsuit,Women's Clothing,9.72,31.99,22.27,69.6,,https://ipimg.interestprint.com/data/product/4276/img/20250410/20250410225023799949_250x250.jpg,https://www.interestprint.com/custom/bikini_swimsuit-4276.html
1713,4257,Tie Waist Sleeveless Dress,Women's Clothing,9.72,25.99,16.27,62.6,,https://ipimg.interestprint.com/data/product/4257/img/20250331/20250331185026538565_250x250.jpg,https://www.interestprint.com/custom/tie_waist_sleeveless_dress-4257.html
1714,3078,Long Sleeve Blouse (B648),Women's Clothing,9.72,23.99,14.27,59.5,,https://ipimg.interestprint.com/data/product/3078/img/20240328/20240328234350396902_250x250.jpg,https://www.interestprint.com/custom/long_sleeve_womens_shirt_b648-3078.html
1715,3189,Men's Long-Sleeve Baseball Jersey,Men's Clothing,9.72,25.99,16.27,62.6,,https://ipimg.interestprint.com/data/product/3189/img/20240411/20240411182750289099_250x250.jpg,https://www.interestprint.com/custom/men_s_long_sleeve_baseball_jersey-3189.html
1716,3791,Custom Teen's Hoodie(With Pocket/Back Printing),Kid's Clothing,9.72,22.99,13.27,57.7,,https://ipimg.interestprint.com/data/product/3791/img/20240829/20240829201217345240_250x250.jpg,https://www.interestprint.com/custom/custom_teen_s_hoodie_with_pocket_back_printing-3791.html
1717,3792,Custom Teen's Hoodie(With Pocket/Front Printing),Kid's Clothing,9.72,22.99,13.27,57.7,,https://ipimg.interestprint.com/data/product/3792/img/20240829/20240829201133601872_250x250.jpg,https://www.interestprint.com/custom/custom_teen_s_hoodie_with_pocket_front_printing-3792.html
1718,3137,Car Rear Seat Cover,Accessories,9.72,29.99,20.27,67.6,,https://ipimg.interestprint.com/data/product/3137/img/20240402/20240402012227173195_250x250.jpg,https://www.interestprint.com/custom/car_rear_seat_cover-3137.html
1719,4562,Aluminum Sign – 10×40 cm | Ships from USA,Halloween Decor,9.74,25.99,16.25,62.5,,https://ipimg.interestprint.com/data/product/4562/img/20260109/20260109054819307396_250x250.jpg,https://www.interestprint.com/custom/aluminum_sign_10_40_cm-4562.html
1720,522,"Garden Flag 12"" x 18""(Twin Sides)",Home Decor,9.74,19.99,10.25,51.3,,https://ipimg.interestprint.com/data/product/522/img/20170212/20170212210551351245_250x250.jpg,https://www.interestprint.com/custom/garden_flag_12_x_18-522.html
1721,5691,Women's Raglan Long Sleeve Pajama Set,Women's Clothing,9.76,28.99,19.23,66.3,,https://ipimg.interestprint.com/data/product/5691/img/20260522/20260522104325019734_250x250.jpg,https://www.interestprint.com/custom/women_s_raglan_long_sleeve_pajama_set-5691.html
1722,5673,Women's V-Neck Sleeveless High-Low Hem Dress,Women's Clothing,9.76,29.99,20.23,67.5,,https://ipimg.interestprint.com/data/product/5673/img/20260519/20260519175146321584_250x250.jpg,https://www.interestprint.com/custom/women_s_v_neck_sleeveless_high_low_hem_dress-5673.html
1723,5452,Women's Multi-Tiered Ruffle Hem Dress,Women's Clothing,9.76,29.99,20.23,67.5,,https://ipimg.interestprint.com/data/product/5452/img/20260408/20260408145553997984_250x250.jpg,https://www.interestprint.com/custom/women_s_multi_tiered_ruffle_hem_dress-5452.html
1724,4035,Personalized 16-inch Backpack,Bags,9.76,24.99,15.23,60.9,,https://ipimg.interestprint.com/data/product/4035/img/20241203/20241203231106762290_250x250.jpg,https://www.interestprint.com/custom/16_inch_2_compartment_backpack-4035.html
1725,4388,Women's Long Cover Up,Summer Holiday,9.78,35.99,26.21,72.8,,https://ipimg.interestprint.com/data/product/4388/img/20250604/20250604202805024693_250x250.jpg,https://www.interestprint.com/custom/custom_long_cover_up-4388.html
1726,5225,"Cotton Linen Wall Tapestry 20""x 63"" | Ships from USA",Wedding & Party Decor,9.79,28.99,19.2,66.2,,https://ipimg.interestprint.com/data/product/5225/img/20260128/20260128181108352993_250x250.jpg,https://www.interestprint.com/custom/cotton_linen_wall_tapestry_20_x_63_ships_from_usa-5225.html
1727,2834,Kids Water Bottle with Straw Lid (12 oz),Back to School,9.79,26.99,17.2,63.7,,https://ipimg.interestprint.com/data/product/2834/img/20230814/20230814015146161303_250x250.jpg,https://www.interestprint.com/custom/kids_water_bottle_12_oz-2834.html
1728,5814,Men's All Over Print Ribbed Collar T-Shirt (Model T94) | Ships from USA,U.S. Fulfillment,9.79,28.99,19.2,66.2,,https://ipimg.interestprint.com/data/product/5814/img/20260612/20260612162011172251_250x250.jpg,https://www.interestprint.com/custom/men_s_all_over_print_ribbed_collar_t_shirt_model_t94_ships_from_usa-5814.html
1729,5751,"Walnut Holder Acrylic Photo Frame 4"" x 6"" | Ships from USA",U.S. Fulfillment,9.79,28.99,19.2,66.2,,https://ipimg.interestprint.com/data/product/5751/img/20260601/20260601160109250822_250x250.jpg,https://www.interestprint.com/custom/walnut_holder_acrylic_photo_frame_4_x_6_ships_from_usa-5751.html
1730,4792,Golf Cart Seat Cover | Ships from USA,U.S. Fulfillment,9.79,27.99,18.2,65.0,,https://ipimg.interestprint.com/data/product/4792/img/20260109/20260109231208456896_250x250.jpg,https://www.interestprint.com/custom/golf_cart_seat_cover-4792.html
1731,1465,Personalized Baby Feet Name Necklace,Personalized Product,9.79,29.99,20.2,67.4,,https://ipimg.interestprint.com/data/product/1465/img/20210322/20210322003305006151_250x250.png,https://www.interestprint.com/custom/personalized_baby_feet_name_nacklace-1465.html
1732,6017,"Round Wall Clock 14""",Home Decor,9.79,28.99,19.2,66.2,,https://ipimg.interestprint.com/data/product/6017/img/20260727/20260727151030488085_250x250.jpg,https://www.interestprint.com/custom/round_wall_clock_14-6017.html
1733,1030,Women's Custom Socks | Ships from Australia,Australia Fulfillment,9.8,29.99,20.19,67.3,,https://ipimg.interestprint.com/data/product/1030/img/20260110/20260110235200181107_250x250.jpg,https://www.interestprint.com/custom/women_s_custom_socks_au-1030.html
1734,1358,Women's Short Yoga Set(ModelSets 03),Women's Clothing,9.8,67.99,58.19,85.6,,https://ipimg.interestprint.com/data/product/1358/img/20201129/20201129194530416564_250x250.jpg,https://www.interestprint.com/custom/women_s_short_yoga_set_sets_03-1358.html
1735,515,Aquila Canvas Kid's Shoes (Big Kid) (Model 018),Shoes,9.8,49.99,40.19,80.4,,https://ipimg.interestprint.com/data/product/515/img/20170122/20170122210957929557_250x250.jpg,https://www.interestprint.com/custom/aquila_kid_s_canvas_shoes_model018-515.html
1736,4219,Unisex Loose-Fit All-Over Print Hoodie,Women's Clothing,9.82,24.99,15.17,60.7,,https://ipimg.interestprint.com/data/product/4219/img/20250312/20250312220545931288_250x250.jpg,https://www.interestprint.com/custom/all_over_print_loose_fit_unisex_hoodie-4219.html
1737,3048,Women's Spaghetti Strap Dress(NZ002）,Women's Clothing,9.84,31.99,22.15,69.2,,https://ipimg.interestprint.com/data/product/3048/img/20240326/20240326230509012217_250x250.jpg,https://www.interestprint.com/custom/womens_spaghetti_strap_dress-3048.html
1738,5948,Women's Crew Neck Ruffle Short Sleeve Shirt,Women's Clothing,9.86,29.99,20.13,67.1,,https://ipimg.interestprint.com/data/product/5948/img/20260710/20260710094940288069_250x250.jpg,https://www.interestprint.com/custom/women_s_crew_neck_ruffle_short_sleeve_shirt-5948.html
1739,4498,Long Pajama Pants,Women's Clothing,9.87,25.99,16.12,62.0,,https://ipimg.interestprint.com/data/product/4498/img/20250710/20250710191405443985_250x250.jpg,https://www.interestprint.com/custom/custom_long_pajama_pants-4498.html
1740,4584,Men's All-Over Print Cotton T-shirt,All-Over Cotton Collection,9.88,29.99,20.11,67.1,,https://ipimg.interestprint.com/data/product/4584/img/20250805/20250805014826925820_250x250.jpg,https://www.interestprint.com/custom/men_s_all_over_print_cotton_t_shirt_ay001-4584.html
1741,4583,All-Over Print Women's Cotton T-Shirt,All-Over Cotton Collection,9.88,29.99,20.11,67.1,,https://ipimg.interestprint.com/data/product/4583/img/20250805/20250805014813793946_250x250.jpg,https://www.interestprint.com/custom/all_over_print_women_s_cotton_t_shirt-4583.html
1742,4907,Women’s V-Neck Short Sleeve Pajama Set,Women's Clothing,9.88,37.99,28.11,74.0,,https://ipimg.interestprint.com/data/product/4907/img/20251029/20251029233321806294_250x250.jpg,https://www.interestprint.com/custom/women_s_v_neck_short_sleeve_pajama_set-4907.html
1743,3206,Baggy Pocket Dress,Women's Clothing,9.88,23.99,14.11,58.8,,https://ipimg.interestprint.com/data/product/3206/img/20240417/20240417002708416385_250x250.jpg,https://www.interestprint.com/custom/baggy_pocket_dress-3206.html
1744,3598,Bikini Swimsuit (BK2078),Women's Clothing,9.88,20.99,11.11,52.9,,https://ipimg.interestprint.com/data/product/3598/img/20240707/20240707232712051922_250x250.jpg,https://www.interestprint.com/custom/bikini_swimsuit_bk2078-3598.html
1745,2994,Personalized Jewelry Box | Ships from USA,Mother's Day,9.89,19.99,10.1,50.5,,https://ipimg.interestprint.com/data/product/2994/img/20260715/20260715103252343867_250x250.jpg,https://www.interestprint.com/custom/custom_printed_jewelry_box-2994.html
1746,6075,"Cotton Linen Wall Tapestry with Ribbons 40"" x 12"" | Ships from USA",U.S. Fulfillment,9.89,28.99,19.1,65.9,,https://ipimg.interestprint.com/data/product/6075/img/20260819/20260819085919424318_250x250.jpg,https://www.interestprint.com/custom/cotton_linen_wall_tapestry_with_ribbons_40_x_12_ships_from_usa-6075.html
1747,6074,"Cotton Linen Wall Tapestry with Ribbons 12"" x 40"" | Ships from USA",U.S. Fulfillment,9.89,28.99,19.1,65.9,,https://ipimg.interestprint.com/data/product/6074/img/20260819/20260819085957203303_250x250.jpg,https://www.interestprint.com/custom/cotton_linen_wall_tapestry_with_ribbons_12_x_40_ships_from_usa-6074.html
1748,5364,"Gift Wrapping Paper-Coated Paper 58""x 22""（2 Roll） | Ships from USA",U.S. Fulfillment,9.89,25.99,16.1,61.9,,https://ipimg.interestprint.com/data/product/5364/img/20260317/20260317011524672352_250x250.jpg,https://www.interestprint.com/custom/gift_wrapping_paper_coated_paper_58_x_22_2_roll_ships_from_usa-5364.html
1749,5733,Women's Casual V-Neck Dress with Rolled Cuffs,Women's Clothing,9.89,29.99,20.1,67.0,,https://ipimg.interestprint.com/data/product/5733/img/20260528/20260528171435900053_250x250.jpg,https://www.interestprint.com/custom/women_s_casual_v_neck_dress_with_rolled_cuffs-5733.html
1750,2810,Women's Halter Bikini Swimsuit (Model S48),Women's Clothing,9.89,23.99,14.1,58.8,,https://ipimg.interestprint.com/data/product/2810/img/20230712/20230712192131210650_250x250.jpg,https://www.interestprint.com/custom/women_s_halter_bikini_swimsuit_s48-2810.html
1751,941,"Ultra-Soft Micro Fleece Blanket 60"" x 80""",Home Decor,9.89,69.99,60.1,85.9,,https://ipimg.interestprint.com/data/product/941/img/20190307/20190307234429708582_250x250.jpg,https://www.interestprint.com/custom/ultra_soft_micro_fleece_blanket_60_80-941.html
1752,5383,Custom Velcro Slippers,Shoes,9.89,58.99,49.1,83.2,,https://ipimg.interestprint.com/data/product/5383/img/20260319/20260319134958134622_250x250.jpg,https://www.interestprint.com/custom/custom_velcro_slippers-5383.html
1753,2292,"Pom Pom Fringe Blanket40""x50""",Home Decor,9.9,37.99,28.09,73.9,,https://ipimg.interestprint.com/data/product/2292/img/20220104/20220104180359563616_250x250.jpg,https://www.interestprint.com/custom/40_x50-2292.html
1754,4269,Custom All Over Print Strap Dress,Women's Clothing,9.91,31.99,22.08,69.0,,https://ipimg.interestprint.com/data/product/4269/img/20250415/20250415220721165748_250x250.jpg,https://www.interestprint.com/custom/strap_dress-4269.html
1755,5942,Women's Square Neck Mesh Spliced One Piece Swimsuit,Women's Clothing,9.93,29.99,20.06,66.9,,https://ipimg.interestprint.com/data/product/5942/img/20260708/20260708164625434275_250x250.jpg,https://www.interestprint.com/custom/women_s_square_neck_mesh_spliced_one_piece_swimsuit-5942.html
1756,5196,Criss Cross Back One Piece Swimsuit,Women's Clothing,9.93,29.99,20.06,66.9,,https://ipimg.interestprint.com/data/product/5196/img/20260122/20260122233009710371_250x250.jpg,https://www.interestprint.com/custom/criss_cross_back_one_piece_swimsuit-5196.html
1757,5054,Women's Sleeveless Midi Dress,Women's Clothing,9.93,29.99,20.06,66.9,,https://ipimg.interestprint.com/data/product/5054/img/20251217/20251217231143880407_250x250.jpg,https://www.interestprint.com/custom/women_s_sleeveless_midi_dress-5054.html
1758,4657,V-Neck Kaftan Dress,Women's Clothing,9.93,29.99,20.06,66.9,,https://ipimg.interestprint.com/data/product/4657/img/20250905/20250905001540123008_250x250.jpg,https://www.interestprint.com/custom/v_neck_kaftan_dress-4657.html
1759,3492,Bikini Swimsuit (BK2119),Women's Clothing,9.93,21.99,12.06,54.8,,https://ipimg.interestprint.com/data/product/3492/img/20240614/20240614011812131476_250x250.jpg,https://www.interestprint.com/custom/bikini_swimsuit-3492.html
1760,3447,Navel-Baring Cross-Fit Hip Skirt,Women's Clothing,9.93,25.99,16.06,61.8,,https://ipimg.interestprint.com/data/product/3447/img/20240606/20240606012509824453_250x250.jpg,https://www.interestprint.com/custom/navel_baring_cross_fit_hip_skirt-3447.html
1761,3086,Sweetheart Neck Puff Sleeve Dress (B271),Women's Clothing,9.93,23.99,14.06,58.6,,https://ipimg.interestprint.com/data/product/3086/img/20240331/20240331190333056557_250x250.jpg,https://www.interestprint.com/custom/sweetheart_neck_puff_sleeve_dress_b271-3086.html
1762,3703,Yoga Leggings (SY010),Women's Clothing,9.93,20.99,11.06,52.7,,https://ipimg.interestprint.com/data/product/3703/img/20260119/20260119164425731696_250x250.jpg,https://www.interestprint.com/custom/yoga_leggings_sy010-3703.html
1763,3446,Women's Off Shoulder Two-piece Set,Women's Clothing,9.93,25.99,16.06,61.8,,https://ipimg.interestprint.com/data/product/3446/img/20240606/20240606012520550472_250x250.jpg,https://www.interestprint.com/custom/women_s_off_shoulder_two_piece_set-3446.html
1764,6054,Women's Quarter Zip Pullover Sweatshirt,Women's Clothing,9.95,29.99,20.04,66.8,,https://ipimg.interestprint.com/data/product/6054/img/20260810/20260810162925303459_250x250.jpg,https://www.interestprint.com/custom/women_s_quarter_zip_pullover_sweatshirt-6054.html
1765,3073,Men's Shirt and Shorts Outfit,Men's Clothing,9.95,21.99,12.04,54.8,,https://ipimg.interestprint.com/data/product/3073/img/20240327/20240327225709406413_250x250.jpg,https://www.interestprint.com/custom/mens_shirt_and_shorts_outfit-3073.html
1766,3165,Two-piece Swimsuit (OCS2118),Women's Clothing,9.96,25.99,16.03,61.7,,https://ipimg.interestprint.com/data/product/3165/img/20240406/20240406223908778969_250x250.jpg,https://www.interestprint.com/custom/two_piece_swimsuit_ocs2118-3165.html
1767,5787,Women's Casual Cowl Neck Long Sleeve Dress With Pockets,Women's Clothing,9.97,29.99,20.02,66.8,,https://ipimg.interestprint.com/data/product/5787/img/20260609/20260609112812051978_250x250.jpg,https://www.interestprint.com/custom/women_s_casual_cowl_neck_long_sleeve_dress_with_pockets-5787.html
1768,5736,Women's Cardigan & Maxi Dress Two-Piece Set,Women's Clothing,9.97,29.99,20.02,66.8,,https://ipimg.interestprint.com/data/product/5736/img/20260529/20260529112421540844_250x250.jpg,https://www.interestprint.com/custom/women_s_cardigan_maxi_dress_two_piece_set-5736.html
1769,5591,All Over Print Unisex Blanket Hoodie,Home Decor,9.97,29.99,20.02,66.8,,https://ipimg.interestprint.com/data/product/5591/img/20260430/20260430151735870881_250x250.jpg,https://www.interestprint.com/custom/all_over_print_unisex_blanket_hoodie-5591.html
1770,30,Sling Bag (Model 1627),Bags,9.98,32.99,23.01,69.7,,https://ipimg.interestprint.com/data/product/30/img/20220104/20220104223007887214_250x250.jpg,https://www.interestprint.com/custom/sling_bag-30.html
1771,4969,Hanging Door Banners 30×90cm | Ships from USA,Wedding & Party Decor,9.99,29.99,20.0,66.7,,https://ipimg.interestprint.com/data/product/4969/img/20260429/20260429155337732912_250x250.jpg,https://www.interestprint.com/custom/hanging_door_banners_30_90_cm-4969.html
1772,3337,Men's All Over Print Boxer Briefs(3 Panels)(Model L10) | Ships from USA,Valentine's Day,9.99,21.99,12.0,54.6,,https://ipimg.interestprint.com/data/product/3337/img/20260108/20260108003108433663_250x250.jpg,https://www.interestprint.com/custom/men_s_all_over_print_boxer_briefs_model_l10-3337.html
1773,5219,"Custom Kids' Graduation Stole 3.9"" × 53""",Graduation Gifts,9.99,25.99,16.0,61.6,,https://ipimg.interestprint.com/data/product/5219/img/20260127/20260127004627428876_250x250.jpg,https://www.interestprint.com/custom/custom_kids_graduation_stole-5219.html
1774,3006,"Custom Graduation Stoles 6.45"" × 70.8""",Graduation Gifts,9.99,20.99,11.0,52.4,,https://ipimg.interestprint.com/data/product/3006/img/20250204/20250204221200045362_250x250.jpg,https://www.interestprint.com/custom/graduation_stoles-3006.html
1775,2930,Custom Ceramic Mug (15OZ) | Ships from USA,Graduation Gifts,9.99,29.99,20.0,66.7,,https://ipimg.interestprint.com/data/product/2930/img/20260110/20260110042133052814_250x250.jpg,https://www.interestprint.com/custom/custom_ceramic_mug_15oz-2930.html
1776,4586,Folding Clack Fan,Summer Holiday,9.99,35.99,26.0,72.2,,https://ipimg.interestprint.com/data/product/4586/img/20250805/20250805183726643243_250x250.jpg,https://www.interestprint.com/custom/custom_folding_clack_fan-4586.html
1777,5716,"Cotton Linen House Flag 24"" x 36"" (Two Sides) | Ships from USA",U.S. Fulfillment,9.99,29.99,20.0,66.7,,https://ipimg.interestprint.com/data/product/5716/img/20260526/20260526152043724328_250x250.jpg,https://www.interestprint.com/custom/cotton_linen_house_flag_24_x_36_two_sides_ships_from_usa-5716.html
1778,5460,"Acrylic Nigh Light 8"" x 6"" (U-Shaped Maple Base) | Ships from USA",U.S. Fulfillment,9.99,29.99,20.0,66.7,,https://ipimg.interestprint.com/data/product/5460/img/20260413/20260413135338093877_250x250.jpg,https://www.interestprint.com/custom/acrylic_nigh_light_8_x6_u_shaped_maple_base-5460.html
1779,5429,"Acrylic Nigh Light 8"" x 6"" (U-Shaped Walnut Base) | Ships from USA",U.S. Fulfillment,9.99,29.99,20.0,66.7,,https://ipimg.interestprint.com/data/product/5429/img/20260413/20260413135545872981_250x250.jpg,https://www.interestprint.com/custom/acrylic_nigh_light_8_x6_u_shaped_walnut_base-5429.html
1780,5071,Cosmetic Bag (DTF)(22.5*17.5CM)(5-Pack) | Ships from USA,U.S. Fulfillment,9.99,18.99,9.0,47.4,,https://ipimg.interestprint.com/data/product/5071/img/20260110/20260110031647870419_250x250.jpg,https://www.interestprint.com/custom/cosmetic_bag_dtf_22_5_17_5cm_5_pack-5071.html
1781,4910,"Custom Bath Towel 29""x58"" | Ships from USA",U.S. Fulfillment,9.99,27.99,18.0,64.3,,https://ipimg.interestprint.com/data/product/4910/img/20260110/20260110033531517302_250x250.jpg,https://www.interestprint.com/custom/custom_bath_towel_29_x58-4910.html
1782,4893,300-Piece Jigsaw Puzzle (Vertical) | Ships from USA,U.S. Fulfillment,9.99,22.99,13.0,56.5,,https://ipimg.interestprint.com/data/product/4893/img/20260311/20260311181612147857_250x250.jpg,https://www.interestprint.com/custom/300_piece_jigsaw_puzzle_vertical_made_in_usa-4893.html
1783,4761,"House Flag 28"" × 40"" (Twin Sides) | Ships from USA",U.S. Fulfillment,9.99,29.99,20.0,66.7,,https://ipimg.interestprint.com/data/product/4761/img/20260108/20260108010716239523_250x250.jpg,https://www.interestprint.com/custom/house_flag_twin_sides-4761.html
1784,4362,Distressed Baseball Cap(Red Broken Marks) | Ships from USA,U.S. Fulfillment,9.99,25.99,16.0,61.6,,https://ipimg.interestprint.com/data/product/4362/img/20260109/20260109060246594597_250x250.jpg,https://www.interestprint.com/custom/custom_washed_dad_cap_red_broken_marks-4362.html
1785,4361,Distressed Baseball Cap(Black Broken Marks) | Ships from USA,U.S. Fulfillment,9.99,25.99,16.0,61.6,,https://ipimg.interestprint.com/data/product/4361/img/20260109/20260109060232946922_250x250.jpg,https://www.interestprint.com/custom/custom_washed_dad_cap_black_broken_marks-4361.html
1786,4216,Custom Men's Hoodie(Model H03)（Back Printing）| Ships from USA,U.S. Fulfillment,9.99,39.99,30.0,75.0,,https://ipimg.interestprint.com/data/product/4216/img/20260110/20260110035918913830_250x250.jpg,https://www.interestprint.com/custom/custom_men_s_hoodie_model_h03_back_printing-4216.html
1787,4156,Unisex Fleece Sweatpants (Left Printing) | Ships from USA,U.S. Fulfillment,9.99,28.99,19.0,65.5,,https://ipimg.interestprint.com/data/product/4156/img/20260110/20260110041034913723_250x250.jpg,https://www.interestprint.com/custom/custom_unisex_fleece_sweatpants_left_printing-4156.html
1788,3872,Personalized Women's Hoodie(Model H03) | Ships from USA,U.S. Fulfillment,9.99,37.99,28.0,73.7,,https://ipimg.interestprint.com/data/product/3872/img/20260110/20260110040107778181_250x250.jpg,https://www.interestprint.com/custom/personalized_women_s_hoodie-3872.html
1789,3720,"Art Print 20""x16"" | Ships from USA",U.S. Fulfillment,9.99,17.99,8.0,44.5,,https://ipimg.interestprint.com/data/product/3720/img/20260107/20260107212959328732_250x250.jpg,https://www.interestprint.com/custom/art_print_20_x16-3720.html
1790,3713,"Art Print 16""x20"" | Ships from USA",U.S. Fulfillment,9.99,17.99,8.0,44.5,,https://ipimg.interestprint.com/data/product/3713/img/20260107/20260107213552762243_250x250.jpg,https://www.interestprint.com/custom/art_print_16_x20-3713.html
1791,1035,Rectangle Mousepad | Ships from Australia,Australia Fulfillment,9.99,18.99,9.0,47.4,,https://ipimg.interestprint.com/data/product/1035/img/20260111/20260111000144106985_250x250.jpg,https://www.interestprint.com/custom/rectangle_mousepad_au-1035.html
1792,3469,Custom Embroidered Knitted Christmas Stocking,Personalized Product,9.99,28.99,19.0,65.5,,https://ipimg.interestprint.com/data/product/3469/img/20260909/20260909092504739731_250x250.jpg,https://www.interestprint.com/custom/custom_embroidered_knitted_christmas_stocking-3469.html
1793,3327,Personalized Husky Dog Memorial Suncatcher Ornament-89,Personalized Product,9.99,19.99,10.0,50.0,,https://ipimg.interestprint.com/data/product/3327/img/20240520/20240520231258374567_250x250.jpg,https://www.interestprint.com/custom/crescent_moon_dog_pendant_89-3327.html
1794,3326,Personalized Labrador Retriever Dog Memorial Suncatcher Ornament-83,Personalized Product,9.99,19.99,10.0,50.0,,https://ipimg.interestprint.com/data/product/3326/img/20240520/20240520231158750119_250x250.jpg,https://www.interestprint.com/custom/crescent_moon_dog_pendant_83-3326.html
1795,3325,Personalized Labrador Retriever Dog Memorial Suncatcher Ornament-31,Personalized Product,9.99,19.99,10.0,50.0,,https://ipimg.interestprint.com/data/product/3325/img/20240520/20240520231030444102_250x250.jpg,https://www.interestprint.com/custom/crescent_moon_dog_pendant_31-3325.html
1796,3324,Personalized Siberian Husky Dog Memorial Suncatcher Ornament-09,Personalized Product,9.99,19.99,10.0,50.0,,https://ipimg.interestprint.com/data/product/3324/img/20240520/20240520230813920037_250x250.jpg,https://www.interestprint.com/custom/09-3324.html
1797,3323,Personalized Husky Dog Memorial Suncatcher Ornament-08,Personalized Product,9.99,19.99,10.0,50.0,,https://ipimg.interestprint.com/data/product/3323/img/20240520/20240520230607329447_250x250.jpg,https://www.interestprint.com/custom/crescent_moon_dog_pendant_08-3323.html
1798,3080,Suspender Jumpsuit,Women's Clothing,9.99,26.99,17.0,63.0,,https://ipimg.interestprint.com/data/product/3080/img/20240328/20240328234509080070_250x250.jpg,https://www.interestprint.com/custom/suspender_jumpsuit-3080.html
1799,3832,Women's Long Tube Top（Model T84）,Women's Clothing,9.99,15.99,6.0,37.5,,https://ipimg.interestprint.com/data/product/3832/img/20240917/20240917201941908011_250x250.jpg,https://www.interestprint.com/custom/women_s_long_tube_top-3832.html
1800,1707,High Waisted Flounce Bikini Set(ModelS13),Women's Clothing,9.99,45.99,36.0,78.3,,https://ipimg.interestprint.com/data/product/1707/img/20210628/20210628231820772342_250x250.jpg,https://www.interestprint.com/custom/high_waisted_flounce_bikini_set_models13-1707.html
1801,811,Men's All Over Print Beach Shorts (Model L16),Men's Clothing,9.99,35.99,26.0,72.2,,https://ipimg.interestprint.com/data/product/811/img/20240414/20240414184502909426_250x250.jpg,https://www.interestprint.com/custom/men_s_all_over_cropped_pant_model_l16-811.html
1802,5229,Custom Big Kids' Flannel Pajama Short(Model Sets 28),Kid's Clothing,9.99,22.99,13.0,56.5,,https://ipimg.interestprint.com/data/product/5229/img/20260128/20260128183317995845_250x250.jpg,https://www.interestprint.com/custom/custom_big_kids_flannel_pajama_short_model_sets_28-5229.html
1803,2939,Big Boys' Hawaiian Shirt (Model T58),Kid's Clothing,9.99,29.99,20.0,66.7,,https://ipimg.interestprint.com/data/product/2939/img/20231101/20231101004126935480_250x250.jpg,https://www.interestprint.com/custom/big_boys_hawaiian_shirt_model_t58-2939.html
1804,4266,Big Kids' Flannel Pajama Short(Model Sets 28),Kid's Clothing,9.99,22.99,13.0,56.5,,https://ipimg.interestprint.com/data/product/4266/img/20250406/20250406184141194139_250x250.jpg,https://www.interestprint.com/custom/custom_big_kids_flannel_pajama_shorts_sets_28-4266.html
1805,4360,Short Window Curtain 60x18inch,Home Decor,9.99,25.99,16.0,61.6,,https://ipimg.interestprint.com/data/product/4360/img/20250523/20250523011518855570_250x250.jpg,https://www.interestprint.com/custom/short_window_curtain_60x18inch-4360.html
1806,395,"Throw Pillow Cover 18"" x 18"" (Twin Sides)",Home Decor,9.99,19.95,9.96,49.9,,https://ipimg.interestprint.com/data/product/395/img/20170209/20170209191536649318_250x250.jpg,https://www.interestprint.com/custom/throw_pillow_cover_18_x_18_twin_sides-395.html
1807,202,"Throw Pillow Cover 20""x20"" (One Side)",Home Decor,9.99,18.95,8.96,47.3,,https://ipimg.interestprint.com/data/product/202/img/20150730/20150730115150584750_250x250.jpg,https://www.interestprint.com/custom/throw_pillow_cover_20_x20_one_side-202.html
1808,43,"Throw Pillow Cover 16""x16""",Home Decor,9.99,19.95,9.96,49.9,,https://ipimg.interestprint.com/data/product/43/img/20150702/20150702160726330583_250x250.jpg,https://www.interestprint.com/custom/zippered_pillow_case_16_x16-43.html
1809,40,"Throw Pillow Cover 20""x20""",Home Decor,9.99,19.95,9.96,49.9,,https://ipimg.interestprint.com/data/product/40/img/20150702/20150702160806638834_250x250.jpg,https://www.interestprint.com/custom/zippered_pillow_case_20_x20-40.html
1810,3243,New Tote Bag-Large（Model 1651）,Bags,9.99,52.99,43.0,81.1,,https://ipimg.interestprint.com/data/product/3243/img/20240429/20240429232327852527_250x250.jpg,https://www.interestprint.com/custom/leather_tote_bag_large_front_back_printing_1651-3243.html
1811,3242,New Tote Bag-Small (Model 1640）,Bags,9.99,46.99,37.0,78.7,,https://ipimg.interestprint.com/data/product/3242/img/20240423/20240423221955934128_250x250.jpg,https://www.interestprint.com/custom/leather_tote_bag_small_four_sided_splice_printing_1640-3242.html
1812,1127,Canvas Tote Bag(Model 1700)(Small),Bags,9.99,19.99,10.0,50.0,,https://ipimg.interestprint.com/data/product/1127/img/20200116/20200116194024628207_250x250.jpg,https://www.interestprint.com/custom/canvas_tote_bag_small_1700-1127.html
1813,513,Canvas Tote Bag (Model 1657),Bags,9.99,17.99,8.0,44.5,,https://ipimg.interestprint.com/data/product/513/img/20220308/20220308164520333031_250x250.jpg,https://www.interestprint.com/custom/canvas_tote_bag_model1657-513.html
1814,355,Round Messenger Bag (Model 1647),Bags,9.99,39.99,30.0,75.0,,https://ipimg.interestprint.com/data/product/355/img/20160525/20160525201700516258_250x250.jpg,https://www.interestprint.com/custom/round_messenger_bag-355.html
1815,81,Men's Stainless Steel Watch (Model 104),Accessories,9.99,29.99,20.0,66.7,,https://ipimg.interestprint.com/data/product/81/img/20151020/20151020020342560185_250x250.jpg,https://www.interestprint.com/custom/stainless_steel_sport_men_s_watch-81.html
1816,1001,Sublimated Crew Socks | Ships from Australia,Australia Fulfillment,10.0,29.99,19.99,66.7,,https://ipimg.interestprint.com/data/product/1001/img/20260110/20260110235312714708_250x250.jpg,https://www.interestprint.com/custom/sublimated_crew_socks_au-1001.html
1817,1023,Children Artwork Necklace Titanium Steel,Personalized Product,10.0,39.99,29.99,75.0,,https://ipimg.interestprint.com/data/product/1023/img/20190709/20190709042740227831_250x250.jpg,https://www.interestprint.com/custom/children_artwork_necklace-1023.html
1818,973,Photo Engraved Keychain Titanium Steel,Personalized Product,10.0,39.99,29.99,75.0,,https://ipimg.interestprint.com/data/product/973/img/20190411/20190411004926922006_250x250.jpg,https://www.interestprint.com/custom/photo_engraved_keychain_titanium_steel-973.html
1819,952,Personalized Couple Necklace Titanium Steel,Personalized Product,10.0,39.99,29.99,75.0,,https://ipimg.interestprint.com/data/product/952/img/20190325/20190325020926235872_250x250.jpg,https://www.interestprint.com/custom/personalized_couple_necklace_titanium_steel-952.html
1820,951,Personalized Mom Necklace Titanium Steel,Personalized Product,10.0,39.99,29.99,75.0,,https://ipimg.interestprint.com/data/product/951/img/20190325/20190325020544736994_250x250.jpg,https://www.interestprint.com/custom/personalized_mom_necklace_titanium_steel-951.html
1821,950,Personalized Family Necklace Titanium Steel,Personalized Product,10.0,39.99,29.99,75.0,,https://ipimg.interestprint.com/data/product/950/img/20190325/20190325015902576700_250x250.jpg,https://www.interestprint.com/custom/personalized_family_necklace_titanium_steel-950.html
1822,938,Personalized Photo Necklace Titanium Steel,Personalized Product,10.0,39.99,29.99,75.0,,https://ipimg.interestprint.com/data/product/938/img/20190311/20190311233110523520_250x250.jpg,https://www.interestprint.com/custom/personalized_photo_necklace_titanium_steel-938.html
1823,516,Aquila High Top Canvas Kid's Shoes (Big Kid) (Model 017),Shoes,10.0,49.99,39.99,80.0,,https://ipimg.interestprint.com/data/product/516/img/20231030/20231030222612049453_250x250.jpg,https://www.interestprint.com/custom/aquila_high_top_canvas_kid_s_shoes_model017-516.html
1824,1011,3D Printed Photo Titanium Steel Keychain,Personalized Product,10.03,39.99,29.96,74.9,,https://ipimg.interestprint.com/data/product/1011/img/20190612/20190612030109782971_250x250.jpg,https://www.interestprint.com/custom/photo_titanium_steel_keychain-1011.html
1825,5881,Women's High Waist Mermaid Hem Skirt,Women's Clothing,10.04,30.99,20.95,67.6,,https://ipimg.interestprint.com/data/product/5881/img/20260626/20260626112147822094_250x250.jpg,https://www.interestprint.com/custom/women_s_high_waist_mermaid_hem_skirt-5881.html
1826,6073,Women's Satin Lantern Long Sleeve Shirt,Women's Clothing,10.05,30.99,20.94,67.6,,https://ipimg.interestprint.com/data/product/6073/img/20260813/20260813163420219000_250x250.jpg,https://www.interestprint.com/custom/women_s_satin_lantern_long_sleeve_shirt-6073.html
1827,6012,Women's Straight Fit Polo Shirt with Buttons,Women's Clothing,10.08,30.99,20.91,67.5,,https://ipimg.interestprint.com/data/product/6012/img/20260724/20260724172504788905_250x250.jpg,https://www.interestprint.com/custom/women_straight_fit_polo_shirt_with_buttons-6012.html
1828,2340,"Kitchen Mat 48""x17"" | Ships from USA",U.S. Fulfillment,10.09,42.99,32.9,76.5,,https://ipimg.interestprint.com/data/product/2340/img/20260109/20260109180731022108_250x250.jpg,https://www.interestprint.com/custom/kitchen_mat_48_x17-2340.html
1829,4207,Women's Long Sleeve Jumpsuit,Women's Clothing,10.1,25.99,15.89,61.1,,https://ipimg.interestprint.com/data/product/4207/img/20250310/20250310000152658987_250x250.jpg,https://www.interestprint.com/custom/women_s_long_sleeve_jumpsuit-4207.html
1830,3550,Yoga Jumpsuit (XG001),Women's Clothing,10.1,22.99,12.89,56.1,,https://ipimg.interestprint.com/data/product/3550/img/20240626/20240626014758940957_250x250.jpg,https://www.interestprint.com/custom/yoga_jumpsuit-3550.html
1831,3607,Capsule Pet Waterloo,Accessories,10.11,21.99,11.88,54.0,,https://ipimg.interestprint.com/data/product/3607/img/20240709/20240709001053435947_250x250.jpg,https://www.interestprint.com/custom/capsule_pet_waterloo-3607.html
1832,5964,All Over Print Cotton Casual Shorts for Men,All-Over Cotton Collection,10.14,30.99,20.85,67.3,,https://ipimg.interestprint.com/data/product/5964/img/20260714/20260714164555792227_250x250.jpg,https://www.interestprint.com/custom/all_over_print_cotton_casual_shorts_for_men-5964.html
1833,5190,Bikini Set (2063),Women's Clothing,10.14,32.99,22.85,69.3,,https://ipimg.interestprint.com/data/product/5190/img/20260122/20260122193226149175_250x250.jpg,https://www.interestprint.com/custom/bikini_set_2063-5190.html
1834,4911,Women's Long Sleeve Blouse (AY008),Women's Clothing,10.14,25.99,15.85,61.0,,https://ipimg.interestprint.com/data/product/4911/img/20251031/20251031004419050729_250x250.jpg,https://www.interestprint.com/custom/women_s_long_sleeve_blouse_ay008-4911.html
1835,4860,Women's Ruffled Strap Dress,Women's Clothing,10.14,21.99,11.85,53.9,,https://ipimg.interestprint.com/data/product/4860/img/20251020/20251020235544656700_250x250.jpg,https://www.interestprint.com/custom/women_s_ruffled_strap_dress-4860.html
1836,4643,Women's Twist Front Tie Back Swimsuit,Women's Clothing,10.14,35.99,25.85,71.8,,https://ipimg.interestprint.com/data/product/4643/img/20250902/20250902003948424081_250x250.jpg,https://www.interestprint.com/custom/women_s_twist_front_tie_back_swimsuit-4643.html
1837,4332,Men‘s Brushed Hoodie(Front Printing),Men's Clothing,10.14,32.99,22.85,69.3,,https://ipimg.interestprint.com/data/product/4332/img/20250515/20250515010219044816_250x250.jpg,https://www.interestprint.com/custom/men_s_brushed_hoodie-4332.html
1838,4009,Travel Handbag,Bags,10.14,19.99,9.85,49.3,,https://ipimg.interestprint.com/data/product/4009/img/20241127/20241127225222157676_250x250.jpg,https://www.interestprint.com/custom/travel_handbag-4009.html
1839,3562,Plus Size Two-piece Swimsuit (BK2040),Women's Clothing,10.16,21.99,11.83,53.8,,https://ipimg.interestprint.com/data/product/3562/img/20240628/20240628012508442210_250x250.jpg,https://www.interestprint.com/custom/two_piece_swimsuit_large-3562.html
1840,5650,Women's V-Neck Short Sleeve Top with Ruffled Sleeves & Hem,Women's Clothing,10.18,30.99,20.81,67.2,,https://ipimg.interestprint.com/data/product/5650/img/20260518/20260518173801577964_250x250.jpg,https://www.interestprint.com/custom/women_s_v_neck_short_sleeve_top_with_ruffled_sleeves_hem-5650.html
1841,5916,"Peach Skin House Flag 60"" x 96"" (One Side) | Ships from USA",U.S. Fulfillment,10.19,30.99,20.8,67.1,,https://ipimg.interestprint.com/data/product/5916/img/20260702/20260702162733039679_250x250.jpg,https://www.interestprint.com/custom/peach_skin_house_flag_60_x_96_one_side_ships_from_usa-5916.html
1842,5344,"Black Framed Art Print 12"" x 8"" | Ships from USA",U.S. Fulfillment,10.19,25.99,15.8,60.8,,https://ipimg.interestprint.com/data/product/5344/img/20260311/20260311010802332217_250x250.jpg,https://www.interestprint.com/custom/black_framed_art_print_12_x_8_ships_from_usa-5344.html
1843,5338,"Black Framed Art Print 8"" x 12"" | Ships from USA",U.S. Fulfillment,10.19,25.99,15.8,60.8,,https://ipimg.interestprint.com/data/product/5338/img/20260311/20260311010440033135_250x250.jpg,https://www.interestprint.com/custom/black_framed_art_print_8_x_12_ships_from_usa-5338.html
1844,4834,Custom Elastic Fitted Tablecloth 72x30 inch  | Ships from USA,U.S. Fulfillment,10.19,27.99,17.8,63.6,,https://ipimg.interestprint.com/data/product/4834/img/20260109/20260109213733008403_250x250.jpg,https://www.interestprint.com/custom/custom_elastic_fitted_tablecloth_72x30_inch-4834.html
1845,2989,500-Piece Wooden Jigsaw Puzzles (Vertical) | Ships from USA,U.S. Fulfillment,10.19,23.99,13.8,57.5,,https://ipimg.interestprint.com/data/product/2989/img/20260311/20260311180139117203_250x250.jpg,https://www.interestprint.com/custom/500_piece_wooden_jigsaw_puzzles_vertical-2989.html
1846,2990,500-Piece Wooden Jigsaw Puzzles (Horizontal) | Ships from USA,U.S. Fulfillment,10.19,23.99,13.8,57.5,,https://ipimg.interestprint.com/data/product/2990/img/20260311/20260311175947099972_250x250.jpg,https://www.interestprint.com/custom/500_piece_wooden_jigsaw_puzzles_horizontal-2990.html
1847,3339,Women's Plunge Halter Backless Swimsuit (Model S51),Women's Clothing,10.21,27.99,17.78,63.5,,https://ipimg.interestprint.com/data/product/3339/img/20240509/20240509183153030828_250x250.jpg,https://www.interestprint.com/custom/women_s_plunge_halter_backless_swimsuit_s51-3339.html
1848,5218,Backless Yoga Active Tank Tops,Women's Clothing,10.25,25.99,15.74,60.6,,https://ipimg.interestprint.com/data/product/5218/img/20260126/20260126191928577243_250x250.jpg,https://www.interestprint.com/custom/backless_yoga_active_tank_tops-5218.html
1849,4011,Lace Low Cut Backless Cami Pajama Dress (Model D72),Valentine's Day,10.29,26.99,16.7,61.9,,https://ipimg.interestprint.com/data/product/4011/img/20241215/20241215191320453813_250x250.jpg,https://www.interestprint.com/custom/custom_lace_low_cut_backless_cami_dress_d72-4011.html
1850,6065,"Polyester Peach Skin Wall Tapestry with Ribbons 63"" x 20"" | Ships from USA",U.S. Fulfillment,10.29,31.99,21.7,67.8,,https://ipimg.interestprint.com/data/product/6065/img/20260812/20260812160756230844_250x250.jpg,https://www.interestprint.com/custom/polyester_peach_skin_wall_tapestry_with_ribbons_63_x_20_ships_from_usa-6065.html
1851,6064,"Polyester Peach Skin Wall Tapestry with Ribbons 20"" x 63"" | Ships from USA",U.S. Fulfillment,10.29,31.99,21.7,67.8,,https://ipimg.interestprint.com/data/product/6064/img/20260812/20260812161458863087_250x250.jpg,https://www.interestprint.com/custom/polyester_peach_skin_wall_tapestry_with_ribbons_20_x_63_ships_from_usa-6064.html
1852,5585,Custom Sleep Mask | Ships from USA,U.S. Fulfillment,10.29,29.99,19.7,65.7,,https://ipimg.interestprint.com/data/product/5585/img/20260430/20260430085100730387_250x250.jpg,https://www.interestprint.com/custom/custom_sleep_mask-5585.html
1853,5112,"Art Print 40""x30""  | Ships from USA",U.S. Fulfillment,10.29,29.99,19.7,65.7,,https://ipimg.interestprint.com/data/product/5112/img/20260109/20260109015854575346_250x250.jpg,https://www.interestprint.com/custom/art_print_40_x30-5112.html
1854,5089,"Art Print 30""x40"" | Ships from USA",U.S. Fulfillment,10.29,29.99,19.7,65.7,,https://ipimg.interestprint.com/data/product/5089/img/20260109/20260109071249166629_250x250.jpg,https://www.interestprint.com/custom/art_print_30_x40-5089.html
1855,6222,Striped Canvas Tote Bag,Personalized Product,10.29,26.99,16.7,61.9,,https://ipimg.interestprint.com/data/product/6222/img/20260910/20260910170847739391_250x250.jpg,https://www.interestprint.com/custom/embroidered_colorful_canvas_tote_bag-6222.html
1856,6144,Women's Raglan Long Sleeve Sweatshirt with Buttons,Women's Clothing,10.29,30.99,20.7,66.8,,https://ipimg.interestprint.com/data/product/6144/img/20260827/20260827163227099288_250x250.jpg,https://www.interestprint.com/custom/women_s_raglan_long_sleeve_sweatshirt_with_buttons-6144.html
1857,5682,Women's Long Sleeve Curved Hem Shirt ( Model T93 ),Women's Clothing,10.29,30.99,20.7,66.8,,https://ipimg.interestprint.com/data/product/5682/img/20260520/20260520100622123872_250x250.jpg,https://www.interestprint.com/custom/women_s_long_sleeve_curved_hem_shirt_model_t93-5682.html
1858,2542,Women's Oversized Sleep Tee (Model T74),Women's Clothing,10.29,39.99,29.7,74.3,,https://ipimg.interestprint.com/data/product/2542/img/20221109/20221109212526526506_250x250.jpg,https://www.interestprint.com/custom/t_model_t74-2542.html
1859,6006,Custom Men's Crinkle Short Sleeve Shirt ( Model T87 ),Men's Clothing,10.29,29.99,19.7,65.7,,https://ipimg.interestprint.com/data/product/6006/img/20260723/20260723113053810997_250x250.jpg,https://www.interestprint.com/custom/custom_men_s_crinkle_short_leeve_shirt-6006.html
1860,5543,Mandarin Collar Multi-Button Long Sleeve Shirt,Men's Clothing,10.29,30.99,20.7,66.8,,https://ipimg.interestprint.com/data/product/5543/img/20260422/20260422094347720802_250x250.jpg,https://www.interestprint.com/custom/mandarin_collar_multi_button_long_sleeve_shirt-5543.html
1861,5057,Sleeveless High-Low Hem Dress,Women's Clothing,10.3,31.99,21.69,67.8,,https://ipimg.interestprint.com/data/product/5057/img/20251217/20251217231241644855_250x250.jpg,https://www.interestprint.com/custom/sleeveless_high_low_hem_dress-5057.html
1862,5651,Women's Two-piece Bikini Swimsuit,Summer Holiday,10.32,30.99,20.67,66.7,,https://ipimg.interestprint.com/data/product/5651/img/20260513/20260513090836924183_250x250.jpg,https://www.interestprint.com/custom/women_s_two_piece_bikini_swimsuit-5651.html
1863,5203,Deep V-Neck Racerback Cutout Active Crop Tops,Women's Clothing,10.33,25.99,15.66,60.3,,https://ipimg.interestprint.com/data/product/5203/img/20260125/20260125174828254736_250x250.jpg,https://www.interestprint.com/custom/deep_v_neck_racerback_cutout_active_crop_tops-5203.html
1864,5445,Mirror Cover,Accessories,10.33,28.99,18.66,64.4,,https://ipimg.interestprint.com/data/product/5445/img/20260407/20260407140457120876_250x250.jpg,https://www.interestprint.com/custom/mirror_cover-5445.html
1865,3079,Baggy Suspender Jumpsuit,Women's Clothing,10.34,25.99,15.65,60.2,,https://ipimg.interestprint.com/data/product/3079/img/20240328/20240328234523101719_250x250.jpg,https://www.interestprint.com/custom/baggy_suspender_jumpsuit-3079.html
1866,5436,Mesh Full Face Mask | Ships from USA,Halloween Decor,10.35,31.99,21.64,67.6,,https://ipimg.interestprint.com/data/product/5436/img/20260407/20260407172317898512_250x250.jpg,https://www.interestprint.com/custom/mesh_full_face_mask-5436.html
1867,5437,Custom Neck Gaiter | Ships from USA,Halloween Decor,10.35,31.99,21.64,67.6,,https://ipimg.interestprint.com/data/product/5437/img/20260407/20260407133158819431_250x250.jpg,https://www.interestprint.com/custom/custom_neck_gaiter-5437.html
1868,2267,Sleeveless Tank Dress with Pockets (ModelD57),Mother's Day,10.35,38.99,28.64,73.5,,https://ipimg.interestprint.com/data/product/2267/img/20240217/20240217181115878428_250x250.jpg,https://www.interestprint.com/custom/sleeveless_tank_dress_with_pockets_modeld57-2267.html
1869,5438,Custom Balaclava | Ships from USA,U.S. Fulfillment,10.35,31.99,21.64,67.6,,https://ipimg.interestprint.com/data/product/5438/img/20260407/20260407135328729926_250x250.jpg,https://www.interestprint.com/custom/custom_balaclava-5438.html
1870,5864,Women's Ruffled Cami Top & Shorts Pajama Set,Women's Clothing,10.35,30.99,20.64,66.6,,https://ipimg.interestprint.com/data/product/5864/img/20260623/20260623164812260179_250x250.jpg,https://www.interestprint.com/custom/women_s_ruffled_cami_top_shorts_pajama_set-5864.html
1871,5592,Custom Women's Beach Swim Cover Up,Women's Clothing,10.35,30.99,20.64,66.6,,https://ipimg.interestprint.com/data/product/5592/img/20260430/20260430161153173163_250x250.png,https://www.interestprint.com/custom/custom_women_s_beach_swim_cover_up-5592.html
1872,5340,Women's V-neck Ruffle Sleeve One Piece Swimsuit,Women's Clothing,10.35,32.99,22.64,68.6,,https://ipimg.interestprint.com/data/product/5340/img/20260310/20260310194609899515_250x250.jpg,https://www.interestprint.com/custom/women_s_v_neck_ruffle_sleeve_one_piece_swimsuit-5340.html
1873,3179,Oversize Batwing Sleeves Shape Dress,Women's Clothing,10.35,25.99,15.64,60.2,,https://ipimg.interestprint.com/data/product/3179/img/20240410/20240410175432521754_250x250.jpg,https://www.interestprint.com/custom/oversize_batwing_sleeves_shape_dress-3179.html
1874,3497,Bikini Swimsuit (F2020-4),Women's Clothing,10.35,22.99,12.64,55.0,,https://ipimg.interestprint.com/data/product/3497/img/20240614/20240614011708902065_250x250.jpg,https://www.interestprint.com/custom/bikini_swimsuit-3497.html
1875,4261,Custom Digital Oil Painting（60×75cm）,Wall Art,10.35,25.99,15.64,60.2,,https://ipimg.interestprint.com/data/product/4261/img/20250331/20250331184945431467_250x250.jpg,https://www.interestprint.com/custom/custom_digital_oil_painting_60_75cm-4261.html
1876,6130,Front Car Floor Mats ( 2-Piece Set ) | Ships from USA,U.S. Fulfillment,10.39,30.99,20.6,66.5,,https://ipimg.interestprint.com/data/product/6130/img/20260825/20260825163114846184_250x250.jpg,https://www.interestprint.com/custom/front_car_floor_mats_2_piece_set_ships_from_usa-6130.html
1877,6128,Front Car Floor Mats ( 2-Piece Set ) | Ships from USA,U.S. Fulfillment,10.39,30.99,20.6,66.5,,https://ipimg.interestprint.com/data/product/6128/img/20260825/20260825163238491186_250x250.jpg,https://www.interestprint.com/custom/front_car_floor_mats_2_piece_set_ships_from_usa-6128.html
1878,5015,"Rectangular Tablecloth 70"" x 55"" | Ships from USA",U.S. Fulfillment,10.39,26.99,16.6,61.5,,https://ipimg.interestprint.com/data/product/5015/img/20260109/20260109203159574944_250x250.jpg,https://www.interestprint.com/custom/rectangular_tablecloth_70_x_55-5015.html
1879,5684,Women's Round Neck Medium Sleeve Ruched Dress,Women's Clothing,10.39,31.99,21.6,67.5,,https://ipimg.interestprint.com/data/product/5684/img/20260522/20260522104548735769_250x250.jpg,https://www.interestprint.com/custom/women_s_round_neck_medium_sleeve_ruched_dress-5684.html
1880,3493,One-piece Swimsuit (SDS2003),Women's Clothing,10.39,23.99,13.6,56.7,,https://ipimg.interestprint.com/data/product/3493/img/20240614/20240614011759253152_250x250.jpg,https://www.interestprint.com/custom/one_piece_swimsuit-3493.html
1881,4778,Women's Long Sleeve 1/4 Zip Quick Dry Shirt,Women's Clothing,10.39,22.99,12.6,54.8,,https://ipimg.interestprint.com/data/product/4778/img/20250929/20250929015737862760_250x250.jpg,https://www.interestprint.com/custom/women_s_long_sleeve_1_4_zip_quick_dry_shirt-4778.html
1882,4274,Women's Spaghetti Strap Shorts Pajama Sets,Women's Clothing,10.39,31.99,21.6,67.5,,https://ipimg.interestprint.com/data/product/4274/img/20250409/20250409202700238622_250x250.jpg,https://www.interestprint.com/custom/women_s_spaghetti_strap_shorts_pajama_sets-4274.html
1883,5458,Men's Hooded Jumpsuit,Men's Clothing,10.39,38.99,28.6,73.4,,https://ipimg.interestprint.com/data/product/5458/img/20260410/20260410103036022037_250x250.jpg,https://www.interestprint.com/custom/men_s_hooded_jumpsuit-5458.html
1884,4205,Off-Shoulder Hooded Dress,Women's Clothing,10.4,25.99,15.59,60.0,,https://ipimg.interestprint.com/data/product/4205/img/20250304/20250304223647101236_250x250.jpg,https://www.interestprint.com/custom/off_shoulder_hooded_dress-4205.html
1885,3105,Split Skirt Swimsuit (QZ6081),Women's Clothing,10.4,25.99,15.59,60.0,,https://ipimg.interestprint.com/data/product/3105/img/20240331/20240331190238942896_250x250.jpg,https://www.interestprint.com/custom/split_skirt_swimsuit_qz6081-3105.html
1886,4613,Circle Acrylic Ornament | Ships from USA,U.S. Fulfillment,10.41,25.99,15.58,59.9,,https://ipimg.interestprint.com/data/product/4613/img/20260109/20260109051121301901_250x250.jpg,https://www.interestprint.com/custom/circle_acrylic_ornament-4613.html
1887,4611,Square Acrylic Ornament | Ships from USA,U.S. Fulfillment,10.41,25.99,15.58,59.9,,https://ipimg.interestprint.com/data/product/4611/img/20260109/20260109051715458037_250x250.jpg,https://www.interestprint.com/custom/square_acrylic_ornament-4611.html
1888,4610,Heart Shape Acrylic Ornament | Ships from USA,U.S. Fulfillment,10.41,25.99,15.58,59.9,,https://ipimg.interestprint.com/data/product/4610/img/20260109/20260109051903859674_250x250.jpg,https://www.interestprint.com/custom/heart_shape_acrylic_ornament-4610.html
1889,3211,Car Pillow Set of 2,Accessories,10.41,19.99,9.58,47.9,,https://ipimg.interestprint.com/data/product/3211/img/20240417/20240417002614147148_250x250.jpg,https://www.interestprint.com/custom/car_pillow_set_of_2-3211.html
1890,5209,Back Slit Active Crop Tops,Women's Clothing,10.44,27.99,17.55,62.7,,https://ipimg.interestprint.com/data/product/5209/img/20260126/20260126010241709789_250x250.jpg,https://www.interestprint.com/custom/back_slit_active_crop_tops-5209.html
1891,6136,Women's V‑Neck Long‑Sleeve Casual Shirt,Women's Clothing,10.47,30.99,20.52,66.2,,https://ipimg.interestprint.com/data/product/6136/img/20260826/20260826150650482605_250x250.jpg,https://www.interestprint.com/custom/women_s_v_neck_long_sleeve_casual_shirt-6136.html
1892,6014,Women's Full-Zip Hoodie,Women's Clothing,10.47,31.99,21.52,67.3,,https://ipimg.interestprint.com/data/product/6014/img/20260728/20260728161501536216_250x250.jpg,https://www.interestprint.com/custom/women_s_full_zip_hoodie-6014.html
1893,6086,"Yard Sign 12"" x 18"" ( Stand Not Included & Two-Sided Same Print ) | Ships from USA",Wedding & Party Decor,10.49,30.99,20.5,66.2,,https://ipimg.interestprint.com/data/product/6086/img/20260817/20260817161415502244_250x250.jpg,https://www.interestprint.com/custom/yard_sign_12_x_18_stand_not_included_two_sided_same_print_ships_from_usa-6086.html
1894,6088,"Yard Sign 18"" x 12"" ( Stand Not Included & Two-Sided Same Print ) | Ships from USA",Wedding & Party Decor,10.49,30.99,20.5,66.2,,https://ipimg.interestprint.com/data/product/6088/img/20260817/20260817161227472402_250x250.jpg,https://www.interestprint.com/custom/yard_sign_18_x_12_stand_not_included_two_sided_same_print_ships_from_usa-6088.html
1895,6019,Lace Chair Back Decor ( Set of 2 ),Wedding & Party Decor,10.49,29.99,19.5,65.0,,https://ipimg.interestprint.com/data/product/6019/img/20260730/20260730111542760266_250x250.jpg,https://www.interestprint.com/custom/lace_chair_back_decor_set_of_2-6019.html
1896,5892,"Lace Hanging Tapestry 15"" x 50""",Wedding & Party Decor,10.49,31.99,21.5,67.2,,https://ipimg.interestprint.com/data/product/5892/img/20260629/20260629140806452344_250x250.jpg,https://www.interestprint.com/custom/lace_hanging_tapestry_15_x_50-5892.html
1897,5224,"Cotton Linen Wall Tapestry 24""x 75"" | Ships from USA",Wedding & Party Decor,10.49,29.99,19.5,65.0,,https://ipimg.interestprint.com/data/product/5224/img/20260128/20260128181007594676_250x250.jpg,https://www.interestprint.com/custom/cotton_linen_wall_tapestry_24_x_75_ships_from_usa-5224.html
1898,5472,Semi Circle Flag 47 x 23.6 inch | Ships from USA,Wedding & Party Decor,10.49,26.99,16.5,61.1,,https://ipimg.interestprint.com/data/product/5472/img/20260813/20260813102634356619_250x250.jpg,https://www.interestprint.com/custom/semi_circle_flag_47_x_23_6_inch_ships_from_usa-5472.html
1899,4118,Custom White Mug(11OZ)(Set of 2) | Ships from USA,Valentine's Day,10.49,30.99,20.5,66.2,,https://ipimg.interestprint.com/data/product/4118/img/20260110/20260110041907595442_250x250.jpg,https://www.interestprint.com/custom/custom_white_mug_11oz_set_of_2_us02-4118.html
1900,5506,"Adult Graduation Stole 5"" × 78"" | Ships from USA",Graduation Gifts,10.49,19.99,9.5,47.5,,https://ipimg.interestprint.com/data/product/5506/img/20260507/20260507100716884893_250x250.jpg,https://www.interestprint.com/custom/adult_graduation_stole_5x78inch_que-5506.html
1901,4306,Garden Flag 28''x 40''(One Side Printing) | Ships from USA,Graduation Gifts,10.49,30.99,20.5,66.2,,https://ipimg.interestprint.com/data/product/4306/img/20260108/20260108010914473229_250x250.jpg,https://www.interestprint.com/custom/custom_garden_flag_28_x_40_one_side_printing-4306.html
1902,5131,600ml Insulated Water Bottle with Handle | Ships from USA,Summer Holiday,10.49,37.99,27.5,72.4,,https://ipimg.interestprint.com/data/product/5131/img/20260111/20260111173222412111_250x250.jpg,https://www.interestprint.com/custom/600ml_insulated_water_bottle_with_handle-5131.html
1903,6036,"Luggage Cover 22"" x 25"" ( Medium ) | Ships from USA",U.S. Fulfillment,10.49,31.99,21.5,67.2,,https://ipimg.interestprint.com/data/product/6036/img/20260807/20260807113956289854_250x250.jpg,https://www.interestprint.com/custom/luggage_cover_22_x_25_medium_ships_from_usa-6036.html
1904,5895,"Beach Towel 29"" x 58"" (2-Pack, Customized Separately) | Ships from USA",U.S. Fulfillment,10.49,31.99,21.5,67.2,,https://ipimg.interestprint.com/data/product/5895/img/20260629/20260629165051594752_250x250.jpg,https://www.interestprint.com/custom/beach_towel_29_x_58_2_pack_customized_separately_ships_from_usa-5895.html
1905,5887,"Beach Towel 29"" x 58"" (2-Pack) | Ships from USA",U.S. Fulfillment,10.49,29.99,19.5,65.0,,https://ipimg.interestprint.com/data/product/5887/img/20260629/20260629165336619638_250x250.jpg,https://www.interestprint.com/custom/beach_towel_29_x_58_2_pack_ships_from_usa-5887.html
1906,5130,600ml Insulated Water Bottle with Chug Cap | Ships from USA,U.S. Fulfillment,10.49,38.99,28.5,73.1,,https://ipimg.interestprint.com/data/product/5130/img/20260111/20260111193455063900_250x250.jpg,https://www.interestprint.com/custom/600ml_insulated_water_bottle_with_chug_cap-5130.html
1907,4199,Shower Curtain 48x72inch | Ships from USA,U.S. Fulfillment,10.49,36.99,26.5,71.6,,https://ipimg.interestprint.com/data/product/4199/img/20260109/20260109183715930872_250x250.jpg,https://www.interestprint.com/custom/custom_shower_curtain_48x72inch-4199.html
1908,4073,Big Boys' All Over Print Crew Neck T-Shirt(T40-2)  | Ships from USA,U.S. Fulfillment,10.49,31.99,21.5,67.2,,https://ipimg.interestprint.com/data/product/4073/img/20260109/20260109214945450610_250x250.jpg,https://www.interestprint.com/custom/big_boys_all_over_print_crew_neck_t_shirt_t40_2-4073.html
1909,5696,"Custom Flannel Blanket 50"" × 60"" ( Double-Sided Print )",Home Decor,10.49,31.99,21.5,67.2,,https://ipimg.interestprint.com/data/product/5696/img/20260521/20260521170437694874_250x250.png,https://www.interestprint.com/custom/custom_flannel_blanket_50_60_double_sided_print-5696.html
1910,353,Classic Saddle Bag (Model 1648) (Small),Bags,10.49,47.99,37.5,78.1,,https://ipimg.interestprint.com/data/product/353/img/20160520/20160520024153899476_250x250.jpg,https://www.interestprint.com/custom/saddle_bag_model648_big-353.html
1911,349,Saddle Bag (Model 1649) (Big),Bags,10.49,49.99,39.5,79.0,,https://ipimg.interestprint.com/data/product/349/img/20160520/20160520233347339078_250x250.jpg,https://www.interestprint.com/custom/saddle_bag_model1649_big-349.html
1912,5542,Mandarin Collar Multi-Button Long Sleeve Shirt,Men's Clothing,10.5,30.99,20.49,66.1,,https://ipimg.interestprint.com/data/product/5542/img/20260423/20260423150645521977_250x250.jpg,https://www.interestprint.com/custom/mandarin_collar_multi_button_long_sleeve_shirt-5542.html
1913,4000,Men's Hoodie with Mask,Halloween Decor,10.52,28.99,18.47,63.7,,https://ipimg.interestprint.com/data/product/4000/img/20241120/20241120000222709215_250x250.jpg,https://www.interestprint.com/custom/men_s_hoodie_with_mask-4000.html
1914,3504,Drawstring  Slit Hem Dress,Women's Clothing,10.52,22.99,12.47,54.2,,https://ipimg.interestprint.com/data/product/3504/img/20240617/20240617194624659886_250x250.jpg,https://www.interestprint.com/custom/drawstring_slit_hem_dress-3504.html
1915,3496,Bikini Swimsuit (BK2139),Women's Clothing,10.52,23.99,13.47,56.1,,https://ipimg.interestprint.com/data/product/3496/img/20240614/20240614011721986362_250x250.jpg,https://www.interestprint.com/custom/bikini_swimsuit-3496.html
1916,4338,Women's Wide Waist Yoga Cropped Leggings,Women's Clothing,10.52,26.99,16.47,61.0,,https://ipimg.interestprint.com/data/product/4338/img/20250516/20250516010949870308_250x250.jpg,https://www.interestprint.com/custom/custom_high_waist_yoga_active_cropped_pants-4338.html
1917,4062,Women's Button Up Shirt  Dress,Women's Clothing,10.52,26.99,16.47,61.0,,https://ipimg.interestprint.com/data/product/4062/img/20241219/20241219181347317305_250x250.jpg,https://www.interestprint.com/custom/women_s_button_up_shirt_dress-4062.html
1918,5766,Men's Crew Neck Regular Fit Tracksuit with Pockets,Men's Clothing,10.53,32.99,22.46,68.1,,https://ipimg.interestprint.com/data/product/5766/img/20260604/20260604134358758229_250x250.jpg,https://www.interestprint.com/custom/men_s_crew_neck_regular_fit_tracksuit_with_pockets-5766.html
1919,4080,Custom Camping Cooler,Bags,10.54,25.99,15.45,59.4,,https://ipimg.interestprint.com/data/product/4080/img/20241224/20241224211102595316_250x250.jpg,https://www.interestprint.com/custom/camping_ice_pack_a018-4080.html
1920,3667,Suspender Sleeveless Dress (KQ),Women's Clothing,10.55,22.99,12.44,54.1,,https://ipimg.interestprint.com/data/product/3667/img/20240718/20240718015438739053_250x250.jpg,https://www.interestprint.com/custom/suspender_sleeveless_dress_kq-3667.html
1921,3566,Bikini Swimsuit (BK2086),Women's Clothing,10.55,22.99,12.44,54.1,,https://ipimg.interestprint.com/data/product/3566/img/20240628/20240628012624290404_250x250.jpg,https://www.interestprint.com/custom/bikini_swimsuit-3566.html
1922,3170,Short Sleeve Round-neck Long Dress,Women's Clothing,10.55,25.99,15.44,59.4,,https://ipimg.interestprint.com/data/product/3170/img/20240406/20240406223821520924_250x250.jpg,https://www.interestprint.com/custom/short_sleeve_round_neck_long_dress-3170.html
1923,4740,Youth Fleece Hooded Cape,Halloween Decor,10.56,22.99,12.43,54.1,,https://ipimg.interestprint.com/data/product/4740/img/20250922/20250922203909492372_250x250.jpg,https://www.interestprint.com/custom/youth_fleece_hooded_cape-4740.html
1924,4862,Crew Neck Sleeveless Dress,Women's Clothing,10.56,22.99,12.43,54.1,,https://ipimg.interestprint.com/data/product/4862/img/20251020/20251020235352425824_250x250.jpg,https://www.interestprint.com/custom/crew_neck_sleeveless_dress-4862.html
1925,3511,Women's Sweetheart Dresses,Women's Clothing,10.56,21.99,11.43,52.0,,https://ipimg.interestprint.com/data/product/3511/img/20240617/20240617194932745164_250x250.jpg,https://www.interestprint.com/custom/women_s_sweetheart_dresses-3511.html
1926,3887,All Over Print Pleated Skirt,Women's Clothing,10.56,22.99,12.43,54.1,,https://ipimg.interestprint.com/data/product/3887/img/20241015/20241015010624775579_250x250.jpg,https://www.interestprint.com/custom/all_over_print_pleated_skirt-3887.html
1927,3352,Bodycon Strapless Dress,Women's Clothing,10.56,21.99,11.43,52.0,,https://ipimg.interestprint.com/data/product/3352/img/20241030/20241030182950867380_250x250.jpg,https://www.interestprint.com/custom/tulip_hem_pencil_skirt-3352.html
1928,3591,Yoga Set (YJ052),Women's Clothing,10.58,21.99,11.41,51.9,,https://ipimg.interestprint.com/data/product/3591/img/20240705/20240705004809434715_250x250.jpg,https://www.interestprint.com/custom/yoga_set_yj052-3591.html
1929,3565,One-piece Swimsuit (LT3154),Women's Clothing,10.58,22.99,12.41,54.0,,https://ipimg.interestprint.com/data/product/3565/img/20240628/20240628012605698157_250x250.jpg,https://www.interestprint.com/custom/one_piece_swimsuit-3565.html
1930,6028,Men's Sleeveless T-Shirt ( Model T95 ) | Ships from USA,U.S. Fulfillment,10.59,29.99,19.4,64.7,,https://ipimg.interestprint.com/data/product/6028/img/20260730/20260730161524036594_250x250.jpg,https://www.interestprint.com/custom/men_s_sleeveless_t_shirt_model_t95_ships_from_usa-6028.html
1931,5501,Car Trunk Mat 100 × 75 cm | Ships from USA,U.S. Fulfillment,10.59,39.99,29.4,73.5,,https://ipimg.interestprint.com/data/product/5501/img/20260417/20260417160326817089_250x250.jpg,https://www.interestprint.com/custom/car_trunk_mat-5501.html
1932,2372,"Ultra-Soft Micro Fleece Blanket 32""x48"" | Ships from USA",U.S. Fulfillment,10.59,34.99,24.4,69.7,,https://ipimg.interestprint.com/data/product/2372/img/20260109/20260109080906204698_250x250.jpg,https://www.interestprint.com/custom/ultra_soft_micro_fleece_blanket_32x48-2372.html
1933,486,Women's One Piece Boyleg Swimsuit (Model S03),Women's Clothing,10.59,45.99,35.4,77.0,,https://ipimg.interestprint.com/data/product/486/img/20180517/20180517030140997611_250x250.png,https://www.interestprint.com/custom/women_s_one_piece_boyleg_swimsuit-486.html
1934,583,Classic Tote Bag (Model1661),Bags,10.59,45.99,35.4,77.0,,https://ipimg.interestprint.com/data/product/583/img/20170515/20170515205714877440_250x250.jpg,https://www.interestprint.com/custom/2017_classic_tote_bag_model1661-583.html
1935,5513,Women's Faux Fur Trim Indoor Slippers,Shoes,10.59,26.99,16.4,60.8,,https://ipimg.interestprint.com/data/product/5513/img/20260418/20260418102900293002_250x250.jpg,https://www.interestprint.com/custom/women_s_faux_fur_trim_indoor_slippers-5513.html
1936,5512,Men's Faux Fur Trim Indoor Slippers,Shoes,10.59,26.99,16.4,60.8,,https://ipimg.interestprint.com/data/product/5512/img/20260418/20260418114347055971_250x250.jpg,https://www.interestprint.com/custom/men_s_faux_fur_trim_indoor_slippers-5512.html
1937,5511,Women's Faux Fur Lined Indoor Slippers,Shoes,10.59,26.99,16.4,60.8,,https://ipimg.interestprint.com/data/product/5511/img/20260418/20260418105755735759_250x250.jpg,https://www.interestprint.com/custom/women_s_faux_fur_lined_indoor_slippers-5511.html
1938,5510,Men's Faux Fur Lined Indoor Slippers,Shoes,10.59,26.99,16.4,60.8,,https://ipimg.interestprint.com/data/product/5510/img/20260418/20260418121009105998_250x250.jpg,https://www.interestprint.com/custom/men_s_faux_fur_lined_indoor_slippers-5510.html
1939,5931,All Over Print Cotton Women's Collared Short Sleeve Shirt With Chest Pocket,All-Over Cotton Collection,10.6,30.99,20.39,65.8,,https://ipimg.interestprint.com/data/product/5931/img/20260706/20260706172238198123_250x250.jpg,https://www.interestprint.com/custom/all_over_print_cotton_women_s_collared_short_sleeve_shirt_with_chest_pocket-5931.html
1940,3623,Women's Hoodie with Seven-Quarter Sleeves,Women's Clothing,10.6,25.99,15.39,59.2,,https://ipimg.interestprint.com/data/product/3623/img/20240710/20240710232947503564_250x250.jpg,https://www.interestprint.com/custom/women_s_hoodie_with_seven_quarter_sleeves-3623.html
1941,3237,Adults Belted Long Robe,Men's Clothing,10.6,25.99,15.39,59.2,,https://ipimg.interestprint.com/data/product/3237/img/20240422/20240422015330857350_250x250.jpg,https://www.interestprint.com/custom/adults_belted_long_robe-3237.html
1942,1498,"Ultra-Soft Mixed Green Fringe Blanket 30""x40""",Home Decor,10.6,49.99,39.39,78.8,,https://ipimg.interestprint.com/data/product/1498/img/20210412/20210412193150799158_250x250.jpg,https://www.interestprint.com/custom/ultra_soft_mixed_green_fringe_blanket_30x40_inch-1498.html
1943,5998,Custom License Plate | Ships from USA,U.S. Fulfillment,10.61,31.99,21.38,66.8,,https://ipimg.interestprint.com/data/product/5998/img/20260721/20260721163725852988_250x250.jpg,https://www.interestprint.com/custom/custom_license_plate_ships_from_usa-5998.html
1944,5723,Women's Long-sleeved V-neck Dress,Women's Clothing,10.61,31.99,21.38,66.8,,https://ipimg.interestprint.com/data/product/5723/img/20260527/20260527133420110465_250x250.jpg,https://www.interestprint.com/custom/women_s_long_sleeved_v_neck_dress-5723.html
1945,5570,Women's Collared Short Sleeve Pajama Set,Women's Clothing,10.61,31.99,21.38,66.8,,https://ipimg.interestprint.com/data/product/5570/img/20260428/20260428105422814855_250x250.jpg,https://www.interestprint.com/custom/women_s_collared_short_sleeve_pajama_set-5570.html
1946,5264,Women’s Off-Shoulder Ruffle One-Piece Swimsuit,Women's Clothing,10.61,32.99,22.38,67.8,,https://ipimg.interestprint.com/data/product/5264/img/20260211/20260211002320798895_250x250.jpg,https://www.interestprint.com/custom/women_s_off_shoulder_ruffle_one_piece_swimsuit-5264.html
1947,4430,Women Long Sleeve Two-piece Swimsuit,Women's Clothing,10.61,35.99,25.38,70.5,,https://ipimg.interestprint.com/data/product/4430/img/20250618/20250618020026807978_250x250.jpg,https://www.interestprint.com/custom/women_long_sleeve_two_piece_swimsuit-4430.html
1948,4005,Men's Sun Protection Hoodie,Men's Clothing,10.61,26.99,16.38,60.7,,https://ipimg.interestprint.com/data/product/4005/img/20241121/20241121010417293295_250x250.jpg,https://www.interestprint.com/custom/men_s_sun_protection_hoodie-4005.html
1949,4717,"Custom 3-Piece Bedding Set (68"" x 90"")",Home Decor,10.61,23.99,13.38,55.8,,https://ipimg.interestprint.com/data/product/4717/img/20250918/20250918020448011668_250x250.jpg,https://www.interestprint.com/custom/custom_3_piece_bedding_set_68x90_cm-4717.html
1950,4335,Women's High Waist Pockets Yoga Leggings,Women's Clothing,10.62,25.99,15.37,59.1,,https://ipimg.interestprint.com/data/product/4335/img/20250514/20250514233031453747_250x250.jpg,https://www.interestprint.com/custom/custom_pocket_yoga_active_cropped_pants-4335.html
1951,3468,Backless Long Sleeve One-Piece Swimsuit (Model S60),Summer Holiday,10.63,31.99,21.36,66.8,,https://ipimg.interestprint.com/data/product/3468/img/20240611/20240611021229877977_250x250.jpg,https://www.interestprint.com/custom/backless_long_sleeve_one_piece_swimsuit-3468.html
1952,1448,Personalized Engraved Calendar Keychain,Personalized Product,10.64,24.99,14.35,57.4,,https://ipimg.interestprint.com/data/product/1448/img/20210310/20210310004731716150_250x250.png,https://www.interestprint.com/custom/personalised_engraved_calendar_keychain-1448.html
1953,1447,Personalized Engraved Calendar Keychain With Color Photo,Personalized Product,10.64,27.99,17.35,62.0,,https://ipimg.interestprint.com/data/product/1447/img/20210324/20210324022857809667_250x250.jpg,https://www.interestprint.com/custom/personalised_engraved_keychain-1447.html
1954,3420,Custom Acrylic Plaque Picture Frame With Light,Home Decor,10.67,31.99,21.32,66.6,,https://ipimg.interestprint.com/data/product/3420/img/20240603/20240603000828748126_250x250.jpg,https://www.interestprint.com/custom/custom_acrylic_plaque_picture_frame_with_light-3420.html
1955,6147,"Cotton Linen Wall Tapestry 30"" x 80"" | Ships from USA",U.S. Fulfillment,10.69,30.99,20.3,65.5,,https://ipimg.interestprint.com/data/product/6147/img/20260901/20260901170117111313_250x250.jpg,https://www.interestprint.com/custom/cotton_linen_wall_tapestry_30_x_80_ships_from_usa-6147.html
1956,5122,Towel 40x60cm (4-Pack)(Customizable Separately) | Ships from USA,U.S. Fulfillment,10.69,28.99,18.3,63.1,,https://ipimg.interestprint.com/data/product/5122/img/20260108/20260108214856083340_250x250.jpg,https://www.interestprint.com/custom/towel_40x60cm_4_pack_customizable_separately-5122.html
1957,4978,"Frame Canvas Print 18"" x 12"" | Ships from USA",U.S. Fulfillment,10.69,32.99,22.3,67.6,,https://ipimg.interestprint.com/data/product/4978/img/20260109/20260109005303351100_250x250.jpg,https://www.interestprint.com/custom/frame_canvas_print_18_x_12-4978.html
1958,4933,"Frame Canvas Print 12"" x 18"" | Ships from USA",U.S. Fulfillment,10.69,32.99,22.3,67.6,,https://ipimg.interestprint.com/data/product/4933/img/20260109/20260109010721825280_250x250.jpg,https://www.interestprint.com/custom/frame_canvas_print_12_x_18-4933.html
1959,681,Men's All Over Print Fuzzy Sweatshirt (Model H18),Men's Clothing,10.69,31.99,21.3,66.6,,https://ipimg.interestprint.com/data/product/681/img/20180129/20180129013247500145_250x250.png,https://www.interestprint.com/custom/men_s_all_over_print_crewneck_sweatshirt-681.html
1960,3072,Long Sleeve High Neck Long Dress,Women's Clothing,10.72,22.99,12.27,53.4,,https://ipimg.interestprint.com/data/product/3072/img/20240327/20240327192900950135_250x250.jpg,https://www.interestprint.com/custom/long_sleeve_high_neck_long_dress-3072.html
1961,4667,All Over Print Long Sleeve Cotton T-shirt,All-Over Cotton Collection,10.76,35.99,25.23,70.1,,https://ipimg.interestprint.com/data/product/4667/img/20250910/20250910014447485976_250x250.jpg,https://www.interestprint.com/custom/all_over_print_long_sleeve_cotton_t_shirt-4667.html
1962,4646,All-Over Print Women's Cotton Pajama Pants,All-Over Cotton Collection,10.76,31.99,21.23,66.4,,https://ipimg.interestprint.com/data/product/4646/img/20250902/20250902003920094193_250x250.jpg,https://www.interestprint.com/custom/all_over_print_women_s_cotton_pajama_pants-4646.html
1963,6219,Women's Off-the-shoulder Sweater,Women's Clothing,10.76,30.99,20.23,65.3,,https://ipimg.interestprint.com/data/product/6219/img/20260909/20260909170053775568_250x250.jpg,https://www.interestprint.com/custom/women_s_off_the_shoulder_sweater-6219.html
1964,3136,Split Swimsuit (F48KA01),Women's Clothing,10.76,26.99,16.23,60.1,,https://ipimg.interestprint.com/data/product/3136/img/20240402/20240402012235873808_250x250.jpg,https://www.interestprint.com/custom/split_swimsuit_f48ka01-3136.html
1965,5744,2-Piece Clear Satchel Bag Set,Bags,10.76,30.99,20.23,65.3,,https://ipimg.interestprint.com/data/product/5744/img/20260529/20260529174940036675_250x250.png,https://www.interestprint.com/custom/2_piece_clear_satchel_bag_set-5744.html
1966,5979,"Window Curtain 27.6"" x 39.4"" ( 1 Piece ) | Ships from USA",U.S. Fulfillment,10.79,31.99,21.2,66.3,,https://ipimg.interestprint.com/data/product/5979/img/20260716/20260716162222535604_250x250.jpg,https://www.interestprint.com/custom/window_curtain_27_6_x_39_4_1_piece_ships_from_usa-5979.html
1967,5167,Cross Back Sports Bra,Women's Clothing,10.79,25.99,15.2,58.5,,https://ipimg.interestprint.com/data/product/5167/img/20260115/20260115175614931388_250x250.jpg,https://www.interestprint.com/custom/cross_back_sports_bra-5167.html
1968,5753,Women's Velcro Slide Slippers,Shoes,10.79,30.99,20.2,65.2,,https://ipimg.interestprint.com/data/product/5753/img/20260601/20260601142002123342_250x250.jpg,https://www.interestprint.com/custom/women_s_velcro_slide_slippers-5753.html
1969,5940,All Over Print Cotton Men's Lapel Short Sleeve Shirt without Pocket,All-Over Cotton Collection,10.8,31.99,21.19,66.2,,https://ipimg.interestprint.com/data/product/5940/img/20260708/20260708164546074930_250x250.jpg,https://www.interestprint.com/custom/all_over_print_cotton_men_s_lapel_short_sleeve_shirt_without_pocket-5940.html
1970,4429,Women's Plunge Mesh Ruched Swimsuit,Women's Clothing,10.8,35.99,25.19,70.0,,https://ipimg.interestprint.com/data/product/4429/img/20250618/20250618020034933037_250x250.jpg,https://www.interestprint.com/custom/women_s_plunge_mesh_ruched_swimsuit-4429.html
1971,5206,Backless Split Knotted Yoga Active Tank Tops,Women's Clothing,10.81,26.99,16.18,59.9,,https://ipimg.interestprint.com/data/product/5206/img/20260125/20260125235530324727_250x250.jpg,https://www.interestprint.com/custom/backless_split_knotted_yoga_active_tank_tops-5206.html
1972,4442,Personalized Building Bricks Pencil Pot,Back to School,10.83,25.99,15.16,58.3,,https://ipimg.interestprint.com/data/product/4442/img/20250619/20250619013543457345_250x250.jpg,https://www.interestprint.com/custom/custom_personalized_pencil_pot-4442.html
1973,1473,Personalized Name Circle Necklace,Personalized Product,10.83,29.99,19.16,63.9,,https://ipimg.interestprint.com/data/product/1473/img/20210407/20210407020429349083_250x250.jpg,https://www.interestprint.com/custom/personalized_name_circle_necklace-1473.html
1974,5212,Cross Back Sports Bra,Women's Clothing,10.87,24.99,14.12,56.5,,https://ipimg.interestprint.com/data/product/5212/img/20260126/20260126180857860418_250x250.jpg,https://www.interestprint.com/custom/cross_back_sports_bra-5212.html
1975,4656,Women's V Neck Loose Jumpsuit,Women's Clothing,10.88,35.99,25.11,69.8,,https://ipimg.interestprint.com/data/product/4656/img/20250905/20250905001528459626_250x250.jpg,https://www.interestprint.com/custom/women_s_v_neck_loose_jumpsuit-4656.html
1976,4719,"Rectangle Tablecloth 55""×75""",Home Decor,10.88,27.99,17.11,61.1,,https://ipimg.interestprint.com/data/product/4719/img/20250921/20250921181405861991_250x250.jpg,https://www.interestprint.com/custom/rectangle_tablecloth_55_75-4719.html
1977,6090,"Cotton Linen Wall Tapestry with Ribbons 50"" x 15"" | Ships from USA",U.S. Fulfillment,10.89,31.99,21.1,66.0,,https://ipimg.interestprint.com/data/product/6090/img/20260819/20260819085753886993_250x250.jpg,https://www.interestprint.com/custom/cotton_linen_wall_tapestry_with_ribbons_50_x_15_ships_from_usa-6090.html
1978,6089,"Cotton Linen Wall Tapestry with Ribbons 15"" x 50"" | Ships from USA",U.S. Fulfillment,10.89,31.99,21.1,66.0,,https://ipimg.interestprint.com/data/product/6089/img/20260819/20260819085840590080_250x250.jpg,https://www.interestprint.com/custom/cotton_linen_wall_tapestry_with_ribbons_15_x_50_ships_from_usa-6089.html
1979,5813,"Acrylic Night Light 5"" x 7"" (Tricolor Light Beech Base) | Ships from USA",U.S. Fulfillment,10.89,31.99,21.1,66.0,,https://ipimg.interestprint.com/data/product/5813/img/20260611/20260611114132800817_250x250.jpg,https://www.interestprint.com/custom/acrylic_night_light_5_x_7_tricolor_light_beech_base_ships_from_usa-5813.html
1980,5812,"Acrylic Night Light 5"" x 7"" (Tricolor Light Walnut Base) | Ships from USA",U.S. Fulfillment,10.89,31.99,21.1,66.0,,https://ipimg.interestprint.com/data/product/5812/img/20260611/20260611114048688307_250x250.jpg,https://www.interestprint.com/custom/acrylic_night_light_5_x_7_tricolor_light_walnut_base_ships_from_usa-5812.html
1981,5035,"New Metal Sign 16""x12"" | Ships from USA",U.S. Fulfillment,10.89,25.99,15.1,58.1,,https://ipimg.interestprint.com/data/product/5035/img/20260107/20260107222149432074_250x250.jpg,https://www.interestprint.com/custom/new_metal_sign_16_x12-5035.html
1982,5036,"New Metal Sign 12""x16"" | Ships from USA",U.S. Fulfillment,10.89,25.99,15.1,58.1,,https://ipimg.interestprint.com/data/product/5036/img/20260107/20260107222226736628_250x250.jpg,https://www.interestprint.com/custom/new_metal_sign_12_x16-5036.html
1983,3932,Coffee Mat 60x50cm | Ships from USA,U.S. Fulfillment,10.89,31.99,21.1,66.0,,https://ipimg.interestprint.com/data/product/3932/img/20260107/20260107213825655443_250x250.jpg,https://www.interestprint.com/custom/custom_coffee_mat_60x50cm_us02-3932.html
1984,3925,Washer Dryer Top Mat 60x50cm | Ships from USA,U.S. Fulfillment,10.89,31.99,21.1,66.0,,https://ipimg.interestprint.com/data/product/3925/img/20260107/20260107213107655783_250x250.jpg,https://www.interestprint.com/custom/custom_washer_dryer_top_mat_60x50cm_us02-3925.html
1985,5215,Knotted Back Cutout Sports Bra,Women's Clothing,10.89,25.99,15.1,58.1,,https://ipimg.interestprint.com/data/product/5215/img/20260126/20260126181815468896_250x250.jpg,https://www.interestprint.com/custom/knotted_back_cutout_sports_bra-5215.html
1986,1377,"Circular Micro Fleece Blanket 60""",Home Decor,10.9,45.99,35.09,76.3,,https://ipimg.interestprint.com/data/product/1377/img/20201227/20201227193943028814_250x250.jpg,https://www.interestprint.com/custom/circular_micro_fleece_blanket_60-1377.html
1987,2284,"Baby Blanket 40""x 50""",Home Decor,10.9,38.99,28.09,72.0,,https://ipimg.interestprint.com/data/product/2284/img/20211227/20211227194349251834_250x250.jpg,https://www.interestprint.com/custom/40_x50-2284.html
1988,2293,"Pom Pom Fringe Blanket50""x60""",Home Decor,10.9,42.99,32.09,74.6,,https://ipimg.interestprint.com/data/product/2293/img/20220104/20220104180152389104_250x250.jpg,https://www.interestprint.com/custom/50_x60-2293.html
1989,5872,Women's Drawstring Cutout One Piece Swimsuit,Women's Clothing,10.92,31.99,21.07,65.9,,https://ipimg.interestprint.com/data/product/5872/img/20260624/20260624135111495519_250x250.jpg,https://www.interestprint.com/custom/women_s_drawstring_cutout_one_piece_swimsuit-5872.html
1990,6229,Men’s Full‑Zip Fleece Jacket,Men's Clothing,10.94,34.99,24.05,68.7,,https://ipimg.interestprint.com/data/product/6229/img/20260911/20260911163405378271_250x250.jpg,https://www.interestprint.com/custom/men_s_full_zip_fleece_jacket-6229.html
1991,4178,Women's Round Neck Long Sleeve Sweatshirt,Women's Clothing,10.96,22.99,12.03,52.3,,https://ipimg.interestprint.com/data/product/4178/img/20250223/20250223215027947487_250x250.jpg,https://www.interestprint.com/custom/women_s_round_neck_long_sleeve_sweatshirt-4178.html
1992,3178,Custom V-Neck Mid Length Dress,Women's Clothing,10.96,25.99,15.03,57.8,,https://ipimg.interestprint.com/data/product/3178/img/20241030/20241030183004398844_250x250.jpg,https://www.interestprint.com/custom/mid_length_skirt-3178.html
1993,3570,Plus Size Loose-Fit Long Sleeve Dress,Women's Clothing,10.96,21.99,11.03,50.2,,https://ipimg.interestprint.com/data/product/3570/img/20240702/20240702195526956622_250x250.jpg,https://www.interestprint.com/custom/plus_size_loose_fit_long_sleeve_dress-3570.html
1994,602,Flip Flops (For both Men and Women) (Model040),Shoes,10.98,20.99,10.01,47.7,,https://ipimg.interestprint.com/data/product/602/img/20170523/20170523023420510761_250x250.jpg,https://www.interestprint.com/custom/flip_flops_for_both_men_and_women_model040-602.html
1995,6082,"Wedding Table Runner 13"" x 72"" | Ships from USA",Wedding & Party Decor,10.99,31.99,21.0,65.6,,https://ipimg.interestprint.com/data/product/6082/img/20260814/20260814164710367251_250x250.jpg,https://www.interestprint.com/custom/wedding_table_runner_13_x_72_ships_from_usa-6082.html
1996,6039,"Yard Sign 18"" x 12"" ( Two-Sided Same Print ) | Ships from USA",Wedding & Party Decor,10.99,30.99,20.0,64.5,,https://ipimg.interestprint.com/data/product/6039/img/20260805/20260805160919437822_250x250.jpg,https://www.interestprint.com/custom/yard_sign_18_x_12_two_sided_same_print_ships_from_usa-6039.html
1997,5778,"Yard Sign 12"" x 18"" ( Two-Sided Same Print ) | Ships from USA",Wedding & Party Decor,10.99,32.99,22.0,66.7,,https://ipimg.interestprint.com/data/product/5778/img/20260707/20260707091432636905_250x250.jpg,https://www.interestprint.com/custom/yard_sign_12_x_18_two_sided_same_print_ships_from_usa-5778.html
1998,1130,All Over Print Canvas Tote Bag(Model1697)(Small),Valentine's Day,10.99,19.99,9.0,45.0,,https://ipimg.interestprint.com/data/product/1130/img/20231226/20231226224508952693_250x250.jpg,https://www.interestprint.com/custom/all_over_print_canvas_tote_bag_model1697_small-1130.html
1999,5493,"Adult Graduation Stole 5.9"" × 72"" | Ships from USA",Graduation Gifts,10.99,21.99,11.0,50.0,,https://ipimg.interestprint.com/data/product/5493/img/20260417/20260417130007971354_250x250.jpg,https://www.interestprint.com/custom/new_adult_graduation_stole_ships_from_usa-5493.html
2000,5144,"New Adult Graduation Stole 4.5"" × 62""",Graduation Gifts,10.99,23.99,13.0,54.2,,https://ipimg.interestprint.com/data/product/5144/img/20260112/20260112215942477227_250x250.jpg,https://www.interestprint.com/custom/new_adult_graduation_stole-5144.html
2001,4072,Women's All Over Print Crew Neck T-Shirt(T40-2) | Ships from USA,Graduation Gifts,10.99,22.99,12.0,52.2,,https://ipimg.interestprint.com/data/product/4072/img/20260109/20260109215138076322_250x250.jpg,https://www.interestprint.com/custom/women_s_all_over_print_crew_neck_t_shirt_t40_2-4072.html
2002,4070,Men's All Over Print Crew Neck T-Shirt(T40-2) | Ships from USA,Graduation Gifts,10.99,30.99,20.0,64.5,,https://ipimg.interestprint.com/data/product/4070/img/20260109/20260109215336629433_250x250.jpg,https://www.interestprint.com/custom/custom_men_s_all_over_print_crew_neck_t_shirt_t40_2-4070.html
2003,1711,Men's Mid-Length Beach Shorts (ModelL51),Father's Day,10.99,31.99,21.0,65.6,,https://ipimg.interestprint.com/data/product/1711/img/20240414/20240414184323426372_250x250.jpg,https://www.interestprint.com/custom/men_s_mid_length_beach_shorts_modell51-1711.html
2004,5508,Men's All Over Print Beach Shorts (Sets 26) | Ships from USA,Summer Holiday,10.99,26.99,16.0,59.3,,https://ipimg.interestprint.com/data/product/5508/img/20260420/20260420085702550878_250x250.jpg,https://www.interestprint.com/custom/men_s_all_over_print_beach_shorts-5508.html
2005,5532,Double-Sided Custom Folding Fan,Summer Holiday,10.99,29.99,19.0,63.4,,https://ipimg.interestprint.com/data/product/5532/img/20260421/20260421104338124903_250x250.jpg,https://www.interestprint.com/custom/double_sided_custom_folding_fan-5532.html
2006,6058,Ironing Board Cover | Ships from USA,U.S. Fulfillment,10.99,30.99,20.0,64.5,,https://ipimg.interestprint.com/data/product/6058/img/20260811/20260811164008562885_250x250.jpg,https://www.interestprint.com/custom/ironing_board_cover_ships_from_usa-6058.html
2007,5817,"Custom Shaped Pillow 12"" | Ships from USA",U.S. Fulfillment,10.99,31.99,21.0,65.6,,https://ipimg.interestprint.com/data/product/5817/img/20260612/20260612161847010513_250x250.jpg,https://www.interestprint.com/custom/custom_shaped_pillow_12_ships_from_usa-5817.html
2008,5715,"Envelope Body Pillow Case 60"" x 21"" (Two-Sided Print) | Ships from USA",U.S. Fulfillment,10.99,29.99,19.0,63.4,,https://ipimg.interestprint.com/data/product/5715/img/20260526/20260526152334211767_250x250.jpg,https://www.interestprint.com/custom/envelope_pillow_case_60_x_21_two_sided_print_ships_from_usa-5715.html
2009,5486,"Shower Curtain 71"" × 71"" | Ships from USA",U.S. Fulfillment,10.99,24.99,14.0,56.0,,https://ipimg.interestprint.com/data/product/5486/img/20260416/20260416143900441117_250x250.jpg,https://www.interestprint.com/custom/shower_curtain_71_71_ships_from_usa-5486.html
2010,5405,Car Seat Cover | Ships from USA,U.S. Fulfillment,10.99,32.99,22.0,66.7,,https://ipimg.interestprint.com/data/product/5405/img/20260330/20260330134359637251_250x250.jpg,https://www.interestprint.com/custom/car_seat_cover_ships_from_usa-5405.html
2011,5240,"Custom PVC Anti-Fatigue Mats 36.4"" x 24.3"" | Ships from USA",U.S. Fulfillment,10.99,39.99,29.0,72.5,,https://ipimg.interestprint.com/data/product/5240/img/20260203/20260203010315029887_250x250.jpg,https://www.interestprint.com/custom/pvc_anti_fatigue_mats_ships_from_usa-5240.html
2012,5239,Hand Towel (Pack of 3)(One Side Printing) | Ships from USA,U.S. Fulfillment,10.99,27.99,17.0,60.7,,https://ipimg.interestprint.com/data/product/5239/img/20260203/20260203010434099552_250x250.jpg,https://www.interestprint.com/custom/hand_towel_pack_of_3_one_side_printing_ships_from_usa-5239.html
2013,5147,PVC Anti-Fatigue Mats | Ships from USA,U.S. Fulfillment,10.99,49.99,39.0,78.0,,https://ipimg.interestprint.com/data/product/5147/img/20260112/20260112190701039796_250x250.jpg,https://www.interestprint.com/custom/pvc_anti_fatigue_mats_ships_from_usa-5147.html
2014,4881,Office Chair Cover  | Ships from USA,U.S. Fulfillment,10.99,26.99,16.0,59.3,,https://ipimg.interestprint.com/data/product/4881/img/20260107/20260107224438854266_250x250.jpg,https://www.interestprint.com/custom/office_chair_cover-4881.html
2015,4822,Chair Cover  (Pack of 2) | Ships from USA,U.S. Fulfillment,10.99,28.99,18.0,62.1,,https://ipimg.interestprint.com/data/product/4822/img/20260107/20260107225029948112_250x250.jpg,https://www.interestprint.com/custom/chair_cover_pack_of_2-4822.html
2016,4773,"Picnic Table Cover (72"" x 30"") | Ships from USA",U.S. Fulfillment,10.99,27.99,17.0,60.7,,https://ipimg.interestprint.com/data/product/4773/img/20260109/20260109230433048706_250x250.jpg,https://www.interestprint.com/custom/picnic_table_cover_72_x_30-4773.html
2017,4291,"Ultra-Soft Micro Fleece Blanket 50"" x 60"" | Ships from USA",U.S. Fulfillment,10.99,32.99,22.0,66.7,,https://ipimg.interestprint.com/data/product/4291/img/20260110/20260110035558455464_250x250.jpg,https://www.interestprint.com/custom/custom_ultra_soft_micro_fleece_blanket_50_x_60-4291.html
2018,3759,"Metal Sign 12""x16""(Set of 2) | Ships from USA",U.S. Fulfillment,10.99,31.99,21.0,65.6,,https://ipimg.interestprint.com/data/product/3759/img/20260107/20260107223122776447_250x250.jpg,https://www.interestprint.com/custom/metal_tin_sign_12_x16_set_of_2_made_in_queens-3759.html
2019,3758,"Metal Sign 16""x12""(Set of 2) | Ships from USA",U.S. Fulfillment,10.99,23.99,13.0,54.2,,https://ipimg.interestprint.com/data/product/3758/img/20260107/20260107223151133173_250x250.jpg,https://www.interestprint.com/custom/metal_tin_sign_16_x12_set_of_2-3758.html
2020,3721,"Art Print 24""x16"" | Ships from USA",U.S. Fulfillment,10.99,18.99,8.0,42.1,,https://ipimg.interestprint.com/data/product/3721/img/20260107/20260107212900871783_250x250.jpg,https://www.interestprint.com/custom/art_print_24_x16-3721.html
2021,3714,"Art Print 16""x24"" | Ships from USA",U.S. Fulfillment,10.99,18.99,8.0,42.1,,https://ipimg.interestprint.com/data/product/3714/img/20260107/20260107213458386192_250x250.jpg,https://www.interestprint.com/custom/art_print_16_x24-3714.html
2022,3455,"Art Print 10""x8"" (3 Pack) (Customizable Separately) | Ships from USA",U.S. Fulfillment,10.99,21.99,11.0,50.0,,https://ipimg.interestprint.com/data/product/3455/img/20260107/20260107215006436522_250x250.jpg,https://www.interestprint.com/custom/art_print_10_x8_3_pack_customizable_separately-3455.html
2023,3454,"Art Print 8""x10"" (3 Pack) (Customizable Separately) | Ships from USA",U.S. Fulfillment,10.99,21.99,11.0,50.0,,https://ipimg.interestprint.com/data/product/3454/img/20260107/20260107215033365819_250x250.jpg,https://www.interestprint.com/custom/art_print_8_x10_3_pack_customizable_separately-3454.html
2024,3107,"Art Print 10""x8"" (Pack of 3) | Ships from USA",U.S. Fulfillment,10.99,21.99,11.0,50.0,,https://ipimg.interestprint.com/data/product/3107/img/20260107/20260107221237227198_250x250.jpg,https://www.interestprint.com/custom/art_print_10_x8_pack_of_3-3107.html
2025,3106,"Art Print 8""x10"" (Pack of 3) | Ships from USA",U.S. Fulfillment,10.99,21.99,11.0,50.0,,https://ipimg.interestprint.com/data/product/3106/img/20260107/20260107221510629278_250x250.jpg,https://www.interestprint.com/custom/art_print_8_x10_pack_of_3-3106.html
2026,2979,Round Wooden Door Sign 11.8'' | Ships from USA,U.S. Fulfillment,10.99,21.99,11.0,50.0,,https://ipimg.interestprint.com/data/product/2979/img/20260110/20260110050001181430_250x250.jpg,https://www.interestprint.com/custom/round_wooden_door_sign-2979.html
2027,1323,Kid's Classic T-shirt(ModelT22) | Ships from Australia,Australia Fulfillment,10.99,19.99,9.0,45.0,,https://ipimg.interestprint.com/data/product/1323/img/20260111/20260111002322397401_250x250.jpg,https://www.interestprint.com/custom/kid_s_classic_t_shirt_modelt22_au-1323.html
2028,1395,Cotton Dust Cover with Adjustable Strip(ModelM07) | Ships from Australia,Australia Fulfillment,10.99,19.99,9.0,45.0,,https://ipimg.interestprint.com/data/product/1395/img/20260111/20260111000843355600_250x250.jpg,https://www.interestprint.com/custom/cotton_dust_cover_with_adjustable_strip_modelm07_au-1395.html
2029,5067,"Metal Sign 8""x12""(Set of 2)(Customizable Separately) | Ships from Japan",Japan Fulfillment,10.99,21.99,11.0,50.0,,https://ipimg.interestprint.com/data/product/5067/img/20260110/20260110201514497658_250x250.jpg,https://www.interestprint.com/custom/metal_sign_8_x12_set_of_2_customizable_separately-5067.html
2030,5066,"Metal Sign 12""x8""(Set of 2)(Customizable Separately)  | Ships from Japan",Japan Fulfillment,10.99,21.99,11.0,50.0,,https://ipimg.interestprint.com/data/product/5066/img/20260110/20260110215350784672_250x250.jpg,https://www.interestprint.com/custom/metal_sign_12_x8_set_of_2_customizable_separately-5066.html
2031,5065,"Metal Sign 8""x12""(Set of 2) | Ships from Japan",Japan Fulfillment,10.99,21.99,11.0,50.0,,https://ipimg.interestprint.com/data/product/5065/img/20260110/20260110215702654854_250x250.jpg,https://www.interestprint.com/custom/metal_sign_8_x12_set_of_2-5065.html
2032,5064,"Metal Tin Sign 12""x8""(Set of 2) | Ships from Japan",Japan Fulfillment,10.99,21.99,11.0,50.0,,https://ipimg.interestprint.com/data/product/5064/img/20260110/20260110215919546364_250x250.jpg,https://www.interestprint.com/custom/metal_tin_sign_12_x8_set_of_2-5064.html
2033,3444,Custom Embroidered Hanging Storage Bag,Personalized Product,10.99,21.99,11.0,50.0,,https://ipimg.interestprint.com/data/product/3444/img/20240604/20240604190048833233_250x250.jpg,https://www.interestprint.com/custom/custom_embroidered_hanging_storage_bag-3444.html
2034,3452,Custom Embroidered White Towel,Personalized Product,10.99,21.99,11.0,50.0,,https://ipimg.interestprint.com/data/product/3452/img/20240605/20240605203708205312_250x250.jpg,https://www.interestprint.com/custom/custom_embroidered_white_towel-3452.html
2035,3390,Custom Embroidered Snapback Hat,Personalized Product,10.99,20.99,10.0,47.6,,https://ipimg.interestprint.com/data/product/3390/img/20240520/20240520000918865893_250x250.jpg,https://www.interestprint.com/custom/custom_embroidered_snapback_hat-3390.html
2036,3288,Custom Embroidered Knitted Christmas Stocking,Personalized Product,10.99,29.99,19.0,63.4,,https://ipimg.interestprint.com/data/product/3288/img/20240509/20240509191106875009_250x250.jpg,https://www.interestprint.com/custom/custom_embroidered_knitted_christmas_stocking-3288.html
2037,5871,Women's Square Neck Sleeveless Ruffle Strap Dress,Women's Clothing,10.99,31.99,21.0,65.6,,https://ipimg.interestprint.com/data/product/5871/img/20260624/20260624111722810028_250x250.jpg,https://www.interestprint.com/custom/women_s_square_neck_sleeveless_ruffle_strap_dress-5871.html
2038,4190,Women's Drawstring Pajama Trousers (Model L80),Women's Clothing,10.99,32.99,22.0,66.7,,https://ipimg.interestprint.com/data/product/4190/img/20250224/20250224215429728169_250x250.jpg,https://www.interestprint.com/custom/custom_women_s_drawstring_pajama_trousers_l80-4190.html
2039,2395,High Waisted Double Ruffle Bikini Set(ModelS34),Women's Clothing,10.99,32.99,22.0,66.7,,https://ipimg.interestprint.com/data/product/2395/img/20220516/20220516201841732934_250x250.jpg,https://www.interestprint.com/custom/s34-2395.html
2040,4188,Men's Drawstring Pajama Trousers (Model L80),Men's Clothing,10.99,34.99,24.0,68.6,,https://ipimg.interestprint.com/data/product/4188/img/20250224/20250224215553941076_250x250.jpg,https://www.interestprint.com/custom/custom_men_s_drawstring_pajama_trousers_l80-4188.html
2041,1706,Men's Mid-Length Casual Shorts(ModelL50),Men's Clothing,10.99,35.99,25.0,69.5,,https://ipimg.interestprint.com/data/product/1706/img/20210426/20210426003120151666_250x250.jpg,https://www.interestprint.com/custom/men_s_mid_length_casual_shorts_l50-1706.html
2042,6170,Custom Doodle Coloring Blanket 100 × 150cm,Home Decor,10.99,33.99,23.0,67.7,,https://ipimg.interestprint.com/data/product/6170/img/20260903/20260903113709949678_250x250.jpg,https://www.interestprint.com/custom/custom_doodle_coloring_blanket_100_150cm-6170.html
2043,4459,Hanging Door Banners,Home Decor,10.99,31.99,21.0,65.6,,https://ipimg.interestprint.com/data/product/4459/img/20250626/20250626184726039811_250x250.jpg,https://www.interestprint.com/custom/custom_hanging_door_banners_30_180cm-4459.html
2044,3474,Personalized Door Banner,Home Decor,10.99,21.99,11.0,50.0,,https://ipimg.interestprint.com/data/product/3474/img/20240611/20240611230438122991_250x250.jpg,https://www.interestprint.com/custom/personalized_door_banner-3474.html
2045,3415,200-Piece Wooden Jigsaw Puzzles (Vertical),Home Decor,10.99,21.99,11.0,50.0,,https://ipimg.interestprint.com/data/product/3415/img/20240530/20240530002911304321_250x250.jpg,https://www.interestprint.com/custom/200_piece_wooden_jigsaw_puzzles_vertical-3415.html
2046,3414,200-Piece Wooden Jigsaw Puzzles (Horizontal),Home Decor,10.99,21.99,11.0,50.0,,https://ipimg.interestprint.com/data/product/3414/img/20240529/20240529235937032210_250x250.jpg,https://www.interestprint.com/custom/200_piece_wooden_jigsaw_puzzles_horizontal-3414.html
2047,492,"Rectangle Pillow Case 20""x30""(One Side)(No Zipper)",Home Decor,10.99,20.95,9.96,47.5,,https://ipimg.interestprint.com/data/product/492/img/20161114/20161114193344019382_250x250.jpg,https://www.interestprint.com/custom/rectangle_pillow_case_20_x30_one_side-492.html
2048,37,"Rectangle Pillow Case 20""x36""",Home Decor,10.99,21.95,10.96,49.9,,https://ipimg.interestprint.com/data/product/37/img/20150702/20150702160831073745_250x250.jpg,https://www.interestprint.com/custom/rectangle_pillow_case_20_x36-37.html
2049,1113,Anti-UV Foldable Umbrella(Outside Printing)(Model U08),Home Decor,10.99,30.99,20.0,64.5,,https://ipimg.interestprint.com/data/product/1113/img/20191115/20191115002050849697_250x250.jpg,https://www.interestprint.com/custom/anti_uv_foldable_umbrella_u08-1113.html
2050,916,Anti-UV Foldable Umbrella (Underside Printing) (Model U07),Home Decor,10.99,30.99,20.0,64.5,,https://ipimg.interestprint.com/data/product/916/img/20181104/20181104060902002919_250x250.png,https://www.interestprint.com/custom/vinyl_umbrella-916.html
2051,2557,"Luggage Cover (Extra Large) (28""-30"")",Bags,10.99,29.99,19.0,63.4,,https://ipimg.interestprint.com/data/product/2557/img/20221018/20221018181326345808_250x250.jpg,https://www.interestprint.com/custom/luggage_cover_large-2557.html
2052,919,Men's Chest Bag (Model 1678),Bags,10.99,49.99,39.0,78.0,,https://ipimg.interestprint.com/data/product/919/img/20181106/20181106015921082177_250x250.png,https://www.interestprint.com/custom/men_s_chest_bag_model_1678-919.html
2053,5754,Men's Velcro Slide Slippers,Shoes,10.99,31.99,21.0,65.6,,https://ipimg.interestprint.com/data/product/5754/img/20260601/20260601144607513814_250x250.jpg,https://www.interestprint.com/custom/men_s_velcro_slide_slippers-5754.html
2054,5023,Women's Fleece-Lined Canvas Slip-On,Shoes,10.99,31.99,21.0,65.6,,https://ipimg.interestprint.com/data/product/5023/img/20251207/20251207184318334393_250x250.jpg,https://www.interestprint.com/custom/women_s_fleece_lined_canvas_slip_on-5023.html
2055,5022,Men's Fleece-Lined Canvas Slip-On,Shoes,10.99,39.99,29.0,72.5,,https://ipimg.interestprint.com/data/product/5022/img/20251205/20251205190336533711_250x250.jpg,https://www.interestprint.com/custom/men_s_fleece_lined_canvas_slip_on-5022.html
2056,3150,"Custom Gift Wrapping Paper 58""x 22.5""(1 Roll)",Accessories,10.99,16.99,6.0,35.3,,https://ipimg.interestprint.com/data/product/3150/img/20240402/20240402183725497622_250x250.jpg,https://www.interestprint.com/custom/gift_wrapping_paper_58_x_23_1_roll-3150.html
2057,2531,"Car Sun Shade Umbrella 58""x29""",Accessories,10.99,22.99,12.0,52.2,,https://ipimg.interestprint.com/data/product/2531/img/20220825/20220825234618140503_250x250.jpg,https://www.interestprint.com/custom/car_sun_shade-2531.html
2058,87,Women's Classic Leather Strap Watch (Model 203),Accessories,10.99,29.99,19.0,63.4,,https://ipimg.interestprint.com/data/product/87/img/20180814/20180814181132080557_250x250.png,https://www.interestprint.com/custom/round_leather_watch_for_lady-87.html
2059,85,Women's Rose Gold-plated Leather Strap Watch (Model 201),Accessories,10.99,29.99,19.0,63.4,,https://ipimg.interestprint.com/data/product/85/img/20230724/20230724021328901265_250x250.jpg,https://www.interestprint.com/custom/round_rose_gold_lady_s_leather_watch-85.html
2060,1348,Personalized Temporary Tattoo(15 Pieces),Accessories,10.99,19.99,9.0,45.0,,https://ipimg.interestprint.com/data/product/1348/img/20201019/20201019204436424845_250x250.jpg,https://www.interestprint.com/custom/personalized_temporary_tattoo_15_pieces-1348.html
2061,1303,Custom Bowtie,Accessories,10.99,19.99,9.0,45.0,,https://ipimg.interestprint.com/data/product/1303/img/20200903/20200903183830860135_250x250.jpg,https://www.interestprint.com/custom/custom_bow_tie-1303.html
2062,1101,"Gift Wrapping Paper 58""x 22.5"" (1 Roll)",Accessories,10.99,25.99,15.0,57.7,,https://ipimg.interestprint.com/data/product/1101/img/20191108/20191108055524899828_250x250.jpg,https://www.interestprint.com/custom/gift_wrapping_paper_58_x_23_1_roll-1101.html
2063,1097,"Photo Panel for Tabletop Display(8"" x 6"")",Wall Art,10.99,25.99,15.0,57.7,,https://ipimg.interestprint.com/data/product/1097/img/20191016/20191016024050715674_250x250.jpg,https://www.interestprint.com/custom/photo_panel_for_tabletop_display_8_x6-1097.html
2064,1096,"Photo Panel for Tabletop Display(6""x8"")",Wall Art,10.99,25.99,15.0,57.7,,https://ipimg.interestprint.com/data/product/1096/img/20191017/20191017043114825091_250x250.jpg,https://www.interestprint.com/custom/photo_panel_for_tabletop_display_6_x8-1096.html
2065,4742,Fleece Hooded Cape for Adults,Halloween Decor,11.0,23.99,12.99,54.1,,https://ipimg.interestprint.com/data/product/4742/img/20250922/20250922203653828926_250x250.jpg,https://www.interestprint.com/custom/fleece_hooded_cape_for_adults-4742.html
2066,4925,"Frame Canvas Print 12"" x 12"" | Ships from USA",U.S. Fulfillment,11.0,31.99,20.99,65.6,,https://ipimg.interestprint.com/data/product/4925/img/20260109/20260109012004835362_250x250.jpg,https://www.interestprint.com/custom/frame_canvas_print_12_x_12-4925.html
2067,4664,Women's Kaftan Midi Dress,Women's Clothing,11.0,35.99,24.99,69.4,,https://ipimg.interestprint.com/data/product/4664/img/20250910/20250910014404330413_250x250.jpg,https://www.interestprint.com/custom/women_s_kaftan_midi_dress-4664.html
2068,3499,One-piece Swimsuit (SDS2004),Women's Clothing,11.0,23.99,12.99,54.1,,https://ipimg.interestprint.com/data/product/3499/img/20240614/20240614011636334765_250x250.jpg,https://www.interestprint.com/custom/one_piece_swimsuit-3499.html
2069,4331,Unisex Cotton Hooded Sweatshirt,Men's Clothing,11.0,35.99,24.99,69.4,,https://ipimg.interestprint.com/data/product/4331/img/20250515/20250515010203981843_250x250.jpg,https://www.interestprint.com/custom/unisex_cotton_hooded_sweatshirt-4331.html
2070,748,Casual Baggy Slacks (Model L11),Men's Clothing,11.0,39.99,28.99,72.5,,https://ipimg.interestprint.com/data/product/748/img/20180111/20180111175304978529_250x250.jpg,https://www.interestprint.com/custom/casual_sport_slacks_model_l11-748.html
2071,4298,"Cloak Hooded Blanket 60""×80""",Home Decor,11.0,35.99,24.99,69.4,,https://ipimg.interestprint.com/data/product/4298/img/20250420/20250420232613633030_250x250.jpg,https://www.interestprint.com/custom/cloak_hooded_blanket-4298.html
2072,351,Tote Bag (Model 1651) (Small),Bags,11.0,45.99,34.99,76.1,,https://ipimg.interestprint.com/data/product/351/img/20160520/20160520024443988734_250x250.jpg,https://www.interestprint.com/custom/tote_bag_model51_small-351.html
2073,4431,Women Cut Out Sides One Piece Swimsuit,Women's Clothing,11.03,35.99,24.96,69.4,,https://ipimg.interestprint.com/data/product/4431/img/20250618/20250618020018078602_250x250.jpg,https://www.interestprint.com/custom/women_cut_out_sides_one_piece_swimsuit-4431.html
2074,4841,Heart-Shaped Ceramic Ornament  | Ships from USA,Christmas Gifts,11.05,22.99,11.94,51.9,,https://ipimg.interestprint.com/data/product/4841/img/20260109/20260109040103051805_250x250.jpg,https://www.interestprint.com/custom/heart_shaped_ceramic_ornament-4841.html
2075,5387,Kids’ Bucket Hat | Ships from USA,U.S. Fulfillment,11.05,21.99,10.94,49.7,,https://ipimg.interestprint.com/data/product/5387/img/20260323/20260323165404836544_250x250.jpg,https://www.interestprint.com/custom/kids_bucket_hat_ships_from_usa-5387.html
2076,4614,Circle Ceramic Ornament | Ships from USA,U.S. Fulfillment,11.05,25.99,14.94,57.5,,https://ipimg.interestprint.com/data/product/4614/img/20260109/20260109050910929741_250x250.jpg,https://www.interestprint.com/custom/circle_ceramic_ornament-4614.html
2077,5688,Women's Right-side Ruffle Sleeve Dress,Women's Clothing,11.05,31.99,20.94,65.5,,https://ipimg.interestprint.com/data/product/5688/img/20260522/20260522102246136096_250x250.jpg,https://www.interestprint.com/custom/women_s_right_side_ruffle_sleeve_dress-5688.html
2078,3632,Women's Knitted Cardigan (NZ050),Women's Clothing,11.17,22.99,11.82,51.4,,https://ipimg.interestprint.com/data/product/3632/img/20240715/20240715003441322225_250x250.jpg,https://www.interestprint.com/custom/cardigan-3632.html
2079,3349,Long Shirt  Dress,Women's Clothing,11.17,23.99,12.82,53.4,,https://ipimg.interestprint.com/data/product/3349/img/20240512/20240512183447266193_250x250.jpg,https://www.interestprint.com/custom/long_shirt_dress-3349.html
2080,6032,Women's Cropped Shirt Jacket,Women's Clothing,11.18,33.99,22.81,67.1,,https://ipimg.interestprint.com/data/product/6032/img/20260803/20260803155641811488_250x250.jpg,https://www.interestprint.com/custom/women_s_cropped_shirt_jacket-6032.html
2081,6138,Men's V-Neck Jersey ( Model T97 ) | Ships from USA,U.S. Fulfillment,11.19,29.99,18.8,62.7,,https://ipimg.interestprint.com/data/product/6138/img/20260909/20260909161358581365_250x250.jpg,https://www.interestprint.com/custom/men_s_v_neck_jersey_model_t97_ships_from_usa-6138.html
2082,4982,"Frame Canvas Print 16"" x 12"" | Ships from USA",U.S. Fulfillment,11.19,32.99,21.8,66.1,,https://ipimg.interestprint.com/data/product/4982/img/20260109/20260109004617104516_250x250.jpg,https://www.interestprint.com/custom/frame_canvas_print_16_x_12-4982.html
2083,4937,"Frame Canvas Print 12"" x 16"" | Ships from USA",U.S. Fulfillment,11.19,32.99,21.8,66.1,,https://ipimg.interestprint.com/data/product/4937/img/20260109/20260109005936578990_250x250.jpg,https://www.interestprint.com/custom/frame_canvas_print_12_x_16-4937.html
2084,2852,Women's Button Front House Dress（Model Sets 20）,Women's Clothing,11.19,31.99,20.8,65.0,,https://ipimg.interestprint.com/data/product/2852/img/20230907/20230907185158305010_250x250.jpg,https://www.interestprint.com/custom/women_s_button_front_house_dress_sets_20-2852.html
2085,350,Saddle Bag (Model 1649) (Small),Bags,11.19,47.99,36.8,76.7,,https://ipimg.interestprint.com/data/product/350/img/20160520/20160520233141576886_250x250.jpg,https://www.interestprint.com/custom/saddle_bag_model1649_small-350.html
2086,5739,Women's Ruffle Sleeve Tie Back Top,Women's Clothing,11.2,33.99,22.79,67.0,,https://ipimg.interestprint.com/data/product/5739/img/20260529/20260529101616621677_250x250.jpg,https://www.interestprint.com/custom/women_s_ruffle_sleeve_tie_back_top-5739.html
2087,5451,Women’s V-Neck T-Shirt | Ships from USA,U.S. Fulfillment,11.21,36.99,25.78,69.7,,https://ipimg.interestprint.com/data/product/5451/img/20260408/20260408145137808224_250x250.png,https://www.interestprint.com/custom/women_s_v_neck_cap_sleeve_t_shirt-5451.html
2088,4031,Kid's Backpack,Bags,11.21,25.99,14.78,56.9,,https://ipimg.interestprint.com/data/product/4031/img/20241203/20241203231158786106_250x250.jpg,https://www.interestprint.com/custom/kid_s_backpack-4031.html
2089,4898,Knit Beanie | Ships from USA,U.S. Fulfillment,11.23,23.99,12.76,53.2,,https://ipimg.interestprint.com/data/product/4898/img/20260109/20260109034529725638_250x250.jpg,https://www.interestprint.com/custom/knit_beanie-4898.html
2090,5381,Women's V-Neck Cami Maxi Dress,Women's Clothing,11.23,29.99,18.76,62.6,,https://ipimg.interestprint.com/data/product/5381/img/20260318/20260318054219035367_250x250.jpg,https://www.interestprint.com/custom/women_s_v_neck_cami_maxi_dress-5381.html
2091,5786,Women's Sleeveless Tracksuit,Women's Clothing,11.25,33.99,22.74,66.9,,https://ipimg.interestprint.com/data/product/5786/img/20260609/20260609112951880212_250x250.jpg,https://www.interestprint.com/custom/women_s_sleeveless_sport_dress-5786.html
2092,4718,"Custom 3-Piece Bedding Set (80"" x 90"")",Home Decor,11.25,23.99,12.74,53.1,,https://ipimg.interestprint.com/data/product/4718/img/20250918/20250918192028401727_250x250.jpg,https://www.interestprint.com/custom/custom_3_piece_bedding_set_80_x_90-4718.html
2093,2809,Women's Vest Skirt Split Swimsuit (Model S47),Women's Clothing,11.28,32.99,21.71,65.8,,https://ipimg.interestprint.com/data/product/2809/img/20230712/20230712191607124389_250x250.jpg,https://www.interestprint.com/custom/women_s_vest_skirt_split_swimsuit_s47-2809.html
2094,5811,"Acrylic Night Light 8"" x 6"" (Tricolor Light Beech Base) | Ships from USA",U.S. Fulfillment,11.29,33.99,22.7,66.8,,https://ipimg.interestprint.com/data/product/5811/img/20260611/20260611114012541405_250x250.jpg,https://www.interestprint.com/custom/acrylic_night_light_8_x_6_tricolor_light_beech_base_ships_from_usa-5811.html
2095,5810,"Acrylic Night Light 8"" x 6"" (Tricolor Light Walnut Base) | Ships from USA",U.S. Fulfillment,11.29,33.99,22.7,66.8,,https://ipimg.interestprint.com/data/product/5810/img/20260611/20260611113937324714_250x250.jpg,https://www.interestprint.com/custom/acrylic_night_light_8_x_6_tricolor_light_walnut_base_ships_from_usa-5810.html
2096,5647,Custom Embroidered Knitted Baby Blanket | Ships from USA,U.S. Fulfillment,11.29,33.99,22.7,66.8,,https://ipimg.interestprint.com/data/product/5647/img/20260512/20260512145255520798_250x250.png,https://www.interestprint.com/custom/custom_embroidered_knitted_baby_blanket_ships_from_usa-5647.html
2097,4181,Door Curtain 51x72 inch | Ships from USA,U.S. Fulfillment,11.29,33.99,22.7,66.8,,https://ipimg.interestprint.com/data/product/4181/img/20260109/20260109184325293559_250x250.jpg,https://www.interestprint.com/custom/custom_door_curtain_51x72inch-4181.html
2098,2976,"120-Piece Puzzle Frame 12.5""x 9.5"" | Ships from USA",U.S. Fulfillment,11.29,29.99,18.7,62.4,,https://ipimg.interestprint.com/data/product/2976/img/20260110/20260110051623881333_250x250.jpg,https://www.interestprint.com/custom/120_piece_puzzle_frame_12_5_x_9_5-2976.html
2099,2975,"120-Piece Puzzle Frame 9.5""x 12.5"" | Ships from USA",U.S. Fulfillment,11.29,29.99,18.7,62.4,,https://ipimg.interestprint.com/data/product/2975/img/20260110/20260110051801332882_250x250.jpg,https://www.interestprint.com/custom/120_piece_puzzle_frame_9_5_x_12_5-2975.html
2100,5288,Women's Short Windbreaker 2 Piece Set (Model Sets 35),Women's Clothing,11.29,33.99,22.7,66.8,,https://ipimg.interestprint.com/data/product/5288/img/20260223/20260223183407290896_250x250.jpg,https://www.interestprint.com/custom/women_s_short_windbreaker_2_piece_set_modle_sets_35-5288.html
2101,2339,Chest Ruched Drawstring Two Piece Swim Dress (ModelS30),Women's Clothing,11.33,39.99,28.66,71.7,,https://ipimg.interestprint.com/data/product/2339/img/20220328/20220328173950948455_250x250.jpg,https://www.interestprint.com/custom/chest_ruched_drawstring_two_piece_swim_dress_models30-2339.html
2102,6127,Men's Long‑Sleeve Hooded Jacket,Men's Clothing,11.34,33.99,22.65,66.6,,https://ipimg.interestprint.com/data/product/6127/img/20260827/20260827163203770373_250x250.jpg,https://www.interestprint.com/custom/men_s_long_sleeve_hooded_jacket-6127.html
2103,4170,Button-Up Shirt Dress,Women's Clothing,11.37,27.99,16.62,59.4,,https://ipimg.interestprint.com/data/product/4170/img/20250209/20250209230536264529_250x250.jpg,https://www.interestprint.com/custom/button_up_shirt_dress-4170.html
2104,5701,Custom Men's Full-Zip Hoodie,Men's Clothing,11.37,33.99,22.62,66.5,,https://ipimg.interestprint.com/data/product/5701/img/20260522/20260522113339726826_250x250.jpg,https://www.interestprint.com/custom/custom_men_s_full_zip_hoodie-5701.html
2105,3857,Kid's Pajama Sets,Kid's Clothing,11.37,25.99,14.62,56.3,,https://ipimg.interestprint.com/data/product/3857/img/20240926/20240926233953291895_250x250.jpg,https://www.interestprint.com/custom/kid_s_pajama_sets-3857.html
2106,6223,Women's Two-piece Swimsuit,Women's Clothing,11.38,36.99,25.61,69.2,,https://ipimg.interestprint.com/data/product/6223/img/20260911/20260911163349312432_250x250.jpg,https://www.interestprint.com/custom/women_s_two_piece_swimsuit-6223.html
2107,4391,Hoop Bikini Swimsuit,Women's Clothing,11.38,38.99,27.61,70.8,,https://ipimg.interestprint.com/data/product/4391/img/20250604/20250604225416493825_250x250.jpg,https://www.interestprint.com/custom/custom_hoop_bikini_swimsuit-4391.html
2108,816,Men's All Over Print Elastic Beach Shorts (Model L20),Men's Clothing,11.4,42.99,31.59,73.5,,https://ipimg.interestprint.com/data/product/816/img/20221020/20221020230141819488_250x250.jpg,https://www.interestprint.com/custom/men_s_beach_shorts-816.html
2109,4559,Circle Aluminum Sign | Ships from USA,U.S. Fulfillment,11.41,25.99,14.58,56.1,,https://ipimg.interestprint.com/data/product/4559/img/20260109/20260109061225450239_250x250.jpg,https://www.interestprint.com/custom/circle_aluminum_sign-4559.html
2110,5941,Women's Front Cross Tie Backless One Piece Swimsuit,Women's Clothing,11.41,33.99,22.58,66.4,,https://ipimg.interestprint.com/data/product/5941/img/20260708/20260708164608319921_250x250.jpg,https://www.interestprint.com/custom/women_s_front_cross_tie_backless_one_piece_swimsuit-5941.html
2111,4906,Women's V- Neck Long Sleeve Pajama Set,Women's Clothing,11.41,39.99,28.58,71.5,,https://ipimg.interestprint.com/data/product/4906/img/20251029/20251029232903555018_250x250.jpg,https://www.interestprint.com/custom/women_s_v_neck_long_sleeve_pajama_set-4906.html
2112,3356,Women's Short Pajama Set,Women's Clothing,11.41,28.99,17.58,60.6,,https://ipimg.interestprint.com/data/product/3356/img/20240512/20240512183957576225_250x250.jpg,https://www.interestprint.com/custom/women_s_short_pajama_set-3356.html
2113,3173,Men's Collared  Short Sleeve Shirt Set,Men's Clothing,11.41,29.99,18.58,62.0,,https://ipimg.interestprint.com/data/product/3173/img/20240407/20240407225719635442_250x250.jpg,https://www.interestprint.com/custom/men_s_collared_short_sleeve_shirt_set-3173.html
2114,4033,2 Compartment Backpack,Bags,11.41,25.99,14.58,56.1,,https://ipimg.interestprint.com/data/product/4033/img/20241203/20241203231134060702_250x250.jpg,https://www.interestprint.com/custom/2_compartment_backpack-4033.html
2115,5538,Backless Halter Neck Tie-Waist Romper,Women's Clothing,11.43,32.99,21.56,65.4,,https://ipimg.interestprint.com/data/product/5538/img/20260421/20260421161332511976_250x250.jpg,https://www.interestprint.com/custom/backless_halter_neck_tie_waist_romper-5538.html
2116,3510,Button-Up Long Sleeve Shirt Dress,Women's Clothing,11.43,21.99,10.56,48.0,,https://ipimg.interestprint.com/data/product/3510/img/20240617/20240617194833334792_250x250.jpg,https://www.interestprint.com/custom/button_up_long_sleeve_shirt_dress-3510.html
2117,2819,Custom Print Kids Clogs,Shoes,11.43,26.99,15.56,57.7,,https://ipimg.interestprint.com/data/product/2819/img/20230726/20230726001918341887_250x250.jpg,https://www.interestprint.com/custom/custom_print_adults_clogs-2819.html
2118,97,"Custom Funny Card 2.5""x3.5""",Accessories,11.43,19.99,8.56,42.8,,https://ipimg.interestprint.com/data/product/97/img/20201109/20201109015152670194_250x250.jpg,https://www.interestprint.com/custom/playing_cards_2_5_x3_5-97.html
2119,4840,Round Ceramic Ornament | Ships from USA,U.S. Fulfillment,11.45,23.99,12.54,52.3,,https://ipimg.interestprint.com/data/product/4840/img/20260109/20260109040131437735_250x250.jpg,https://www.interestprint.com/custom/round_ceramic_ornament-4840.html
2120,4839,Square Ceramic Ornament | Ships from USA,U.S. Fulfillment,11.45,23.99,12.54,52.3,,https://ipimg.interestprint.com/data/product/4839/img/20260109/20260109040252230304_250x250.jpg,https://www.interestprint.com/custom/square_ceramic_ornament-4839.html
2121,3568,Women's Sling Dress (NZ016),Women's Clothing,11.45,20.99,9.54,45.5,,https://ipimg.interestprint.com/data/product/3568/img/20240702/20240702195449715591_250x250.jpg,https://www.interestprint.com/custom/women_s_sling_dress-3568.html
2122,6013,Stair Tread Mats ( 3 Pieces ) | Ships from USA,U.S. Fulfillment,11.49,33.99,22.5,66.2,,https://ipimg.interestprint.com/data/product/6013/img/20260727/20260727152818647217_250x250.jpg,https://www.interestprint.com/custom/stair_tread_mats_3_pieces_ships_from_usa-6013.html
2123,5909,Washer Dryer Top Mat 71 x 61cm | Ships from USA,U.S. Fulfillment,11.49,31.99,20.5,64.1,,https://ipimg.interestprint.com/data/product/5909/img/20260702/20260702163052889868_250x250.jpg,https://www.interestprint.com/custom/washer_dryer_top_mat_71_x_61cm_ships_from_usa-5909.html
2124,5391,"Gift Wrapping Paper-Coated Paper 72""x 22""（2 Roll） | Ships from USA",U.S. Fulfillment,11.49,29.99,18.5,61.7,,https://ipimg.interestprint.com/data/product/5391/img/20260325/20260325162149724458_250x250.jpg,https://www.interestprint.com/custom/gift_wrapping_paper_coated_paper_72_x_22_2_roll_ships_from_usa-5391.html
2125,4198,Shower Curtain 60x72inch | Ships from USA,U.S. Fulfillment,11.49,37.99,26.5,69.8,,https://ipimg.interestprint.com/data/product/4198/img/20260109/20260109183951306096_250x250.jpg,https://www.interestprint.com/custom/custom_shower_curtain_60x72inch-4198.html
2126,3551,Women's Off Shoulder Ruffle Boat Neck Dress (Model D71),Women's Clothing,11.49,31.99,20.5,64.1,,https://ipimg.interestprint.com/data/product/3551/img/20240626/20240626024545377074_250x250.jpg,https://www.interestprint.com/custom/women_s_off_shoulder_ruffle_boat_neck_dress_d71-3551.html
2127,5473,PU Bible & Book Organizer Bag,Bags,11.49,33.99,22.5,66.2,,https://ipimg.interestprint.com/data/product/5473/img/20260415/20260415091805328117_250x250.jpg,https://www.interestprint.com/custom/pu_bible_book_organizer_bag-5473.html
2128,196,Aquila Canvas Women's Shoes (Model 018),Shoes,11.5,55.99,44.49,79.5,,https://ipimg.interestprint.com/data/product/196/img/20230731/20230731190243782848_250x250.jpg,https://www.interestprint.com/custom/canvas_women_s_shoes_new-196.html
2129,2143,Lace Band Embossing Swimsuit (ModelS15),Women's Clothing,11.57,34.99,23.42,66.9,,https://ipimg.interestprint.com/data/product/2143/img/20210520/20210520201233165402_250x250.jpg,https://www.interestprint.com/custom/lace_band_embossing_swimsuit_models15-2143.html
2130,4766,Women's Long Sleeve Top & Skirt Set,Women's Clothing,11.58,22.99,11.41,49.6,,https://ipimg.interestprint.com/data/product/4766/img/20250929/20250929020031238055_250x250.jpg,https://www.interestprint.com/custom/women_s_long_sleeve_top_skirt_set-4766.html
2131,4169,Oversized Shirt Dress,Women's Clothing,11.58,25.99,14.41,55.4,,https://ipimg.interestprint.com/data/product/4169/img/20250209/20250209230544431516_250x250.jpg,https://www.interestprint.com/custom/oversized_shirt_dress-4169.html
2132,5299,Festival Banner 71x35inch  | Ships from USA,U.S. Fulfillment,11.59,26.99,15.4,57.1,,https://ipimg.interestprint.com/data/product/5299/img/20260427/20260427091847722619_250x250.jpg,https://www.interestprint.com/custom/festival_banner_71x35inch_ships_from_usa-5299.html
2133,4784,Custom Pillow Case 18x18inch (One Side with Different Printing)(Pack of 4) | Ships from USA,U.S. Fulfillment,11.59,33.99,22.4,65.9,,https://ipimg.interestprint.com/data/product/4784/img/20260110/20260110053155451902_250x250.jpg,https://www.interestprint.com/custom/custom_pillow_case_18x18inch_one_side_with_different_printing_pack_of_4-4784.html
2134,4592,Custom Pillow Case 18x18inch (One Side Printing)(Pack of 4) | Ships from USA,U.S. Fulfillment,11.59,35.99,24.4,67.8,,https://ipimg.interestprint.com/data/product/4592/img/20260110/20260110054131501548_250x250.jpg,https://www.interestprint.com/custom/custom_linen_pillow_case_18x18inch_4_pack_us02-4592.html
2135,2985,"Custom Cradled Wood Panels 8""x10"" | Ships from USA",U.S. Fulfillment,11.59,22.99,11.4,49.6,,https://ipimg.interestprint.com/data/product/2985/img/20260107/20260107223524213260_250x250.jpg,https://www.interestprint.com/custom/wood_print_8_x10-2985.html
2136,2986,"Custom Cradled Wood Panels 10""x8"" | Ships from USA",U.S. Fulfillment,11.59,22.99,11.4,49.6,,https://ipimg.interestprint.com/data/product/2986/img/20260107/20260107223545089756_250x250.jpg,https://www.interestprint.com/custom/wood_print_10_x8-2986.html
2137,2350,"Cotton Linen Wall Tapestry 60"" x 80"" | Ships from USA",U.S. Fulfillment,11.59,39.99,28.4,71.0,,https://ipimg.interestprint.com/data/product/2350/img/20260625/20260625164329305570_250x250.jpg,https://www.interestprint.com/custom/cotton_linen_tapestry_60_x_80-2350.html
2138,2347,"Cotton Linen Wall Tapestry 80"" x 60"" | Ships from USA",U.S. Fulfillment,11.59,39.99,28.4,71.0,,https://ipimg.interestprint.com/data/product/2347/img/20260625/20260625164230695105_250x250.jpg,https://www.interestprint.com/custom/cotton_linen_tapestry_80_x_60-2347.html
2139,1003,Custom Morphing Mug(11OZ) | Ships from Australia,Australia Fulfillment,11.59,22.59,11.0,48.7,,https://ipimg.interestprint.com/data/product/1003/img/20260110/20260110233421876427_250x250.jpg,https://www.interestprint.com/custom/custom_morphing_mug_11oz_au-1003.html
2140,1499,"Ultra-Soft Mixed Green Fringe Blanket 40""x50""",Home Decor,11.6,54.99,43.39,78.9,,https://ipimg.interestprint.com/data/product/1499/img/20210412/20210412193315915905_250x250.jpg,https://www.interestprint.com/custom/ultra_soft_mixed_green_fringe_blanket_40x50_inch-1499.html
2141,4561,Aluminum Sign – Vertical | Ships from USA,U.S. Fulfillment,11.62,26.99,15.37,56.9,,https://ipimg.interestprint.com/data/product/4561/img/20260109/20260109054317893807_250x250.jpg,https://www.interestprint.com/custom/aluminum_sign_vertical-4561.html
2142,4560,Aluminum Sign – Horizontal | Ships from USA,U.S. Fulfillment,11.62,26.99,15.37,56.9,,https://ipimg.interestprint.com/data/product/4560/img/20260109/20260109054458223185_250x250.jpg,https://www.interestprint.com/custom/aluminum_sign_horizontal-4560.html
2143,3229,Round  Picnic Mat,Home Decor,11.62,23.99,12.37,51.6,,https://ipimg.interestprint.com/data/product/3229/img/20240419/20240419014830459832_250x250.jpg,https://www.interestprint.com/custom/round_picnic_mat-3229.html
2144,4023,Custom All Over Print Backpack,Bags,11.62,23.99,12.37,51.6,,https://ipimg.interestprint.com/data/product/4023/img/20241129/20241129002518642085_250x250.jpg,https://www.interestprint.com/custom/custom_all_over_print_backpack-4023.html
2145,2251,Women's Spaghetti Strap Cami Short Pajama Set (Model Sets 08),Women's Clothing,11.63,29.99,18.36,61.2,,https://ipimg.interestprint.com/data/product/2251/img/20211029/20211029000229132821_250x250.jpg,https://www.interestprint.com/custom/women_s_spaghetti_strap_cami_short_pajama_set_model_sets_08-2251.html
2146,3628,Zipper Picnic Mat（150*150）,Home Decor,11.64,19.99,8.35,41.8,,https://ipimg.interestprint.com/data/product/3628/img/20240711/20240711024626959069_250x250.jpg,https://www.interestprint.com/custom/zipper_picnic_mat_150_150-3628.html
2147,6165,Women's Collar Side Slits Dress with Buttons,Women's Clothing,11.65,34.99,23.34,66.7,,https://ipimg.interestprint.com/data/product/6165/img/20260901/20260901160455180256_250x250.jpg,https://www.interestprint.com/custom/women_s_collar_side_slits_dress_with_buttons-6165.html
2148,5608,Custom Men's Beltless Robe,Men's Clothing,11.66,34.99,23.33,66.7,,https://ipimg.interestprint.com/data/product/5608/img/20260506/20260506101952253640_250x250.jpg,https://www.interestprint.com/custom/custom_men_s_beltless_robe-5608.html
2149,2147,Women's One Shoulder Bikini Set(ModelS16),Women's Clothing,11.67,42.99,31.32,72.9,,https://ipimg.interestprint.com/data/product/2147/img/20210604/20210604032210473459_250x250.jpg,https://www.interestprint.com/custom/high_waisted_one_shoulder_bikini_set_s16-2147.html
2150,6066,"Polyester Peach Skin Wall Tapestry with Ribbons 24"" x 75"" | Ships from USA",Wedding & Party Decor,11.69,34.99,23.3,66.6,,https://ipimg.interestprint.com/data/product/6066/img/20260812/20260812160658710719_250x250.jpg,https://www.interestprint.com/custom/polyester_peach_skin_wall_tapestry_with_ribbons_24_x_75_ships_from_usa-6066.html
2151,6067,"Polyester Peach Skin Wall Tapestry with Ribbons 75"" x 24"" | Ships from USA",Wedding & Party Decor,11.69,34.99,23.3,66.6,,https://ipimg.interestprint.com/data/product/6067/img/20260812/20260812160538814922_250x250.jpg,https://www.interestprint.com/custom/polyester_peach_skin_wall_tapestry_with_ribbons_75_x_24_ships_from_usa-6067.html
2152,5615,"Linen Throw Pillow 18"" x 18""  (Set of 2) | Ships from USA",U.S. Fulfillment,11.69,33.99,22.3,65.6,,https://ipimg.interestprint.com/data/product/5615/img/20260513/20260513163933262611_250x250.jpg,https://www.interestprint.com/custom/linen_throw_pillow_18_x_18_set_of_2_ships_from_usa-5615.html
2153,3156,"Custom Gift Wrapping Paper 58""x 23"" (2 Rolls)  | Ships from USA",U.S. Fulfillment,11.69,23.99,12.3,51.3,,https://ipimg.interestprint.com/data/product/3156/img/20260109/20260109173748626880_250x250.jpg,https://www.interestprint.com/custom/gift_wrapping_paper_58_x_23_2_rolls_us-3156.html
2154,2688,"Gift Wrapping Paper 58""x 23"" (2 Rolls) | Ships from USA",U.S. Fulfillment,11.69,23.99,12.3,51.3,,https://ipimg.interestprint.com/data/product/2688/img/20260109/20260109174722339019_250x250.jpg,https://www.interestprint.com/custom/gift_wrapping_paper_58_x_23_2_rolls-2688.html
2155,4463,Elastic High Waist Zipper Pocket Active Shorts,Women's Clothing,11.7,31.99,20.29,63.4,,https://ipimg.interestprint.com/data/product/4463/img/20250626/20250626190818162905_250x250.jpg,https://www.interestprint.com/custom/custom_elastic_high_waist_zipper_pocket_active_shorts-4463.html
2156,1234,Round Gold Photo Pendant with Rope Chain,Personalized Product,11.73,29.99,18.26,60.9,,https://ipimg.interestprint.com/data/product/1234/img/20200709/20200709183921130539_250x250.jpg,https://www.interestprint.com/custom/round_gold_photo_pendant_with_rope_chain-1234.html
2157,1235,Round Silver Photo Pendant with Rope Chain,Personalized Product,11.74,29.99,18.25,60.9,,https://ipimg.interestprint.com/data/product/1235/img/20200709/20200709021929851495_250x250.jpg,https://www.interestprint.com/custom/round_silver_photo_pendant_with_rope_chain-1235.html
2158,5679,Women's V-Neck Sleeveless Maxi Dress with Pockets,Women's Clothing,11.76,34.99,23.23,66.4,,https://ipimg.interestprint.com/data/product/5679/img/20260520/20260520174547529927_250x250.jpg,https://www.interestprint.com/custom/women_s_v_neck_sleeveless_maxi_dress_with_pockets-5679.html
2159,6175,Flannel Adult  Lounge Robe,Men's Clothing,11.78,35.99,24.21,67.3,,https://ipimg.interestprint.com/data/product/6175/img/20260903/20260903155820035232_250x250.jpg,https://www.interestprint.com/custom/flannel_adult_lounge_robe-6175.html
2160,3228,Square Picnic Mat,Home Decor,11.78,24.99,13.21,52.9,,https://ipimg.interestprint.com/data/product/3228/img/20240419/20240419020657127833_250x250.jpg,https://www.interestprint.com/custom/square_picnic_mat-3228.html
2161,6043,Custom Embroidered Woven Straw Basket Bag | Ships from USA,Wedding & Party Decor,11.79,33.99,22.2,65.3,,https://ipimg.interestprint.com/data/product/6043/img/20260806/20260806111652960314_250x250.jpg,https://www.interestprint.com/custom/custom_embroidered_straw_basket_bag_ships_from_usa-6043.html
2162,2748,Men's V-Neck Short Pajama Top (Model Sets 11),Men's Clothing,11.79,28.99,17.2,59.3,,https://ipimg.interestprint.com/data/product/2748/img/20230524/20230524190431782739_250x250.jpg,https://www.interestprint.com/custom/men_s_v_neck_short_pajama_top-2748.html
2163,177,Tote Bag (Model 1642),Bags,11.79,51.99,40.2,77.3,,https://ipimg.interestprint.com/data/product/177/img/20150624/20150624180201355126_250x250.jpg,https://www.interestprint.com/custom/tote_bag-177.html
2164,2938,All Over Print Unisex Sweatpants(Model L11),Men's Clothing,11.8,39.99,28.19,70.5,,https://ipimg.interestprint.com/data/product/2938/img/20231218/20231218182225233309_250x250.jpg,https://www.interestprint.com/custom/men_s_all_over_print_sweatpants_l11-2938.html
2165,352,Leather Tote Bag (Model 1651) (Big),Bags,11.8,53.99,42.19,78.1,,https://ipimg.interestprint.com/data/product/352/img/20220322/20220322012709058201_250x250.jpg,https://www.interestprint.com/custom/tote_bag_model51_big-352.html
2166,5932,All Over Print Cotton Men's Camp Collar Short Sleeve Shirt,All-Over Cotton Collection,11.82,33.99,22.17,65.2,,https://ipimg.interestprint.com/data/product/5932/img/20260706/20260706172218968539_250x250.jpg,https://www.interestprint.com/custom/all_over_print_cotton_men_s_camp_collar_short_sleeve_shirt-5932.html
2167,5313,Strappy Two-Piece Slit Skirt Swimsuit Set,Women's Clothing,11.82,31.99,20.17,63.1,,https://ipimg.interestprint.com/data/product/5313/img/20260304/20260304004823235287_250x250.jpg,https://www.interestprint.com/custom/strappy_two_piece_slit_skirt_swimsuit_set-5313.html
2168,3506,Slip Dress With Ruffled Hemline,Women's Clothing,11.82,22.99,11.17,48.6,,https://ipimg.interestprint.com/data/product/3506/img/20241030/20241030182933192025_250x250.jpg,https://www.interestprint.com/custom/slip_dress_with_ruffled_hemline-3506.html
2169,6007,Men's Raglan Long Sleeve Crew Neck Pajama Set,Men's Clothing,11.82,33.99,22.17,65.2,,https://ipimg.interestprint.com/data/product/6007/img/20260724/20260724153857600971_250x250.jpg,https://www.interestprint.com/custom/men_s_raglan_long_sleeve_crew_neck_pajama_set-6007.html
2170,5459,Men's Hooded Long Sleeve Zipper Jumpsuit,Men's Clothing,11.86,33.99,22.13,65.1,,https://ipimg.interestprint.com/data/product/5459/img/20260410/20260410145635757349_250x250.jpg,https://www.interestprint.com/custom/men_s_hooded_long_sleeve_zipper_jumpsuit-5459.html
2171,3664,High Neck Sweater (MY01),Women's Clothing,11.88,22.99,11.11,48.3,,https://ipimg.interestprint.com/data/product/3664/img/20240718/20240718015353738280_250x250.jpg,https://www.interestprint.com/custom/high_neck_sweater_my01-3664.html
2172,3448,Women's Cover Up Dress,Women's Clothing,11.88,23.99,12.11,50.5,,https://ipimg.interestprint.com/data/product/3448/img/20240606/20240606012459123103_250x250.jpg,https://www.interestprint.com/custom/women_s_cover_up_dress-3448.html
2173,5016,"Rectangular Tablecloth 86"" x 60"" | Ships from USA",U.S. Fulfillment,11.89,29.99,18.1,60.4,,https://ipimg.interestprint.com/data/product/5016/img/20260109/20260109202944318160_250x250.jpg,https://www.interestprint.com/custom/rectangular_tablecloth_86_x_60-5016.html
2174,5880,Women's Strapless Waist-Cinched Flowy Maxi Dress,Women's Clothing,11.95,33.99,22.04,64.8,,https://ipimg.interestprint.com/data/product/5880/img/20260626/20260626140334552744_250x250.jpg,https://www.interestprint.com/custom/women_s_strapless_waist_cinched_flowy_maxi_dress-5880.html
2175,5893,"Lace Hanging Tapestry 20"" x 60""",Wedding & Party Decor,11.99,35.99,24.0,66.7,,https://ipimg.interestprint.com/data/product/5893/img/20260629/20260629141447301839_250x250.jpg,https://www.interestprint.com/custom/lace_hanging_tapestry_20_x_60-5893.html
2176,5758,"Festival Banner 96"" x 30"" | Ships from USA",Wedding & Party Decor,11.99,33.99,22.0,64.7,,https://ipimg.interestprint.com/data/product/5758/img/20260715/20260715160009266674_250x250.jpg,https://www.interestprint.com/custom/festival_banner_96_x_30_ships_from_usa-5758.html
2177,4745,Hanging Door Banners | Ships from USA,Wedding & Party Decor,11.99,33.99,22.0,64.7,,https://ipimg.interestprint.com/data/product/4745/img/20260429/20260429154832857360_250x250.jpg,https://www.interestprint.com/custom/custom_hanging_door_banners_30_180cm-4745.html
2178,6177,"Custom Christmas Tree Skirt 36"" x 36"" | Ships from USA",Christmas Gifts,11.99,34.99,23.0,65.7,,https://ipimg.interestprint.com/data/product/6177/img/20260910/20260910151522706588_250x250.jpg,https://www.interestprint.com/custom/custom_christmas_tree_skirt_36_x_36_ships_from_usa-6177.html
2179,5025,Personalized Puzzle Shaped Acrylic Plaque,Valentine's Day,11.99,22.99,11.0,47.8,,https://ipimg.interestprint.com/data/product/5025/img/20251208/20251208002553520582_250x250.jpg,https://www.interestprint.com/custom/personalized_puzzle_shaped_acrylic_plaque-5025.html
2180,927,Women's All Over Print Thongs (Model L30),Valentine's Day,11.99,29.99,18.0,60.0,,https://ipimg.interestprint.com/data/product/927/img/20231218/20231218181413490803_250x250.jpg,https://www.interestprint.com/custom/women_s_thong_18035-927.html
2181,1422,"Ultra-Soft Micro Fleece Blanket 40"" x 50""  | Ships from USA",Valentine's Day,11.99,54.99,43.0,78.2,,https://ipimg.interestprint.com/data/product/1422/img/20260109/20260109075815867646_250x250.jpg,https://www.interestprint.com/custom/ultra_soft_micro_fleece_blanket_40_x_50-1422.html
2182,3963,3-in-1 Backpack Combo Set,Back to School,11.99,31.99,20.0,62.5,,https://ipimg.interestprint.com/data/product/3963/img/20241107/20241107231532408170_250x250.jpg,https://www.interestprint.com/custom/custom_3_in_1_backpack_combo_set-3963.html
2183,986,Pencil Pouch (Small) (Model 1681),Back to School,11.99,29.99,18.0,60.0,,https://ipimg.interestprint.com/data/product/986/img/20190509/20190509181837522677_250x250.jpg,https://www.interestprint.com/custom/pen_bag-986.html
2184,6069,Custom Oven Curtain | Ships from USA,U.S. Fulfillment,11.99,33.99,22.0,64.7,,https://ipimg.interestprint.com/data/product/6069/img/20260813/20260813163056092053_250x250.jpg,https://www.interestprint.com/custom/custom_oven_curtain_ships_from_usa-6069.html
2185,6037,"Luggage Cover 26"" x 28"" ( Large ) | Ships from USA",U.S. Fulfillment,11.99,34.99,23.0,65.7,,https://ipimg.interestprint.com/data/product/6037/img/20260807/20260807113844398264_250x250.jpg,https://www.interestprint.com/custom/luggage_cover_26_x_28_large_ships_from_usa-6037.html
2186,5936,"Custom Pillow Cases 18"" x 18"" (3-Pack) | Ships from USA",U.S. Fulfillment,11.99,33.99,22.0,64.7,,https://ipimg.interestprint.com/data/product/5936/img/20260707/20260707155626333811_250x250.jpg,https://www.interestprint.com/custom/custom_pillow_cases_18_x_18_3_pack_ships_from_usa-5936.html
2187,5920,Light-Wash Blue Denim Shorts (Right Pocket Print) | Ships from USA,U.S. Fulfillment,11.99,33.99,22.0,64.7,,https://ipimg.interestprint.com/data/product/5920/img/20260703/20260703183732819402_250x250.jpg,https://www.interestprint.com/custom/light_wash_blue_denim_shorts_right_pocket_print_ships_from_usa-5920.html
2188,5918,Light-Wash Blue Denim Shorts (Left Pocket Print) | Ships from USA,U.S. Fulfillment,11.99,33.99,22.0,64.7,,https://ipimg.interestprint.com/data/product/5918/img/20260703/20260703183812390875_250x250.jpg,https://www.interestprint.com/custom/light_wash_blue_denim_shorts_left_pocket_print_ships_from_usa-5918.html
2189,5507,"Throw Pillow 18"" x 18""  (Set of 2) | Ships from USA",U.S. Fulfillment,11.99,29.99,18.0,60.0,,https://ipimg.interestprint.com/data/product/5507/img/20260420/20260420085539782009_250x250.jpg,https://www.interestprint.com/custom/throw_pillow_18x18inch_set_of_2-5507.html
2190,5428,Custom Rectangle Bamboo Cutting Board (One Side Printing) | Ships from USA,U.S. Fulfillment,11.99,31.99,20.0,62.5,,https://ipimg.interestprint.com/data/product/5428/img/20260403/20260403153619791930_250x250.jpg,https://www.interestprint.com/custom/heart_shaped_cutout_cutting_board_one_side_printing_ships_from_usa-5428.html
2191,5407,Men's Pocketless Lounge Shorts（Model L83）| Ships from USA,U.S. Fulfillment,11.99,35.99,24.0,66.7,,https://ipimg.interestprint.com/data/product/5407/img/20260330/20260330134714834500_250x250.jpg,https://www.interestprint.com/custom/men_s_pocketless_lounge_shorts_l83_ships_from_usa-5407.html
2192,4180,Door Curtain 51x78 inch | Ships from USA,U.S. Fulfillment,11.99,34.99,23.0,65.7,,https://ipimg.interestprint.com/data/product/4180/img/20260109/20260109184526992562_250x250.jpg,https://www.interestprint.com/custom/custom_door_curtain_51x78inch-4180.html
2193,3722,"Art Print 24""x20"" | Ships from USA",U.S. Fulfillment,11.99,19.99,8.0,40.0,,https://ipimg.interestprint.com/data/product/3722/img/20260107/20260107212721460854_250x250.jpg,https://www.interestprint.com/custom/art_print_24_x20-3722.html
2194,3715,"Art Print 20""x24"" | Ships from USA",U.S. Fulfillment,11.99,19.99,8.0,40.0,,https://ipimg.interestprint.com/data/product/3715/img/20260107/20260107213414653637_250x250.jpg,https://www.interestprint.com/custom/art_print_20_x24-3715.html
2195,3472,Custom Letter Lace G-String(Back Customization) | Shipped from USA,U.S. Fulfillment,11.99,23.99,12.0,50.0,,https://ipimg.interestprint.com/data/product/3472/img/20260203/20260203194117569519_250x250.jpg,https://www.interestprint.com/custom/custom_letter_lace_g_string_back_customizing-3472.html
2196,3471,Custom Letter Heart Lace G-String(Back Customization)  | Shipped from USA,U.S. Fulfillment,11.99,23.99,12.0,50.0,,https://ipimg.interestprint.com/data/product/3471/img/20240610/20240610203238915989_250x250.jpg,https://www.interestprint.com/custom/custom_letter_heart_lace_g_string_back_customization_made_in_usa-3471.html
2197,3470,Custom Letter Lace Thong(Back Customization) | Shipped from USA,U.S. Fulfillment,11.99,23.99,12.0,50.0,,https://ipimg.interestprint.com/data/product/3470/img/20240610/20240610202121277712_250x250.jpg,https://www.interestprint.com/custom/custom_letter_lace_thong_back_customization_made_in_usa-3470.html
2198,3457,"Art Print 14""x11"" (3 Pack) (Customizable Separately) | Ships from USA",U.S. Fulfillment,11.99,22.99,11.0,47.8,,https://ipimg.interestprint.com/data/product/3457/img/20260107/20260107214848217022_250x250.jpg,https://www.interestprint.com/custom/art_print_14_x11_3_pack_customizable_separately-3457.html
2199,3456,"Art Print 11""x14"" (3 Pack) (Customizable Separately) | Ships from USA",U.S. Fulfillment,11.99,22.99,11.0,47.8,,https://ipimg.interestprint.com/data/product/3456/img/20260107/20260107214920202897_250x250.jpg,https://www.interestprint.com/custom/art_print_11_x14_3_pack_customizable_separately-3456.html
2200,3191,Custom Letter Lace G-String | Shipped from USA,U.S. Fulfillment,11.99,23.99,12.0,50.0,,https://ipimg.interestprint.com/data/product/3191/img/20240411/20240411203558329200_250x250.jpg,https://www.interestprint.com/custom/custom_letter_lace_g_string_us02-3191.html
2201,3192,Custom Letter Heart Lace G-String | Shipped from USA,U.S. Fulfillment,11.99,23.99,12.0,50.0,,https://ipimg.interestprint.com/data/product/3192/img/20240411/20240411221049556699_250x250.jpg,https://www.interestprint.com/custom/custom_letter_heart_lace_g_string_made_in_usa-3192.html
2202,3193,Custom Letter Lace Thong | Shipped from USA,U.S. Fulfillment,11.99,23.99,12.0,50.0,,https://ipimg.interestprint.com/data/product/3193/img/20240411/20240411221728572780_250x250.jpg,https://www.interestprint.com/custom/custom_letter_lace_thong_made_in_usa-3193.html
2203,3121,"Art Print 10""x8"" (Pack of 4) | Ships from USA",U.S. Fulfillment,11.99,23.99,12.0,50.0,,https://ipimg.interestprint.com/data/product/3121/img/20260107/20260107220128806963_250x250.jpg,https://www.interestprint.com/custom/art_print_10_x8_pack_of_4-3121.html
2204,3120,"Art Print 8""x10"" (Pack of 4) | Ships from USA",U.S. Fulfillment,11.99,23.99,12.0,50.0,,https://ipimg.interestprint.com/data/product/3120/img/20260107/20260107220212387733_250x250.jpg,https://www.interestprint.com/custom/art_print_8_x10_pack_of_4-3120.html
2205,3109,"Art Prints 14""x11"" (Pack of 3) | Ships from USA",U.S. Fulfillment,11.99,23.99,12.0,50.0,,https://ipimg.interestprint.com/data/product/3109/img/20260107/20260107220830483693_250x250.jpg,https://www.interestprint.com/custom/art_prints_14_x11_pack_of_3-3109.html
2206,3108,"Art Print 11""x14"" (Pack of 3) | Ships from USA",U.S. Fulfillment,11.99,23.99,12.0,50.0,,https://ipimg.interestprint.com/data/product/3108/img/20260107/20260107220925938818_250x250.jpg,https://www.interestprint.com/custom/art_print_11_x14_pack_of_3-3108.html
2207,1493,Men's All Over Print Boxer Briefs(ModelL34) | Ships from USA,U.S. Fulfillment,11.99,29.99,18.0,60.0,,https://ipimg.interestprint.com/data/product/1493/img/20260108/20260108003218942243_250x250.jpg,https://www.interestprint.com/custom/men_s_all_over_print_boxer_briefs_modell34-1493.html
2208,4774,Custom Pillow Case 18x18inch (One Side Printing) | Ships from Australia,Australia Fulfillment,11.99,19.99,8.0,40.0,,https://ipimg.interestprint.com/data/product/4774/img/20260111/20260111004945699613_250x250.jpg,https://www.interestprint.com/custom/custom_pillow_case_18x18inch_one_side_printing_au-4774.html
2209,2559,"Upgraded Frame Canvas Print 6""x4"" | Ships from Australia",Australia Fulfillment,11.99,16.99,5.0,29.4,,https://ipimg.interestprint.com/data/product/2559/img/20260111/20260111014320479475_250x250.jpg,https://www.interestprint.com/custom/frame_canvas_print_6_x4_au-2559.html
2210,2558,"Upgraded Frame Canvas Print 4""x6"" | Ships from Australia",Australia Fulfillment,11.99,16.99,5.0,29.4,,https://ipimg.interestprint.com/data/product/2558/img/20260111/20260111014313918249_250x250.jpg,https://www.interestprint.com/custom/frame_canvas_print_4_x6_au-2558.html
2211,4879,Unisex Cotton T-Shirt (Back Printing)  | Ships from Japan,Japan Fulfillment,11.99,29.99,18.0,60.0,,https://ipimg.interestprint.com/data/product/4879/img/20260110/20260110221241156670_250x250.jpg,https://www.interestprint.com/custom/unisex_heavy_cotton_t_shirt_back_printing_jp-4879.html
2212,4648,Unisex Cotton T-Shirt (Front Printing) | Ships from Japan,Japan Fulfillment,11.99,29.99,18.0,60.0,,https://ipimg.interestprint.com/data/product/4648/img/20260110/20260110221401813276_250x250.jpg,https://www.interestprint.com/custom/unisex_cotton_t_shirt_front_printing_jp-4648.html
2213,3410,Custom Embroidered Bunny Plush Toy-Small,Personalized Product,11.99,22.99,11.0,47.8,,https://ipimg.interestprint.com/data/product/3410/img/20240529/20240529233154998786_250x250.jpg,https://www.interestprint.com/custom/custom_embroidered_bunny_plush_toy_small-3410.html
2214,3927,Women's Pajama Short (Model Sets 28),Women's Clothing,11.99,19.99,8.0,40.0,,https://ipimg.interestprint.com/data/product/3927/img/20241031/20241031012526547059_250x250.jpg,https://www.interestprint.com/custom/custom_women_s_pajama_short_model_sets_28-3927.html
2215,1502,Men's Boxer Briefs with Fly (ModelL49),Men's Clothing,11.99,25.99,14.0,53.9,,https://ipimg.interestprint.com/data/product/1502/img/20210419/20210419201220745950_250x250.jpg,https://www.interestprint.com/custom/men_s_boxer_briefs_with_fly_modell49-1502.html
2216,1503,Men's Mid Rise Briefs(ModelL48),Men's Clothing,11.99,25.99,14.0,53.9,,https://ipimg.interestprint.com/data/product/1503/img/20210419/20210419202538426874_250x250.jpg,https://www.interestprint.com/custom/men_s_mid_rise_briefs_modell48-1503.html
2217,4965,Double-Layer Flannel Sherpa Blanket,Home Decor,11.99,42.99,31.0,72.1,,https://ipimg.interestprint.com/data/product/4965/img/20251117/20251117181758277348_250x250.jpg,https://www.interestprint.com/custom/double_layer_flannel_sherpa_blanket-4965.html
2218,4017,"Window Curtain 28""x40"" (2-Piece)",Home Decor,11.99,24.99,13.0,52.0,,https://ipimg.interestprint.com/data/product/4017/img/20241125/20241125181827012395_250x250.jpg,https://www.interestprint.com/custom/custom_window_curtain_70x100cm_2_piece-4017.html
2219,3834,Personalized Round Glass Ornament,Home Decor,11.99,22.99,11.0,47.8,,https://ipimg.interestprint.com/data/product/3834/img/20240919/20240919001046685343_250x250.jpg,https://www.interestprint.com/custom/personalized_round_glass_ornament-3834.html
2220,2919,300-Piece Wooden Jigsaw Puzzles (Horizontal),Home Decor,11.99,19.99,8.0,40.0,,https://ipimg.interestprint.com/data/product/2919/img/20231020/20231020002626429447_250x250.jpg,https://www.interestprint.com/custom/300_piece_wooden_jigsaw_puzzles_horizontal-2919.html
2221,2916,300-Piece Wooden Jigsaw Puzzles (Vertical),Home Decor,11.99,19.99,8.0,40.0,,https://ipimg.interestprint.com/data/product/2916/img/20231022/20231022224034401680_250x250.jpg,https://www.interestprint.com/custom/300_piece_wooden_jigsaw_puzzles_vertical-2916.html
2222,204,"Rectangle Pillow Case 20""x30""(One Side)",Home Decor,11.99,20.95,8.96,42.8,,https://ipimg.interestprint.com/data/product/204/img/20150730/20150730115222052815_250x250.jpg,https://www.interestprint.com/custom/rectangle_pillow_case_20_x30_one_side-204.html
2223,201,"Rectangle Pillow Case 16""x24"" (One Side)",Home Decor,11.99,20.95,8.96,42.8,,https://ipimg.interestprint.com/data/product/201/img/20150730/20150730115406532334_250x250.jpg,https://www.interestprint.com/custom/rectangle_pillow_case_16_x24_one_side-201.html
2224,129,Foldable Umbrella (Model U01),Home Decor,11.99,33.99,22.0,64.7,,https://ipimg.interestprint.com/data/product/129/img/20250516/20250516022621894875_250x250.jpg,https://www.interestprint.com/custom/foldable_umbrella-129.html
2225,1347,Personalized Bottle Ornament(One Piece),Home Decor,11.99,19.99,8.0,40.0,,https://ipimg.interestprint.com/data/product/1347/img/20201019/20201019205642078026_250x250.jpg,https://www.interestprint.com/custom/personalized_bottle_ornament-1347.html
2226,5289,Duffle Bag-Simple (Model 1679),Bags,11.99,38.99,27.0,69.2,,https://ipimg.interestprint.com/data/product/5289/img/20260223/20260223191727401614_250x250.jpg,https://www.interestprint.com/custom/duffle_bag_simple_modle_1679-5289.html
2227,4032,Custom Kid's Backpack,Bags,11.99,25.99,14.0,53.9,,https://ipimg.interestprint.com/data/product/4032/img/20241203/20241203231145662277_250x250.jpg,https://www.interestprint.com/custom/custom_kid_s_backpack-4032.html
2228,1131,All Over Print Canvas Tote Bag(Model1698)(Medium),Bags,11.99,19.99,8.0,40.0,,https://ipimg.interestprint.com/data/product/1131/img/20200119/20200119175639988434_250x250.jpg,https://www.interestprint.com/custom/all_over_print_canvas_tote_bag_model1698_medium-1131.html
2229,1128,Canvas Tote Bag(Model 1701)(Medium),Bags,11.99,19.99,8.0,40.0,,https://ipimg.interestprint.com/data/product/1128/img/20200116/20200116195304359574_250x250.jpg,https://www.interestprint.com/custom/canvas_tote_bag_medium_1701-1128.html
2230,1470,All Over Print Chest Bag(Model1719),Bags,11.99,29.99,18.0,60.0,,https://ipimg.interestprint.com/data/product/1470/img/20210329/20210329235731997534_250x250.jpg,https://www.interestprint.com/custom/all_over_print_chest_bag_model1719-1470.html
2231,523,Cosmetic Bag (Model 1658) (Large),Bags,11.99,22.99,11.0,47.8,,https://ipimg.interestprint.com/data/product/523/img/20170220/20170220225808420505_250x250.jpg,https://www.interestprint.com/custom/cosmetic_bag_model_1658_large-523.html
2232,3203,Heart-Shaped Pet Memorial Stone,Accessories,11.99,23.99,12.0,50.0,,https://ipimg.interestprint.com/data/product/3203/img/20240415/20240415232800436555_250x250.jpg,https://www.interestprint.com/custom/heart_shaped_pet_memorial_stone-3203.html
2233,860,Car Seat Covers (Set of 2),Accessories,11.99,69.99,58.0,82.9,,https://ipimg.interestprint.com/data/product/860/img/20180814/20180814231849622286_250x250.png,https://www.interestprint.com/custom/car_seat_cover_set_two_pieces-860.html
2234,368,Men's Casual  Leather Strap Watch (Model 211),Accessories,11.99,29.99,18.0,60.0,,https://ipimg.interestprint.com/data/product/368/img/20180814/20180814030756694387_250x250.png,https://www.interestprint.com/custom/men_s_casual_leather_strap_watch-368.html
2235,1224,Custom Peekaboo Necktie with Your Hidden Photo,Accessories,11.99,25.99,14.0,53.9,,https://ipimg.interestprint.com/data/product/1224/img/20200630/20200630025913821684_250x250.jpg,https://www.interestprint.com/custom/custom_peekaboo_tie_with_hidden_picture-1224.html
2236,773,Unisex Casual Sweatpants (Model L11),Women's Clothing,12.0,39.99,27.99,70.0,,https://ipimg.interestprint.com/data/product/773/img/20180123/20180123175047256947_250x250.jpg,https://www.interestprint.com/custom/women_s_all_over_print_sweatpants_l11-773.html
2237,2911,Kid's High Top Canvas Shoes (Model 017),Shoes,12.0,49.99,37.99,76.0,,https://ipimg.interestprint.com/data/product/2911/img/20231030/20231030225538332396_250x250.jpg,https://www.interestprint.com/custom/custom_high_top_canvas_shoes_for_women_model017-2911.html
2238,197,Aquila High Top Canvas Women's Shoes (Model 017),Shoes,12.0,49.99,37.99,76.0,,https://ipimg.interestprint.com/data/product/197/img/20230731/20230731204752995621_250x250.jpg,https://www.interestprint.com/custom/high_top_canvas_women_s_shoes_new-197.html
2239,292,Aquila Canvas Men's Shoes (Model 018),Shoes,12.0,57.99,45.99,79.3,,https://ipimg.interestprint.com/data/product/292/img/20230731/20230731203255047720_250x250.jpg,https://www.interestprint.com/custom/aquila_canvas_shoes_for_men_model018-292.html
2240,4166,All Over Print Women's Overall,Women's Clothing,12.03,26.99,14.96,55.4,,https://ipimg.interestprint.com/data/product/4166/img/20250209/20250209230619508960_250x250.jpg,https://www.interestprint.com/custom/all_over_print_women_s_overall-4166.html
2241,3564,Two-piece Swimsuit (QZ6072),Women's Clothing,12.03,25.99,13.96,53.7,,https://ipimg.interestprint.com/data/product/3564/img/20240628/20240628012544856987_250x250.jpg,https://www.interestprint.com/custom/two_piece_swimsuit-3564.html
2242,3563,Plus Size Two-piece Swimsuit (QZ6072),Women's Clothing,12.03,25.99,13.96,53.7,,https://ipimg.interestprint.com/data/product/3563/img/20240628/20240628012525236890_250x250.jpg,https://www.interestprint.com/custom/two_piece_swimsuit_large-3563.html
2243,4034,16 inch Shoulder Backpack,Bags,12.03,27.99,15.96,57.0,,https://ipimg.interestprint.com/data/product/4034/img/20241203/20241203231121592133_250x250.jpg,https://www.interestprint.com/custom/16_inch_shoulder_backpack-4034.html
2244,6133,All Over Print Cotton Men's Lapel Short Sleeve Shirt With Pocket,All-Over Cotton Collection,12.04,34.99,22.95,65.6,,https://ipimg.interestprint.com/data/product/6133/img/20260826/20260826150713878294_250x250.jpg,https://www.interestprint.com/custom/all_over_print_cotton_men_s_lapel_short_sleeve_shirt_with_pocket-6133.html
2245,4608,Custom Women's Watch,Accessories,12.04,35.99,23.95,66.5,,https://ipimg.interestprint.com/data/product/4608/img/20250813/20250813184828842888_250x250.jpg,https://www.interestprint.com/custom/custom_women_s_watch-4608.html
2246,4457,Custom Men's Watch,Accessories,12.04,35.99,23.95,66.5,,https://ipimg.interestprint.com/data/product/4457/img/20250713/20250713200403666969_250x250.jpg,https://www.interestprint.com/custom/custom_watch-4457.html
2247,5780,Vintage Washed Cotton T-Shirt (Back Print) | Ships from USA,U.S. Fulfillment,12.07,36.99,24.92,67.4,,https://ipimg.interestprint.com/data/product/5780/img/20260605/20260605164938866639_250x250.jpg,https://www.interestprint.com/custom/vintage_washed_cotton_t_shirt_back_print_ships_from_usa-5780.html
2248,4417,Pocket Bib Short Romper,Women's Clothing,12.07,34.99,22.92,65.5,,https://ipimg.interestprint.com/data/product/4417/img/20250611/20250611192937005481_250x250.jpg,https://www.interestprint.com/custom/custom_pocket_bib_romper-4417.html
2249,3020,All Over Print Women's Blazer,Women's Clothing,12.07,39.99,27.92,69.8,,https://ipimg.interestprint.com/data/product/3020/img/20240808/20240808230719886841_250x250.jpg,https://www.interestprint.com/custom/all_over_print_womens_blazer-3020.html
2250,3428,Women's Halter Neck Gather Chest Swimsuit (Model S52),Women's Clothing,12.08,31.99,19.91,62.2,,https://ipimg.interestprint.com/data/product/3428/img/20240603/20240603011835798806_250x250.jpg,https://www.interestprint.com/custom/women_s_halter_neck_gather_chest_swimsuit-3428.html
2251,3631,Women's Mid-length Cardigan (NZ060),Women's Clothing,12.11,24.99,12.88,51.5,,https://ipimg.interestprint.com/data/product/3631/img/20240715/20240715003426876740_250x250.jpg,https://www.interestprint.com/custom/cardigan-3631.html
2252,5690,Women's V-Neck Short Sleeve Pajama Set with Chest Pocket,Women's Clothing,12.17,36.99,24.82,67.1,,https://ipimg.interestprint.com/data/product/5690/img/20260522/20260522104227143744_250x250.jpg,https://www.interestprint.com/custom/women_s_v_neck_short_sleeve_pajama_set_with_chest_pocket-5690.html
2253,2277,All-Over Print Unisex Casual Backpack with Side Mesh Pockets (Model 1659),Back to School,12.19,39.99,27.8,69.5,,https://ipimg.interestprint.com/data/product/2277/img/20211228/20211228182750609882_250x250.jpg,https://www.interestprint.com/custom/1659-2277.html
2254,3300,Women Mid-length Slim Fit Hoodie,Women's Clothing,12.19,26.99,14.8,54.8,,https://ipimg.interestprint.com/data/product/3300/img/20240429/20240429005430668961_250x250.jpg,https://www.interestprint.com/custom/women_mid_length_slim_fit_hoodie-3300.html
2255,3683,Women's Pajama Set (203),Women's Clothing,12.19,25.99,13.8,53.1,,https://ipimg.interestprint.com/data/product/3683/img/20240722/20240722195832960285_250x250.jpg,https://www.interestprint.com/custom/women_s_pajama_set_203-3683.html
2256,5944,Men's Long Sleeve Henley Collar Pajama Set,Men's Clothing,12.19,34.99,22.8,65.2,,https://ipimg.interestprint.com/data/product/5944/img/20260709/20260709160954599778_250x250.jpg,https://www.interestprint.com/custom/men_s_long_sleeve_henley_collar_pajama_set-5944.html
2257,5000,"Triptych Decorative Frame 12"" × 18""",Wall Art,12.19,26.99,14.8,54.8,,https://ipimg.interestprint.com/data/product/5000/img/20260115/20260115233226979557_250x250.jpg,https://www.interestprint.com/custom/triptych_decorative_frame_12_18-5000.html
2258,6163,Women's Empire Waist Smock Dress,Women's Clothing,12.22,36.99,24.77,67.0,,https://ipimg.interestprint.com/data/product/6163/img/20260901/20260901160534735404_250x250.jpg,https://www.interestprint.com/custom/women_s_empire_waist_smock_dress-6163.html
2259,4612,Unisex Bucket Hat | Ships from USA,U.S. Fulfillment,12.23,29.99,17.76,59.2,,https://ipimg.interestprint.com/data/product/4612/img/20260109/20260109051459863052_250x250.jpg,https://www.interestprint.com/custom/unisex_bucket_hat-4612.html
2260,5709,Women's Hem Tie One-piece Swimsuit,Women's Clothing,12.23,36.99,24.76,66.9,,https://ipimg.interestprint.com/data/product/5709/img/20260525/20260525153504168715_250x250.jpg,https://www.interestprint.com/custom/women_s_hem_tie_one_piece_swimsuit-5709.html
2261,5708,Women's V-neck One-piece Swimsuit with Cutout,Women's Clothing,12.23,36.99,24.76,66.9,,https://ipimg.interestprint.com/data/product/5708/img/20260525/20260525153347472797_250x250.jpg,https://www.interestprint.com/custom/women_s_v_neck_one_piece_swimsuit_with_cutout-5708.html
2262,5700,Women's Mesh Plunge One-Piece Swimsuit,Women's Clothing,12.23,36.99,24.76,66.9,,https://ipimg.interestprint.com/data/product/5700/img/20260522/20260522110829420908_250x250.jpg,https://www.interestprint.com/custom/women_s_mesh_plunge_one_piece_swimsuit-5700.html
2263,4861,Women's Sleeveless V-Neck Belted Dress,Women's Clothing,12.23,25.99,13.76,52.9,,https://ipimg.interestprint.com/data/product/4861/img/20251020/20251020235450306853_250x250.jpg,https://www.interestprint.com/custom/women_s_sleeveless_v_neck_belted_dress-4861.html
2264,6218,Custom Women's Cardigan,Women's Clothing,12.26,34.99,22.73,65.0,,https://ipimg.interestprint.com/data/product/6218/img/20260909/20260909170038160101_250x250.jpg,https://www.interestprint.com/custom/custom_women_s_cardigan-6218.html
2265,6070,Women's Satin Camp Collar Short Sleeve Pajama Set,Women's Clothing,12.26,36.99,24.73,66.9,,https://ipimg.interestprint.com/data/product/6070/img/20260813/20260813163225145774_250x250.jpg,https://www.interestprint.com/custom/women_s_satin_camp_collar_short_sleeve_pajama_set-6070.html
2266,5796,Stained Glass Suncatcher | Ships from USA,Halloween Decor,12.27,36.99,24.72,66.8,,https://ipimg.interestprint.com/data/product/5796/img/20260615/20260615094550956043_250x250.jpg,https://www.interestprint.com/custom/stained_glass_suncatcher_ships_from_usa-5796.html
2267,5494,3-Piece Bathroom Rug Set | Ships from USA,U.S. Fulfillment,12.29,39.99,27.7,69.3,,https://ipimg.interestprint.com/data/product/5494/img/20260417/20260417114706957375_250x250.jpg,https://www.interestprint.com/custom/3_piece_bathroom_rug_set_us02-5494.html
2268,1240,Wings Gold Photo Pendant with Rope Chain,Valentine's Day,12.31,35.99,23.68,65.8,,https://ipimg.interestprint.com/data/product/1240/img/20241215/20241215193302216472_250x250.jpg,https://www.interestprint.com/custom/wings_gold_photo_pendant_with_rope_chain-1240.html
2269,1241,Wings Silver Photo Pendant with Rope Chain,Personalized Product,12.31,35.99,23.68,65.8,,https://ipimg.interestprint.com/data/product/1241/img/20200715/20200715021548720555_250x250.jpg,https://www.interestprint.com/custom/wings_silver_photo_pendant_with_rope_chain-1241.html
2270,4602,Baby Short Sleeve Bodysuit  | Ships from USA,U.S. Fulfillment,12.35,39.99,27.64,69.1,,https://ipimg.interestprint.com/data/product/4602/img/20260109/20260109052716475378_250x250.jpg,https://www.interestprint.com/custom/baby_short_sleeve_bodysuit-4602.html
2271,6141,"Custom Square Tablecloth 54"" x 54"" | Ships from USA",U.S. Fulfillment,12.39,36.99,24.6,66.5,,https://ipimg.interestprint.com/data/product/6141/img/20260827/20260827163321104175_250x250.jpg,https://www.interestprint.com/custom/custom_square_tablecloth_54_x_54_ships_from_usa-6141.html
2272,5117,"Art Print 48""x36"" | Ships from USA",U.S. Fulfillment,12.39,36.99,24.6,66.5,,https://ipimg.interestprint.com/data/product/5117/img/20260109/20260109015027936553_250x250.jpg,https://www.interestprint.com/custom/art_print_48_x36-5117.html
2273,5101,"Art Print 36""x48"" | Ships from USA",U.S. Fulfillment,12.39,36.99,24.6,66.5,,https://ipimg.interestprint.com/data/product/5101/img/20260109/20260109021835323584_250x250.jpg,https://www.interestprint.com/custom/art_print_36_x48-5101.html
2274,5869,Women's V-Neck Ruffle Sleeve Dress,Women's Clothing,12.43,36.99,24.56,66.4,,https://ipimg.interestprint.com/data/product/5869/img/20260624/20260624094137197379_250x250.jpg,https://www.interestprint.com/custom/women_s_v_neck_ruffle_sleeve_dress-5869.html
2275,3741,Women's One Piece Skirted Swimsuit (Model S54),Women's Clothing,12.44,31.99,19.55,61.1,,https://ipimg.interestprint.com/data/product/3741/img/20240812/20240812203904166247_250x250.jpg,https://www.interestprint.com/custom/women_s_one_piece_skirted_swimsuit-3741.html
2276,5781,Vintage Washed Cotton T-Shirt (Front Print) | Ships from USA,U.S. Fulfillment,12.48,37.99,25.51,67.1,,https://ipimg.interestprint.com/data/product/5781/img/20260605/20260605165118509108_250x250.jpg,https://www.interestprint.com/custom/vintage_washed_cotton_t_shirt_front_print_ships_from_usa-5781.html
2277,5921,Light-Wash Blue Denim Shorts (Dual Pockets Print) | Ships from USA,U.S. Fulfillment,12.49,36.99,24.5,66.2,,https://ipimg.interestprint.com/data/product/5921/img/20260703/20260703183647996760_250x250.jpg,https://www.interestprint.com/custom/light_wash_blue_denim_shorts_dual_pockets_print_ships_from_usa-5921.html
2278,5692,"Custom Floor Mat 60"" x 20"" | Ships fromUSA",U.S. Fulfillment,12.49,36.99,24.5,66.2,,https://ipimg.interestprint.com/data/product/5692/img/20260525/20260525154542030278_250x250.jpg,https://www.interestprint.com/custom/custom_floor_mat_60_x_20_ships_fromusa-5692.html
2279,5710,"Personalized Floor Mat 60"" x 20"" | Ships from USA",U.S. Fulfillment,12.49,36.99,24.5,66.2,,https://ipimg.interestprint.com/data/product/5710/img/20260525/20260525153320845358_250x250.jpg,https://www.interestprint.com/custom/personalized_floor_mat_60_x_20_ships_from_usa-5710.html
2280,4197,Shower Curtain 66x72inch | Ships from USA,U.S. Fulfillment,12.49,38.99,26.5,68.0,,https://ipimg.interestprint.com/data/product/4197/img/20260109/20260109184124502782_250x250.jpg,https://www.interestprint.com/custom/custom_shower_curtain_66x72inch-4197.html
2281,2664,Big Boys' Zip Up Hoodie (Model H58),Kid's Clothing,12.49,35.99,23.5,65.3,,https://ipimg.interestprint.com/data/product/2664/img/20230320/20230320225615050721_250x250.jpg,https://www.interestprint.com/custom/big_boys_zip_up_hoodie_h58-2664.html
2282,3459,"Art Print 16""x12"" (3 Pack) (Customizable Separately) | Ships from USA",U.S. Fulfillment,12.5,25.99,13.49,51.9,,https://ipimg.interestprint.com/data/product/3459/img/20260107/20260107214742856599_250x250.jpg,https://www.interestprint.com/custom/art_print_16_x12_3_pack_customizable_separately-3459.html
2283,3458,"Art Print 12""x16"" (3 Pack) (Customizable Separately) | Ships from USA",U.S. Fulfillment,12.5,25.99,13.49,51.9,,https://ipimg.interestprint.com/data/product/3458/img/20260107/20260107214814593131_250x250.jpg,https://www.interestprint.com/custom/art_print_12_x16_3_pack_customizable_separately-3458.html
2284,3111,"Art Print 16""x12"" (Pack of 3) | Ships from USA",U.S. Fulfillment,12.5,25.99,13.49,51.9,,https://ipimg.interestprint.com/data/product/3111/img/20260107/20260107220704801504_250x250.jpg,https://www.interestprint.com/custom/art_print_16_x12_pack_of_3-3111.html
2285,3110,"Art Print 12""x16"" (Pack of 3) | Ships from USA",U.S. Fulfillment,12.5,25.99,13.49,51.9,,https://ipimg.interestprint.com/data/product/3110/img/20260107/20260107220800111357_250x250.jpg,https://www.interestprint.com/custom/art_print_12_x16_pack_of_3-3110.html
2286,2512,Little Girls' All Over Print Crew Neck T-Shirt(T40-2),Kid's Clothing,12.5,19.99,7.49,37.5,,https://ipimg.interestprint.com/data/product/2512/img/20220819/20220819012103654381_250x250.jpg,https://www.interestprint.com/custom/2022_t_t40_2-2512.html
2287,3147,Custom Multi-Function Backpack(Model1688),Bags,12.5,46.99,34.49,73.4,,https://ipimg.interestprint.com/data/product/3147/img/20240402/20240402181936553095_250x250.jpg,https://www.interestprint.com/custom/multi_function_diaper_bag_new-3147.html
2288,293,Aquila High Top Canvas Men's Shoes (Model 017),Shoes,12.5,59.99,47.49,79.2,,https://ipimg.interestprint.com/data/product/293/img/20231030/20231030222025611030_250x250.jpg,https://www.interestprint.com/custom/aquila_high_top_canvas_shoes_for_men-293.html
2289,5738,Women's One-Piece Swimsuit with Cutout Crisscross Back,Women's Clothing,12.53,36.99,24.46,66.1,,https://ipimg.interestprint.com/data/product/5738/img/20260529/20260529094350028023_250x250.jpg,https://www.interestprint.com/custom/women_s_one_piece_swimsuit_with_cutout_crisscross_back-5738.html
2290,5168,Crystal Velvet Floor Mat 40x60cm | Ships from USA,U.S. Fulfillment,12.54,26.99,14.45,53.5,,https://ipimg.interestprint.com/data/product/5168/img/20260120/20260120180035822974_250x250.jpg,https://www.interestprint.com/custom/crystal_velvet_floor_mat_ships_from_usa-5168.html
2291,4439,Women's Boxer Brief | Ships from USA,U.S. Fulfillment,12.58,25.99,13.41,51.6,,https://ipimg.interestprint.com/data/product/4439/img/20260109/20260109055424942239_250x250.jpg,https://www.interestprint.com/custom/women_s_boxer_brief-4439.html
2292,5885,"Custom Shaped Pillow 10"" | Ships from USA",U.S. Fulfillment,12.59,32.99,20.4,61.8,,https://ipimg.interestprint.com/data/product/5885/img/20260630/20260630155745955602_250x250.jpg,https://www.interestprint.com/custom/custom_shaped_pillow_10_ships_from_usa-5885.html
2293,5150,Custom Placemat 18x12inch (8-Pack) | Ships from USA,U.S. Fulfillment,12.59,36.99,24.4,66.0,,https://ipimg.interestprint.com/data/product/5150/img/20260112/20260112190348489532_250x250.jpg,https://www.interestprint.com/custom/custom_placemat_18x12inch_8_pack_ships_from_usa-5150.html
2294,3870,Custom Women's Classic Hoodie(Model H03) | Ships from USA,U.S. Fulfillment,12.59,39.99,27.4,68.5,,https://ipimg.interestprint.com/data/product/3870/img/20260110/20260110040846388679_250x250.jpg,https://www.interestprint.com/custom/custom_women_s_classic_hoodie-3870.html
2295,3869,Custom Classic Hoodie(Model H03) | Ships from USA,U.S. Fulfillment,12.59,39.99,27.4,68.5,,https://ipimg.interestprint.com/data/product/3869/img/20260110/20260110040517231107_250x250.jpg,https://www.interestprint.com/custom/custom_classic_hoodie-3869.html
2296,3775,Custom Men's Classic Hoodie(Model H03) (Back Printing) | Ships from USA,U.S. Fulfillment,12.59,38.99,26.4,67.7,,https://ipimg.interestprint.com/data/product/3775/img/20260110/20260110040717169356_250x250.jpg,https://www.interestprint.com/custom/custom_men_s_hoodie-3775.html
2297,5272,Crew Neck Short Sleeve Crop Top &  Wide Leg Pants Set,Women's Clothing,12.59,35.99,23.4,65.0,,https://ipimg.interestprint.com/data/product/5272/img/20260224/20260224214829804026_250x250.jpg,https://www.interestprint.com/custom/crew_neck_short_sleeve_crop_top_wide_leg_pants_set-5272.html
2298,3366,Men's Lightweight Long-Sleeve Hoodie(Model H55),Men's Clothing,12.59,36.99,24.4,66.0,,https://ipimg.interestprint.com/data/product/3366/img/20240523/20240523184606116850_250x250.jpg,https://www.interestprint.com/custom/men_s_long_sleeve_hoodie-3366.html
2299,3353,Women's Camp Collar Pajama Set,Women's Clothing,12.6,30.99,18.39,59.3,,https://ipimg.interestprint.com/data/product/3353/img/20240512/20240512183844653408_250x250.jpg,https://www.interestprint.com/custom/women_s_camp_collar_pajama_set-3353.html
2300,3275,Women's Long Pajama Set,Women's Clothing,12.6,31.99,19.39,60.6,,https://ipimg.interestprint.com/data/product/3275/img/20240428/20240428201022759144_250x250.jpg,https://www.interestprint.com/custom/women_s_long_pajama_set-3275.html
2301,2821,Custom Print Adults Clogs,Shoes,12.61,29.99,17.38,58.0,,https://ipimg.interestprint.com/data/product/2821/img/20230725/20230725002802514583_250x250.jpg,https://www.interestprint.com/custom/custom_print_adults_clogs-2821.html
2302,4441,Women's Seamless Underwear | Ships from USA,U.S. Fulfillment,12.62,33.99,21.37,62.9,,https://ipimg.interestprint.com/data/product/4441/img/20260109/20260109055053172215_250x250.jpg,https://www.interestprint.com/custom/women_s_seamless_underwear-4441.html
2303,5747,3-Piece Clear Backpack Set,Back to School,12.64,38.99,26.35,67.6,,https://ipimg.interestprint.com/data/product/5747/img/20260529/20260529174812369103_250x250.png,https://www.interestprint.com/custom/3_piece_clear_backpack_set-5747.html
2304,3847,Men's Sleeveless Suit Vest,Men's Clothing,12.64,26.99,14.35,53.2,,https://ipimg.interestprint.com/data/product/3847/img/20240925/20240925180108611282_250x250.jpg,https://www.interestprint.com/custom/suit_vest-3847.html
2305,4404,Drawstring Halterneck Three-Piece Swimsuit Skirt,Women's Clothing,12.68,35.99,23.31,64.8,,https://ipimg.interestprint.com/data/product/4404/img/20250609/20250609015816501593_250x250.jpg,https://www.interestprint.com/custom/custom_drawstring_halterneck_three_piece_swimsuit_skirt-4404.html
2306,4721,"Custom 3-Piece Bedding Set (90"" x 90"")",Home Decor,12.68,24.99,12.31,49.3,,https://ipimg.interestprint.com/data/product/4721/img/20250918/20250918225311165213_250x250.jpg,https://www.interestprint.com/custom/custom_3_piece_bedding_set_90_x_90-4721.html
2307,1368,"Ultra-Soft Micro Fleece Blanket 70""x80""",Home Decor,12.69,65.99,53.3,80.8,,https://ipimg.interestprint.com/data/product/1368/img/20201211/20201211191433358713_250x250.jpg,https://www.interestprint.com/custom/ultra_soft_micro_fleece_blanket_70_x80-1368.html
2308,6059,Women's Double Breasted Waist Blazer Dress,Women's Clothing,12.7,36.99,24.29,65.7,,https://ipimg.interestprint.com/data/product/6059/img/20260811/20260811164108426699_250x250.jpg,https://www.interestprint.com/custom/women_s_double_breasted_waist_blazer_dress-6059.html
2309,5311,Halter Pleated Sleeveless Casual Dresses,Women's Clothing,12.7,33.99,21.29,62.6,,https://ipimg.interestprint.com/data/product/5311/img/20260303/20260303002056664524_250x250.jpg,https://www.interestprint.com/custom/halter_pleated_sleeveless_casual_dresses-5311.html
2310,3168,Plus Size Short-Sleeve Swing Dress With Pockets,Women's Clothing,12.72,27.99,15.27,54.6,,https://ipimg.interestprint.com/data/product/3168/img/20240406/20240406223841154253_250x250.jpg,https://www.interestprint.com/custom/plus_size_short_sleeve_swing_dress_with_pockets-3168.html
2311,5843,"Cotton Linen House Flag 36"" x 60"" (One Side) | Ships from USA",U.S. Fulfillment,12.79,36.99,24.2,65.4,,https://ipimg.interestprint.com/data/product/5843/img/20260617/20260617164255393204_250x250.jpg,https://www.interestprint.com/custom/cotton_linen_house_flag_36_x_60_one_side_ships_from_usa-5843.html
2312,5553,"Gift Wrapping Paper-Kraft Paper 58"" x 22"" (2 Rolls) | Ships from USA",U.S. Fulfillment,12.79,36.99,24.2,65.4,,https://ipimg.interestprint.com/data/product/5553/img/20260424/20260424115145590222_250x250.jpg,https://www.interestprint.com/custom/gift_wrapping_paper_kraft_paper_58_x_22_2_rolls_ships_from_usa-5553.html
2313,2627,Women's  Short Casual Loungewear Set (ModelSets 17),Women's Clothing,12.79,36.99,24.2,65.4,,https://ipimg.interestprint.com/data/product/2627/img/20230413/20230413021224629675_250x250.jpg,https://www.interestprint.com/custom/sets_17-2627.html
2314,1004,Travel Mug(Silver)(14OZ) | Ships from Australia,Australia Fulfillment,12.8,22.99,10.19,44.3,,https://ipimg.interestprint.com/data/product/1004/img/20260110/20260110233706392301_250x250.jpg,https://www.interestprint.com/custom/travel_mug_silver_14oz_au-1004.html
2315,4578,All Over Print Elastic Waist Wide Leg Pants,Women's Clothing,12.81,35.99,23.18,64.4,,https://ipimg.interestprint.com/data/product/4578/img/20250730/20250730200248945041_250x250.jpg,https://www.interestprint.com/custom/custom_elastic_waist_wide_leg_pants_with_pockets-4578.html
2316,5930,All Over Print Cotton Women's Long Sleeve Irregular Hem Shirt,All-Over Cotton Collection,12.85,36.99,24.14,65.3,,https://ipimg.interestprint.com/data/product/5930/img/20260706/20260706172255203350_250x250.jpg,https://www.interestprint.com/custom/women_s_long_sleeve_irregular_hem_shirt-5930.html
2317,4768,Women's Casual Mid-Sleeve Ruffle Dress,Women's Clothing,12.85,25.99,13.14,50.6,,https://ipimg.interestprint.com/data/product/4768/img/20250929/20250929015949135289_250x250.jpg,https://www.interestprint.com/custom/women_s_casual_mid_sleeve_ruffle_dress-4768.html
2318,4728,Women's Cropped Fleece Jacket,Women's Clothing,12.85,35.99,23.14,64.3,,https://ipimg.interestprint.com/data/product/4728/img/20250919/20250919011549989512_250x250.jpg,https://www.interestprint.com/custom/women_s_cropped_fleece_jacket-4728.html
2319,4208,Women's Round Neck Long Dress,Women's Clothing,12.85,29.99,17.14,57.2,,https://ipimg.interestprint.com/data/product/4208/img/20250310/20250310000207513995_250x250.jpg,https://www.interestprint.com/custom/women_s_round_neck_long_dress-4208.html
2320,3232,Flounce One-Piece Swimsuit for Girls,Kid's Clothing,12.85,22.99,10.14,44.1,,https://ipimg.interestprint.com/data/product/3232/img/20240422/20240422004956188407_250x250.jpg,https://www.interestprint.com/custom/flounce_one_piece_swimsuit_for_girls-3232.html
2321,5541,Women's Baggy Jumpsuit,Women's Clothing,12.86,29.99,17.13,57.1,,https://ipimg.interestprint.com/data/product/5541/img/20260421/20260421172430727423_250x250.jpg,https://www.interestprint.com/custom/women_s_baggy_jumpsuit-5541.html
2322,5740,Women's One-Shoulder Waist-Tie Dress,Women's Clothing,12.87,37.99,25.12,66.1,,https://ipimg.interestprint.com/data/product/5740/img/20260529/20260529104218948386_250x250.jpg,https://www.interestprint.com/custom/women_s_one_shoulder_waist_tie_dress-5740.html
2323,6094,"Cotton Linen Wall Tapestry with Ribbons 63"" x 20"" | Ships from USA",U.S. Fulfillment,12.89,36.99,24.1,65.2,,https://ipimg.interestprint.com/data/product/6094/img/20260819/20260819085715726475_250x250.jpg,https://www.interestprint.com/custom/cotton_linen_wall_tapestry_with_ribbons_63_x_20_ships_from_usa-6094.html
2324,6093,"Cotton Linen Wall Tapestry with Ribbons 20"" x 63"" | Ships from USA",U.S. Fulfillment,12.89,36.99,24.1,65.2,,https://ipimg.interestprint.com/data/product/6093/img/20260819/20260819085640694857_250x250.jpg,https://www.interestprint.com/custom/cotton_linen_wall_tapestry_with_ribbons_20_x_63_ships_from_usa-6093.html
2325,5012,Women's Crew Neck Sweater (Model H75)  | Ships from USA,U.S. Fulfillment,12.89,32.99,20.1,60.9,,https://ipimg.interestprint.com/data/product/5012/img/20260109/20260109214158585391_250x250.jpg,https://www.interestprint.com/custom/women_s_crew_neck_sweater_model_h75-5012.html
2326,2351,"Cotton Linen Wall Tapestry 60"" x 90"" | Ships from USA",U.S. Fulfillment,12.89,49.99,37.1,74.2,,https://ipimg.interestprint.com/data/product/2351/img/20260624/20260624175457165671_250x250.jpg,https://www.interestprint.com/custom/cotton_linen_tapestry_60_x_90-2351.html
2327,2348,"Cotton Linen Wall Tapestry 90"" x 60"" | Ships from USA",U.S. Fulfillment,12.89,49.99,37.1,74.2,,https://ipimg.interestprint.com/data/product/2348/img/20260625/20260625164537347617_250x250.jpg,https://www.interestprint.com/custom/cotton_linen_tapestry_90_x_60-2348.html
2328,2294,"Pom Pom Fringe Blanket60""x80""",Home Decor,12.9,49.99,37.09,74.2,,https://ipimg.interestprint.com/data/product/2294/img/20220104/20220104180035136653_250x250.jpg,https://www.interestprint.com/custom/60_x80-2294.html
2329,6071,Men's Satin Short Sleeve Pajama Set,Men's Clothing,12.92,37.99,25.07,66.0,,https://ipimg.interestprint.com/data/product/6071/img/20260813/20260813163306301586_250x250.jpg,https://www.interestprint.com/custom/men_s_satin_short_sleeve_pajama_set-6071.html
2330,4454,Cross Back String Sports Bra&High Waist Shorts Active Sets,Women's Clothing,12.98,32.99,20.01,60.7,,https://ipimg.interestprint.com/data/product/4454/img/20250626/20250626182655630150_250x250.jpg,https://www.interestprint.com/custom/cross_back_string_sports_bra_high_waist_shorts_active_sets-4454.html
2331,3709,All Over Print Canvas Tote Bag(Model 1699)(Large)(Two Sides with Different Printing),Halloween Decor,12.99,22.99,10.0,43.5,,https://ipimg.interestprint.com/data/product/3709/img/20240821/20240821181019907003_250x250.jpg,https://www.interestprint.com/custom/all_over_print_canvas_tote_bag_large_1699-3709.html
2332,3014,Travel Mug (Silver) (14 Oz)(Made in USA),Graduation Gifts,12.99,31.99,19.0,59.4,,https://ipimg.interestprint.com/data/product/3014/img/20250204/20250204003657449765_250x250.jpg,https://www.interestprint.com/custom/travel_mug_sliver-3014.html
2333,5855,Beach Chair Towel Cover with Side Pockets,Summer Holiday,12.99,39.99,27.0,67.5,,https://ipimg.interestprint.com/data/product/5855/img/20260622/20260622111335720425_250x250.jpg,https://www.interestprint.com/custom/beach_chair_towel_cover_with_side_pockets-5855.html
2334,5609,Women's Quick-Dry Fitness Shoes,Summer Holiday,12.99,36.99,24.0,64.9,,https://ipimg.interestprint.com/data/product/5609/img/20260506/20260506104638828890_250x250.jpg,https://www.interestprint.com/custom/women_s_quick_dry_fitness_shoes-5609.html
2335,400,Custom NoteBook A5,Back to School,12.99,25.99,13.0,50.0,,https://ipimg.interestprint.com/data/product/400/img/20160810/20160810232214898223_250x250.jpg,https://www.interestprint.com/custom/custom_notebook_a5-400.html
2336,1132,All Over Print Canvas Tote Bag(Model1699)(Large),Back to School,12.99,19.99,7.0,35.0,,https://ipimg.interestprint.com/data/product/1132/img/20200119/20200119180609059722_250x250.jpg,https://www.interestprint.com/custom/all_over_print_canvas_tote_bag_model1699_large-1132.html
2337,5933,Personalized Temporary Tattoos (60 Pieces) | Ships from USA,U.S. Fulfillment,12.99,32.99,20.0,60.6,,https://ipimg.interestprint.com/data/product/5933/img/20260707/20260707155906309860_250x250.jpg,https://www.interestprint.com/custom/personalized_temporary_tattoos_60_pieces_ships_from_usa-5933.html
2338,5866,"Personalized Temporary Tattoos (60 Pieces, Customizable Separately) | Ships from USA",U.S. Fulfillment,12.99,29.99,17.0,56.7,,https://ipimg.interestprint.com/data/product/5866/img/20260623/20260623164736838101_250x250.jpg,https://www.interestprint.com/custom/personalized_temporary_tattoos_60_pieces_customizable_separately_ships_from_usa-5866.html
2339,5238,Hand Towel (Pack of 4)(One Side Printing) | Ships from USA,U.S. Fulfillment,12.99,29.99,17.0,56.7,,https://ipimg.interestprint.com/data/product/5238/img/20260203/20260203010535247540_250x250.jpg,https://www.interestprint.com/custom/hand_towel_pack_of_4_one_side_printing_ships_from_usa-5238.html
2340,5156,Unisex Fleece Sweatshirt (Front Printing) | Ships from USA,U.S. Fulfillment,12.99,29.99,17.0,56.7,,https://ipimg.interestprint.com/data/product/5156/img/20260112/20260112231011740522_250x250.jpg,https://www.interestprint.com/custom/unisex_fleece_sweatshirt_front_printing_ships_from_usa-5156.html
2341,5020,"Round Tablecloth 70"" x 70"" | Ships from USA",U.S. Fulfillment,12.99,26.99,14.0,51.9,,https://ipimg.interestprint.com/data/product/5020/img/20260109/20260109202134414958_250x250.jpg,https://www.interestprint.com/custom/round_tablecloth_70_x_70-5020.html
2342,4807,"Sofa Cushion Cover (25"" x 27.5"" x 8"")(Pack of 2) | Ships from USA",U.S. Fulfillment,12.99,37.99,25.0,65.8,,https://ipimg.interestprint.com/data/product/4807/img/20260107/20260107225446007971_250x250.jpg,https://www.interestprint.com/custom/sofa_cushion_cover_25_x_27_5_x_8_pack_of_2-4807.html
2343,4292,"Ultra-Soft Micro Fleece Blanket 60"" x 80"" | Ships from USA",U.S. Fulfillment,12.99,38.99,26.0,66.7,,https://ipimg.interestprint.com/data/product/4292/img/20260110/20260110035424237862_250x250.jpg,https://www.interestprint.com/custom/custom_ultra_soft_micro_fleece_blanket_60_x_80-4292.html
2344,3461,"Art Print 18""x12"" (3 Pack) (Customizable Separately) | Ships from USA",U.S. Fulfillment,12.99,26.99,14.0,51.9,,https://ipimg.interestprint.com/data/product/3461/img/20260107/20260107214619087156_250x250.jpg,https://www.interestprint.com/custom/art_print_18_x12_3_pack_customizable_separately-3461.html
2345,3460,"Art Print 12""x18"" (3 Pack) (Customizable Separately) | Ships from USA",U.S. Fulfillment,12.99,26.99,14.0,51.9,,https://ipimg.interestprint.com/data/product/3460/img/20260107/20260107214703822601_250x250.jpg,https://www.interestprint.com/custom/art_print_12_x18_3_pack_customizable_separately-3460.html
2346,3113,"Art Print 18""x12"" (Pack of 3) | Ships from USA",U.S. Fulfillment,12.99,26.99,14.0,51.9,,https://ipimg.interestprint.com/data/product/3113/img/20260107/20260107220607728193_250x250.jpg,https://www.interestprint.com/custom/art_print_18_x12_pack_of_3-3113.html
2347,3112,"Art Print 12""x18"" (Pack of 3) | Ships from USA",U.S. Fulfillment,12.99,26.99,14.0,51.9,,https://ipimg.interestprint.com/data/product/3112/img/20260107/20260107220636579401_250x250.jpg,https://www.interestprint.com/custom/art_print_12_x18_pack_of_3-3112.html
2348,2999,Ultra-Soft Micro Fleece Blanket 43*56 | Ships from USA,U.S. Fulfillment,12.99,41.99,29.0,69.1,,https://ipimg.interestprint.com/data/product/2999/img/20260108/20260108001638186242_250x250.jpg,https://www.interestprint.com/custom/ultra_soft_micro_fleece_blanket_43x56-2999.html
2349,2741,Classic License Plate | Ships from USA,U.S. Fulfillment,12.99,19.99,7.0,35.0,,https://ipimg.interestprint.com/data/product/2741/img/20260724/20260724115419795349_250x250.jpg,https://www.interestprint.com/custom/custom_metal_license_plate_for_car_new-2741.html
2350,2536,"Garden Flag 60"" x 36"" (Two Sides with Different Printing) | Ships from USA",U.S. Fulfillment,12.99,37.99,25.0,65.8,,https://ipimg.interestprint.com/data/product/2536/img/20260109/20260109171104928163_250x250.jpg,https://www.interestprint.com/custom/garden_36x60_inch-2536.html
2351,2678,"Garden Flag 36"" x 60""(Two Sides with Different Printing) | Ships from USA",U.S. Fulfillment,12.99,36.99,24.0,64.9,,https://ipimg.interestprint.com/data/product/2678/img/20260520/20260520135919027566_250x250.jpg,https://www.interestprint.com/custom/garden_36x60_inch-2678.html
2352,2184,"Garden Flag 36"" x 60"" (Twin Sides) | Ships from USA",U.S. Fulfillment,12.99,37.99,25.0,65.8,,https://ipimg.interestprint.com/data/product/2184/img/20260108/20260108011328991813_250x250.jpg,https://www.interestprint.com/custom/garden_flag_36_x60-2184.html
2353,2560,"Upgraded Frame Canvas Print 6""x6"" | Ships from Australia",Australia Fulfillment,12.99,17.99,5.0,27.8,,https://ipimg.interestprint.com/data/product/2560/img/20260111/20260111015602679494_250x250.jpg,https://www.interestprint.com/custom/frame_canvas_print_6_x6_au-2560.html
2354,3588,Custom Embroidered Linen Ribbon Straw Hat,Personalized Product,12.99,25.99,13.0,50.0,,https://ipimg.interestprint.com/data/product/3588/img/20240703/20240703021126451198_250x250.jpg,https://www.interestprint.com/custom/custom_embroidered_linen_ribbon_straw_hat-3588.html
2355,3451,Custom Embroidered PU Toiletry Bag,Personalized Product,12.99,25.99,13.0,50.0,,https://ipimg.interestprint.com/data/product/3451/img/20240605/20240605204710636130_250x250.jpg,https://www.interestprint.com/custom/custom_embroidered_pu_toiletry_bag-3451.html
2356,3217,Custom Photo Hand Fan (Head Customization),Personalized Product,12.99,19.99,7.0,35.0,,https://ipimg.interestprint.com/data/product/3217/img/20240501/20240501232945531875_250x250.jpg,https://www.interestprint.com/custom/custom_photo_hand_fan-3217.html
2357,5551,Women's Sleeveless V-Neck Maxi Dress,Women's Clothing,12.99,39.99,27.0,67.5,,https://ipimg.interestprint.com/data/product/5551/img/20260423/20260423180005308732_250x250.jpg,https://www.interestprint.com/custom/women_s_sleeveless_v_neck_maxi_dress-5551.html
2358,2150,Women's Beach Sarong Wrap,Women's Clothing,12.99,25.99,13.0,50.0,,https://ipimg.interestprint.com/data/product/2150/img/20210616/20210616032606783497_250x250.jpg,https://www.interestprint.com/custom/beach_sarong_wrap-2150.html
2359,934,Women's G-String Panties (Model L35),Women's Clothing,12.99,29.99,17.0,56.7,,https://ipimg.interestprint.com/data/product/934/img/20190303/20190303194648713479_250x250.jpg,https://www.interestprint.com/custom/women_s_sexy_thong_model_l35-934.html
2360,801,Women's All Over Print Classic Briefs (Model L13),Women's Clothing,12.99,29.99,17.0,56.7,,https://ipimg.interestprint.com/data/product/801/img/20180419/20180419024018285166_250x250.png,https://www.interestprint.com/custom/women_s_all_over_print_panties_model_l13-801.html
2361,800,Women's All Over Print High-cut Briefs (Model L14),Women's Clothing,12.99,29.99,17.0,56.7,,https://ipimg.interestprint.com/data/product/800/img/20180412/20180412190459251724_250x250.png,https://www.interestprint.com/custom/women_s_underwear_model_l14-800.html
2362,930,Women's Hipster Panties( Model L33),Women's Clothing,12.99,29.99,17.0,56.7,,https://ipimg.interestprint.com/data/product/930/img/20190125/20190125023405040023_250x250.jpg,https://www.interestprint.com/custom/women_s_sexy_underwear_model_l33-930.html
2363,929,Women's  Boyshort Panties (Model L31),Women's Clothing,12.99,29.99,17.0,56.7,,https://ipimg.interestprint.com/data/product/929/img/20190120/20190120221300049686_250x250.jpg,https://www.interestprint.com/custom/women_s_classic_briefs_model_l31-929.html
2364,803,Women's All Over Print Sports Bra (Model T52),Women's Clothing,12.99,29.99,17.0,56.7,,https://ipimg.interestprint.com/data/product/803/img/20180508/20180508010509167803_250x250.png,https://www.interestprint.com/custom/women_s_sports_bra_model_t52-803.html
2365,4327,Women's V-Crossover High Waisted Flare Leggings,Women's Clothing,12.99,32.99,20.0,60.6,,https://ipimg.interestprint.com/data/product/4327/img/20250513/20250513023358702355_250x250.jpg,https://www.interestprint.com/custom/custom_cross_waist_yoga_flared_leg_active_pants-4327.html
2366,3336,Men's All Over Print Boxer Briefs(3 Panels)(Model L10),Men's Clothing,12.99,29.99,17.0,56.7,,https://ipimg.interestprint.com/data/product/3336/img/20240506/20240506202140080241_250x250.jpg,https://www.interestprint.com/custom/men_s_all_over_print_boxer_briefs_l10-3336.html
2367,933,Men's All Over Print Boxer Briefs(ModelL34),Men's Clothing,12.99,29.99,17.0,56.7,,https://ipimg.interestprint.com/data/product/933/img/20190228/20190228175400923042_250x250.jpg,https://www.interestprint.com/custom/men_s_all_over_print_boxer_briefs_model_l34-933.html
2368,1081,Men's All Over Print Boxer Briefs (Model L10)(New),Men's Clothing,12.99,29.99,17.0,56.7,,https://ipimg.interestprint.com/data/product/1081/img/20190916/20190916030316805307_250x250.jpg,https://www.interestprint.com/custom/men_s_all_over_print_boxer_briefs_model_l10-1081.html
2369,747,Men's All-Over Print Boxer Briefs (Model L10),Men's Clothing,12.99,29.99,17.0,56.7,,https://ipimg.interestprint.com/data/product/747/img/20180108/20180108230052198286_250x250.jpg,https://www.interestprint.com/custom/boxer_briefs-747.html
2370,958,Men's All Over Print Baggy Shorts (Model L37),Men's Clothing,12.99,49.99,37.0,74.0,,https://ipimg.interestprint.com/data/product/958/img/20190403/20190403220659030043_250x250.jpg,https://www.interestprint.com/custom/casual_pants_model_l37-958.html
2371,2915,Little Kids' Pajama Trousers,Kid's Clothing,12.99,25.99,13.0,50.0,,https://ipimg.interestprint.com/data/product/2915/img/20231022/20231022183451785251_250x250.jpg,https://www.interestprint.com/custom/little_kids_pajama_trousers-2915.html
2372,2511,Big Girls' All Over Print Crew Neck T-Shirt(Model T40-2),Kid's Clothing,12.99,19.99,7.0,35.0,,https://ipimg.interestprint.com/data/product/2511/img/20220815/20220815183412709359_250x250.jpg,https://www.interestprint.com/custom/2022_t_t40_2-2511.html
2373,4042,"Custom Window Curtain 28""x40"" (2-Piece)",Home Decor,12.99,24.99,12.0,48.0,,https://ipimg.interestprint.com/data/product/4042/img/20241208/20241208174635816891_250x250.jpg,https://www.interestprint.com/custom/custom_window_curtain_70x100cm_2_piece-4042.html
2374,3017,"Rectangle Flags 23.6"" x 70.8""",Home Decor,12.99,25.99,13.0,50.0,,https://ipimg.interestprint.com/data/product/3017/img/20240304/20240304180655912529_250x250.jpg,https://www.interestprint.com/custom/road_flag_60_180cm-3017.html
2375,2812,Semi-Automatic Foldable Umbrella (Model U12),Home Decor,12.99,36.99,24.0,64.9,,https://ipimg.interestprint.com/data/product/2812/img/20230712/20230712000531803258_250x250.jpg,https://www.interestprint.com/custom/semi_automatic_foldable_umbrella_u12-2812.html
2376,2710,"Polyester Peach Skin Wall Tapestry 30""x 40""",Home Decor,12.99,19.99,7.0,35.0,,https://ipimg.interestprint.com/data/product/2710/img/20230410/20230410223122662212_250x250.jpg,https://www.interestprint.com/custom/cotton_linen_tapestry_30_x_40-2710.html
2377,2711,"Polyester Peach Skin Wall Tapestry 40""x 30""",Home Decor,12.99,19.99,7.0,35.0,,https://ipimg.interestprint.com/data/product/2711/img/20230410/20230410012635186364_250x250.jpg,https://www.interestprint.com/custom/cotton_linen_tapestry_30_x_40-2711.html
2378,2211,"Body Pillow Case 20"" x 54""(Two Sides)",Home Decor,12.99,21.99,9.0,40.9,,https://ipimg.interestprint.com/data/product/2211/img/20240725/20240725203205659650_250x250.jpg,https://www.interestprint.com/custom/custom_zippered_pillow_cases_20x54_inch_two_sides-2211.html
2379,571,"Body Pillow Case 21""x60"" (Two Sides)",Home Decor,12.99,21.99,9.0,40.9,,https://ipimg.interestprint.com/data/product/571/img/20240725/20240725204603445849_250x250.jpg,https://www.interestprint.com/custom/body_pillow_cases_21_x60_twin_sides-571.html
2380,41,"Rectangle Pillow Case 16""x24""",Home Decor,12.99,21.95,8.96,40.8,,https://ipimg.interestprint.com/data/product/41/img/20150702/20150702160745412084_250x250.jpg,https://www.interestprint.com/custom/zippered_pillow_case_16_x24-41.html
2381,39,"Rectangle Pillow Case 20""x26""",Home Decor,12.99,21.95,8.96,40.8,,https://ipimg.interestprint.com/data/product/39/img/20150702/20150702160815097511_250x250.jpg,https://www.interestprint.com/custom/zippered_pillow_case_20_x26-39.html
2382,3266,Custom PU Leather Crossbody Bag(Brown) (Model 1739),Bags,12.99,39.99,27.0,67.5,,https://ipimg.interestprint.com/data/product/3266/img/20240424/20240424010538641294_250x250.jpg,https://www.interestprint.com/custom/multi_function_leather_satchel_brown_1739-3266.html
2383,3265,Custom PU Leather Crossbody Bag(Black)(Model 1739),Bags,12.99,39.99,27.0,67.5,,https://ipimg.interestprint.com/data/product/3265/img/20240424/20240424004511243036_250x250.jpg,https://www.interestprint.com/custom/multi_function_leather_satchel_black_1739-3265.html
2384,3260,Custom Crossbody Bag(Brown)(Model 1740),Bags,12.99,38.99,26.0,66.7,,https://ipimg.interestprint.com/data/product/3260/img/20240423/20240423191056228425_250x250.jpg,https://www.interestprint.com/custom/multi_function_satchel_brown_1740-3260.html
2385,3259,Custom Crossbody Bag(Black)(Model 1740),Bags,12.99,38.99,26.0,66.7,,https://ipimg.interestprint.com/data/product/3259/img/20240426/20240426014013558880_250x250.jpg,https://www.interestprint.com/custom/multi_function_satchel_black_1740-3259.html
2386,1129,Canvas Tote Bag(Model1702)(Large),Bags,12.99,19.99,7.0,35.0,,https://ipimg.interestprint.com/data/product/1129/img/20200119/20200119184509604823_250x250.jpg,https://www.interestprint.com/custom/canvas_tote_bag_model1702_large-1129.html
2387,2225,Toiletry Bag (Model1721),Bags,12.99,19.99,7.0,35.0,,https://ipimg.interestprint.com/data/product/2225/img/20210909/20210909201448264571_250x250.jpg,https://www.interestprint.com/custom/wash_bag_model1721-2225.html
2388,496,Drawstring Bags (Model 1604) (Large),Bags,12.99,22.99,10.0,43.5,,https://ipimg.interestprint.com/data/product/496/img/20161229/20161229000039777152_250x250.jpg,https://www.interestprint.com/custom/basketball_drawstring_bags_model_1604_twin_sides-496.html
2389,497,Drawstring Bags  (Model 1604) (Small),Bags,12.99,22.99,10.0,43.5,,https://ipimg.interestprint.com/data/product/497/img/20161228/20161228235826401915_250x250.jpg,https://www.interestprint.com/custom/drawstring_bags_model_1604_small-497.html
2390,928,Pet Dog Bandana,Accessories,12.99,29.99,17.0,56.7,,https://ipimg.interestprint.com/data/product/928/img/20190121/20190121013719622170_250x250.jpg,https://www.interestprint.com/custom/custom_pet_scarf-928.html
2391,842,Men's All Over Print Polo Shirt (Model T55),Father's Day,13.0,42.99,29.99,69.8,,https://ipimg.interestprint.com/data/product/842/img/20240414/20240414184208255331_250x250.jpg,https://www.interestprint.com/custom/men_s_polo_shirt-842.html
2392,1184,Women's Short Pajama Set(ModelSets01),Women's Clothing,13.0,31.99,18.99,59.4,,https://ipimg.interestprint.com/data/product/1184/img/20221020/20221020225223782645_250x250.jpg,https://www.interestprint.com/custom/women_s_short_pajama_set_sets01-1184.html
2393,3685,Hooded Sweatshirt Dress (SDS002),Women's Clothing,13.01,27.99,14.98,53.5,,https://ipimg.interestprint.com/data/product/3685/img/20240722/20240722200001308071_250x250.jpg,https://www.interestprint.com/custom/hooded_sweatshirt_dress_sds002-3685.html
2394,5949,Women's Mesh Drawstring Skirt and Swimsuit Set,Women's Clothing,13.05,33.99,20.94,61.6,,https://ipimg.interestprint.com/data/product/5949/img/20260710/20260710104717321221_250x250.jpg,https://www.interestprint.com/custom/women_s_mesh_drawstring_skirt_and_swimsuit_set-5949.html
2395,3355,One-Piece Zip-Up Hooded Loungewear,Women's Clothing,13.05,35.99,22.94,63.7,,https://ipimg.interestprint.com/data/product/3355/img/20240512/20240512183940800445_250x250.jpg,https://www.interestprint.com/custom/one_piece_zip_up_hooded_loungewear-3355.html
2396,3221,Unisex Hoodie Set,Women's Clothing,13.05,29.99,16.94,56.5,,https://ipimg.interestprint.com/data/product/3221/img/20240419/20240419020803724422_250x250.jpg,https://www.interestprint.com/custom/adult_hoodie_set-3221.html
2397,3947,Single Sofa Cover,Home Decor,13.05,19.99,6.94,34.7,,https://ipimg.interestprint.com/data/product/3947/img/20241106/20241106191352631446_250x250.jpg,https://www.interestprint.com/custom/single_sofa_cover-3947.html
2398,3961,Custom Women's Cardigan (Model H73),Christmas Gifts,13.07,39.99,26.92,67.3,,https://ipimg.interestprint.com/data/product/3961/img/20241115/20241115001937572458_250x250.jpg,https://www.interestprint.com/custom/custom_women_s_cardigan_h73-3961.html
2399,4864,Women's Cropped T-Shirt (Front Side Printing) | Ships from USA,U.S. Fulfillment,13.09,27.99,14.9,53.2,,https://ipimg.interestprint.com/data/product/4864/img/20260109/20260109035552597958_250x250.jpg,https://www.interestprint.com/custom/women_s_cropped_t_shirt_front_side_printing-4864.html
2400,5376,Women's Strapless Slit Maxi Dress,Women's Clothing,13.1,39.99,26.89,67.2,,https://ipimg.interestprint.com/data/product/5376/img/20260318/20260318014010780456_250x250.jpg,https://www.interestprint.com/custom/women_s_strapless_slit_maxi_dress-5376.html
2401,2988,1000-Piece Wooden Jigsaw Puzzles (Horizontal) | Ships from USA,Father's Day,13.19,33.99,20.8,61.2,,https://ipimg.interestprint.com/data/product/2988/img/20260311/20260311180516950017_250x250.jpg,https://www.interestprint.com/custom/1000_piece_wooden_jigsaw_puzzles_horizontal-2988.html
2402,5426,"New Polyester Peach Skin Wall Tapestry 80"" x 60"" | Ships from USA",U.S. Fulfillment,13.19,39.99,26.8,67.0,,https://ipimg.interestprint.com/data/product/5426/img/20260622/20260622180120686030_250x250.jpg,https://www.interestprint.com/custom/new_polyester_peach_skin_wall_tapestry_80_x_60-5426.html
2403,5421,"New Polyester Peach Skin Wall Tapestry 60"" x 80"" | Ships from USA",U.S. Fulfillment,13.19,39.99,26.8,67.0,,https://ipimg.interestprint.com/data/product/5421/img/20260623/20260623164943309369_250x250.jpg,https://www.interestprint.com/custom/new_polyester_peach_skin_wall_tapestry_60_x_80-5421.html
2404,5345,"Black Framed Art Print 18"" x 12"" | Ships from USA",U.S. Fulfillment,13.19,28.99,15.8,54.5,,https://ipimg.interestprint.com/data/product/5345/img/20260311/20260311010855622160_250x250.jpg,https://www.interestprint.com/custom/black_framed_art_print_18_x_12_ships_from_usa-5345.html
2405,5339,"Black Framed Art Print 12"" x 18"" | Ships from USA",U.S. Fulfillment,13.19,28.99,15.8,54.5,,https://ipimg.interestprint.com/data/product/5339/img/20260311/20260311010529899826_250x250.jpg,https://www.interestprint.com/custom/black_framed_art_print_12_x_18_ships_from_usa-5339.html
2406,2987,1000-Piece Wooden Jigsaw Puzzles (Vertical) | Ships from USA,U.S. Fulfillment,13.19,33.99,20.8,61.2,,https://ipimg.interestprint.com/data/product/2987/img/20260311/20260311180322354369_250x250.jpg,https://www.interestprint.com/custom/1000_piece_wooden_jigsaw_puzzles_vertical-2987.html
2407,2358,"Polyester Peach Skin Wall Tapestry 60""x 80"" | Ships from USA",U.S. Fulfillment,13.19,35.99,22.8,63.4,,https://ipimg.interestprint.com/data/product/2358/img/20260107/20260107230601684989_250x250.jpg,https://www.interestprint.com/custom/wall_tapestry_60_x_80-2358.html
2408,2355,"Polyester Peach Skin Wall Tapestry 80""x 60"" | Ships from USA",U.S. Fulfillment,13.19,39.99,26.8,67.0,,https://ipimg.interestprint.com/data/product/2355/img/20260707/20260707171029969693_250x250.jpg,https://www.interestprint.com/custom/polyester_peach_skin_wall_tapestry_80_x_60-2355.html
2409,4572,All Over Print Wide Leg Pants with Belt,Women's Clothing,13.2,35.99,22.79,63.3,,https://ipimg.interestprint.com/data/product/4572/img/20250730/20250730201850427203_250x250.jpg,https://www.interestprint.com/custom/all_over_print_wide_leg_pants_with_belt-4572.html
2410,3773,Soft Men's Pajama Set ITZ,Men's Clothing,13.21,26.99,13.78,51.1,,https://ipimg.interestprint.com/data/product/3773/img/20240823/20240823021122491127_250x250.jpg,https://www.interestprint.com/custom/soft_men_s_pajama_set-3773.html
2411,4760,Women's High-heeled Clogs,Shoes,13.25,29.99,16.74,55.8,,https://ipimg.interestprint.com/data/product/4760/img/20250929/20250929022819795270_250x250.jpg,https://www.interestprint.com/custom/women_s_high_heeled_clogs-4760.html
2412,5823,Men's Water Training Shoes with Shoelaces,Summer Holiday,13.29,39.99,26.7,66.8,,https://ipimg.interestprint.com/data/product/5823/img/20260615/20260615103519285255_250x250.jpg,https://www.interestprint.com/custom/men_s_water_training_shoes_with_shoelaces-5823.html
2413,5822,Women's Water Training Shoes with Shoelaces,Shoes,13.29,39.99,26.7,66.8,,https://ipimg.interestprint.com/data/product/5822/img/20260615/20260615091927442328_250x250.jpg,https://www.interestprint.com/custom/women_s_water_training_shoes_with_shoelaces-5822.html
2414,5685,Women's 2-Piece Long Sleeve Dress & Cardigan Set,Women's Clothing,13.3,39.99,26.69,66.7,,https://ipimg.interestprint.com/data/product/5685/img/20260522/20260522104125573285_250x250.jpg,https://www.interestprint.com/custom/women_s_2_piece_long_sleeve_dress_cardigan_set-5685.html
2415,4566,Custom Women's Quarter Zip Pullover Sweatshirt,Women's Clothing,13.37,34.99,21.62,61.8,,https://ipimg.interestprint.com/data/product/4566/img/20250728/20250728194936047862_250x250.jpg,https://www.interestprint.com/custom/cusom_women_s_quarter_zip_pullover_sweatshirt-4566.html
2416,4369,Button Front Shirt Dress,Women's Clothing,13.43,35.99,22.56,62.7,,https://ipimg.interestprint.com/data/product/4369/img/20250527/20250527225602585397_250x250.jpg,https://www.interestprint.com/custom/custom_button_front_shirt_dress-4369.html
2417,5566,Women's Flannel Hooded Long-Sleeve Robe,Women's Clothing,13.44,39.99,26.55,66.4,,https://ipimg.interestprint.com/data/product/5566/img/20260427/20260427163723299889_250x250.jpg,https://www.interestprint.com/custom/women_s_flannel_hooded_long_sleeve_robe-5566.html
2418,4920,Car Floor Mats(4pcs),Accessories,13.46,42.99,29.53,68.7,,https://ipimg.interestprint.com/data/product/4920/img/20251104/20251104001759844274_250x250.jpg,https://www.interestprint.com/custom/car_floor_mats_4pcs-4920.html
2419,6153,"Polyester Peach Skin Wall Tapestry with Ribbons 80"" x 30"" | Ships from USA",U.S. Fulfillment,13.49,39.99,26.5,66.3,,https://ipimg.interestprint.com/data/product/6153/img/20260901/20260901165853299049_250x250.jpg,https://www.interestprint.com/custom/polyester_peach_skin_wall_tapestry_with_ribbons_80_x_30_ships_from_usa-6153.html
2420,6152,"Polyester Peach Skin Wall Tapestry with Ribbons 30"" x 80"" | Ships from USA",U.S. Fulfillment,13.49,39.99,26.5,66.3,,https://ipimg.interestprint.com/data/product/6152/img/20260901/20260901170037256886_250x250.jpg,https://www.interestprint.com/custom/polyester_peach_skin_wall_tapestry_with_ribbons_30_x_80_ships_from_usa-6152.html
2421,6038,"Luggage Cover 28"" x 30"" ( Extra Large ) | Ships from USA",U.S. Fulfillment,13.49,39.99,26.5,66.3,,https://ipimg.interestprint.com/data/product/6038/img/20260807/20260807113806643165_250x250.jpg,https://www.interestprint.com/custom/luggage_cover_extra_large_ships_from_usa-6038.html
2422,5967,"Sherpa Fleece Blanket 30"" x 40"" | Ships from USA",U.S. Fulfillment,13.49,33.99,20.5,60.3,,https://ipimg.interestprint.com/data/product/5967/img/20260715/20260715172557329453_250x250.jpg,https://www.interestprint.com/custom/sherpa_fleece_blanket_30_x_40_ships_from_usa-5967.html
2423,5896,"Beach Towel 31"" x 71"" (2-Pack, Customized Separately) | Ships from USA",U.S. Fulfillment,13.49,39.99,26.5,66.3,,https://ipimg.interestprint.com/data/product/5896/img/20260629/20260629165004828606_250x250.jpg,https://www.interestprint.com/custom/beach_towel_31_x_71_2_pack_customized_separately_ships_from_usa-5896.html
2424,5889,"Beach Towel 31"" x 71"" (2-Pack) | Ships from USA",U.S. Fulfillment,13.49,32.99,19.5,59.1,,https://ipimg.interestprint.com/data/product/5889/img/20260629/20260629165213198803_250x250.jpg,https://www.interestprint.com/custom/beach_towel_31_x_71_2_pack_ships_from_usa-5889.html
2425,6171,Custom Men's Sweater,Men's Clothing,13.49,36.99,23.5,63.5,,https://ipimg.interestprint.com/data/product/6171/img/20260902/20260902151338705221_250x250.jpg,https://www.interestprint.com/custom/custom_men_s_sweater-6171.html
2426,2470,Men's All Over Print Crew Neck T-Shirt(T40-2),Back to School,13.5,20.99,7.49,35.7,,https://ipimg.interestprint.com/data/product/2470/img/20220719/20220719000036306613_250x250.jpg,https://www.interestprint.com/custom/2022_t-2470.html
2427,2469,Women's All Over Print Crew Neck T-Shirt(T40-2),Back to School,13.5,20.99,7.49,35.7,,https://ipimg.interestprint.com/data/product/2469/img/20220818/20220818230932037078_250x250.jpg,https://www.interestprint.com/custom/2022_t-2469.html
2428,3123,"Art Prints 14""x11"" (Pack of 4) | Ships from USA",U.S. Fulfillment,13.5,27.99,14.49,51.8,,https://ipimg.interestprint.com/data/product/3123/img/20260107/20260107220019882726_250x250.jpg,https://www.interestprint.com/custom/art_prints_14_x11_pack_of_4-3123.html
2429,3122,"Art Print 11""x14"" (Pack of 4) | Ships from USA",U.S. Fulfillment,13.5,27.99,14.49,51.8,,https://ipimg.interestprint.com/data/product/3122/img/20260107/20260107220046974879_250x250.jpg,https://www.interestprint.com/custom/art_print_11_x14_pack_of_4-3122.html
2430,555,Women's All Over Print T-shirt (USA Size) (Model T40),Women's Clothing,13.5,35.99,22.49,62.5,,https://ipimg.interestprint.com/data/product/555/img/20220630/20220630014243898898_250x250.jpg,https://www.interestprint.com/custom/women_s_all_over_print_t_shirt_usa_size_model_t40-555.html
2431,5410,Men's Open-Front Long Robe,Men's Clothing,13.5,39.99,26.49,66.2,,https://ipimg.interestprint.com/data/product/5410/img/20260401/20260401105443113129_250x250.jpg,https://www.interestprint.com/custom/men_s_open_front_long_robe-5410.html
2432,557,Men's All Over Print T-shirt (USA Size) (Model T40),Men's Clothing,13.5,35.99,22.49,62.5,,https://ipimg.interestprint.com/data/product/557/img/20210514/20210514004451741966_250x250.jpg,https://www.interestprint.com/custom/men_s_all_over_print_t_shirt_usa_size_model_t40-557.html
2433,1110,Men's All Over Print T-shirt(Model T63),Men's Clothing,13.5,35.99,22.49,62.5,,https://ipimg.interestprint.com/data/product/1110/img/20191114/20191114234435856315_250x250.jpg,https://www.interestprint.com/custom/men_s_all_over_print_t_shirt_model_t63-1110.html
2434,4724,"Custom 3-Piece Bedding Set (94"" x 104"")",Home Decor,13.5,25.99,12.49,48.1,,https://ipimg.interestprint.com/data/product/4724/img/20250918/20250918225555253566_250x250.jpg,https://www.interestprint.com/custom/custom_3_piece_bedding_set_94_x_104-4724.html
2435,4722,"Custom 3-Piece Bedding Set (90"" x 104"")",Home Decor,13.5,25.99,12.49,48.1,,https://ipimg.interestprint.com/data/product/4722/img/20250918/20250918193818542946_250x250.jpg,https://www.interestprint.com/custom/custom_3_piece_bedding_set_90_x_104-4722.html
2436,987,Pencil Pouch (Large) (Model 1680),Back to School,13.55,29.99,16.44,54.8,,https://ipimg.interestprint.com/data/product/987/img/20190510/20190510003405182741_250x250.jpg,https://www.interestprint.com/custom/pen_bag-987.html
2437,4986,"Frame Canvas Print 20"" x 16"" | Ships from USA",U.S. Fulfillment,13.55,35.99,22.44,62.4,,https://ipimg.interestprint.com/data/product/4986/img/20260112/20260112001559861295_250x250.jpg,https://www.interestprint.com/custom/frame_canvas_print_20_x_16_us-4986.html
2438,4941,"Frame Canvas Print 16"" x 20"" | Ships from USA",U.S. Fulfillment,13.55,35.99,22.44,62.4,,https://ipimg.interestprint.com/data/product/4941/img/20260112/20260112001808794046_250x250.jpg,https://www.interestprint.com/custom/frame_canvas_print_16_x_20_us-4941.html
2439,1455,"Custom Zippered Pillow Cases 16""x16"" (Two Sides) | Ships from Australia",Australia Fulfillment,13.55,19.99,6.44,32.2,,https://ipimg.interestprint.com/data/product/1455/img/20260111/20260111005149613857_250x250.jpg,https://www.interestprint.com/custom/custom_zippered_pillow_cases_16x16_two_sides_au-1455.html
2440,5540,One-Shoulder Wide-Leg Jumpsuit with Pockets,Women's Clothing,13.56,29.99,16.43,54.8,,https://ipimg.interestprint.com/data/product/5540/img/20260421/20260421170116241137_250x250.jpg,https://www.interestprint.com/custom/one_shoulder_wide_leg_jumpsuit_with_pockets-5540.html
2441,4575,Custom Wide Leg Pants,Women's Clothing,13.58,41.99,28.41,67.7,,https://ipimg.interestprint.com/data/product/4575/img/20250730/20250730201232534237_250x250.jpg,https://www.interestprint.com/custom/custom_wide_leg_pants-4575.html
2442,2836,Custom Print Fleece Lined Adults Clogs,Shoes,13.58,31.99,18.41,57.5,,https://ipimg.interestprint.com/data/product/2836/img/20230824/20230824183602034993_250x250.jpg,https://www.interestprint.com/custom/custom_print_fleece_lined_adults_clogs-2836.html
2443,6087,"Yard Sign 24"" x 18"" ( Stand Not Included & Two-Sided Same Print ) | Ships from USA",Wedding & Party Decor,13.59,39.99,26.4,66.0,,https://ipimg.interestprint.com/data/product/6087/img/20260817/20260817161306505619_250x250.jpg,https://www.interestprint.com/custom/yard_sign_24_x_18_stand_not_included_two_sided_same_print_ships_from_usa-6087.html
2444,5836,"Custom Round Tablecloth 60"" x 60"" | Ships from USA",Christmas Gifts,13.59,39.99,26.4,66.0,,https://ipimg.interestprint.com/data/product/5836/img/20260616/20260616164059381269_250x250.jpg,https://www.interestprint.com/custom/custom_round_tablecloth_60_x_60_ships_from_usa-5836.html
2445,5886,"Custom Shaped Pillow 12"" | Ships from USA",U.S. Fulfillment,13.59,36.99,23.4,63.3,,https://ipimg.interestprint.com/data/product/5886/img/20260630/20260630155649560518_250x250.jpg,https://www.interestprint.com/custom/custom_shaped_pillow_12_ships_from_usa-5886.html
2446,5485,"Shower Curtain 78"" × 71"" | Ships from USA",U.S. Fulfillment,13.59,28.99,15.4,53.1,,https://ipimg.interestprint.com/data/product/5485/img/20260416/20260416144028063496_250x250.jpg,https://www.interestprint.com/custom/shower_curtain_78_71_ships_from_usa-5485.html
2447,2984,"Custom Cradled Wood Panels 16""x12""  | Ships from USA",U.S. Fulfillment,13.59,27.99,14.4,51.4,,https://ipimg.interestprint.com/data/product/2984/img/20260107/20260107223419201834_250x250.jpg,https://www.interestprint.com/custom/wood_print_16_x12-2984.html
2448,2983,"Custom Cradled Wood Panels 12""x16"" | Ships from USA",U.S. Fulfillment,13.59,27.99,14.4,51.4,,https://ipimg.interestprint.com/data/product/2983/img/20260107/20260107223451224891_250x250.jpg,https://www.interestprint.com/custom/wood_print_12_x16-2983.html
2449,1057,Custom Men's T-shirt(USA Size)(ModelT02)(One Side Printing) | Ships from Australia,Australia Fulfillment,13.59,29.99,16.4,54.7,,https://ipimg.interestprint.com/data/product/1057/img/20260111/20260111003419440916_250x250.jpg,https://www.interestprint.com/custom/custom_men_s_t_shirt_usa_size_modelt02_au-1057.html
2450,1333,Women's All Over Print Baseball Jersey(ModelT50),Women's Clothing,13.59,39.99,26.4,66.0,,https://ipimg.interestprint.com/data/product/1333/img/20201013/20201013023133402683_250x250.jpg,https://www.interestprint.com/custom/all_over_print_baseball_jersey_for_women_modelt50-1333.html
2451,946,Kid's All Over Print Short Sleeve Shirt (Model T59),Kid's Clothing,13.59,39.99,26.4,66.0,,https://ipimg.interestprint.com/data/product/946/img/20230719/20230719021315200881_250x250.jpg,https://www.interestprint.com/custom/kid_s_all_over_shirt_model_t59-946.html
2452,5610,Men's Quick-Dry Fitness Shoes,Shoes,13.59,39.99,26.4,66.0,,https://ipimg.interestprint.com/data/product/5610/img/20260506/20260506105731604811_250x250.jpg,https://www.interestprint.com/custom/men_s_quick_dry_fitness_shoes-5610.html
2453,5164,White Mug (One-Side Print) | Ships from USA,U.S. Fulfillment,13.66,25.99,12.33,47.4,,https://ipimg.interestprint.com/data/product/5164/img/20260115/20260115232935319443_250x250.jpg,https://www.interestprint.com/custom/white_mug_one_side_print-5164.html
2454,5365,Women's One Shoulder Ruffle Two-Piece Set,Women's Clothing,13.66,29.99,16.33,54.5,,https://ipimg.interestprint.com/data/product/5365/img/20260316/20260316042119688085_250x250.jpg,https://www.interestprint.com/custom/women_s_one_shoulder_ruffle_two_piece_set-5365.html
2455,5667,All Over Print Men's Dress Pants,Men's Clothing,13.66,29.99,16.33,54.5,,https://ipimg.interestprint.com/data/product/5667/img/20260518/20260518163613778038_250x250.jpg,https://www.interestprint.com/custom/all_over_print_men_s_dress_pants-5667.html
2456,3530,Women's Double-Layered Camisole Dress (Model D70),Women's Clothing,13.69,31.99,18.3,57.2,,https://ipimg.interestprint.com/data/product/3530/img/20240621/20240621021857264039_250x250.jpg,https://www.interestprint.com/custom/women_s_double_layered_camisole_dress-3530.html
2457,6137,Men's Casual Zip‑Up Bomber Jacket,Men's Clothing,13.75,39.99,26.24,65.6,,https://ipimg.interestprint.com/data/product/6137/img/20260826/20260826160814214643_250x250.jpg,https://www.interestprint.com/custom/men_s_casual_zip_up_bomber_jacket-6137.html
2458,5017,"Rectangular Tablecloth 102"" x 60""  | Ships from USA",U.S. Fulfillment,13.79,32.99,19.2,58.2,,https://ipimg.interestprint.com/data/product/5017/img/20260109/20260109202804824200_250x250.jpg,https://www.interestprint.com/custom/rectangular_tablecloth_102_x_60-5017.html
2459,4400,Knotted Long Swimwear Cover Up,Women's Clothing,13.79,28.99,15.2,52.4,,https://ipimg.interestprint.com/data/product/4400/img/20250605/20250605201923484503_250x250.jpg,https://www.interestprint.com/custom/custom_knotted_long_swimwear_cover_up-4400.html
2460,600,Travel Bag Black (Small) (Model1639),Bags,13.8,49.99,36.19,72.4,,https://ipimg.interestprint.com/data/product/600/img/20170521/20170521191702265433_250x250.jpg,https://www.interestprint.com/custom/travel_bag_small_black_model1639-600.html
2461,277,Travel Bag Brown (Small) (Model 1639),Bags,13.8,49.99,36.19,72.4,,https://ipimg.interestprint.com/data/product/277/img/20160330/20160330190758463451_250x250.jpg,https://www.interestprint.com/custom/travel_bag_model_1639_small-277.html
2462,5939,All Over Print Cotton Men's Lapel Pocket Long Sleeve Shirt,All-Over Cotton Collection,13.87,36.99,23.12,62.5,,https://ipimg.interestprint.com/data/product/5939/img/20260708/20260708111553926951_250x250.jpg,https://www.interestprint.com/custom/all_over_print_cotton_men_s_lapel_pocket_long_sleeve_shirt-5939.html
2463,3888,Women's Loose Single Breasted Dress,Women's Clothing,13.87,26.99,13.12,48.6,,https://ipimg.interestprint.com/data/product/3888/img/20241015/20241015010639786673_250x250.jpg,https://www.interestprint.com/custom/women_s_loose_single_breasted_dress-3888.html
2464,5471,"Flannel Indoor Runner Rug 60"" x 24"" | Ships from USA",U.S. Fulfillment,13.89,41.99,28.1,66.9,,https://ipimg.interestprint.com/data/product/5471/img/20260414/20260414143826804635_250x250.jpg,https://www.interestprint.com/custom/indoor_runner_flannel_rug_60_x_24_ships_from_usa-5471.html
2465,5462,"Indoor Runner Rug  60"" x 22"" | Ships from USA",U.S. Fulfillment,13.89,39.99,26.1,65.3,,https://ipimg.interestprint.com/data/product/5462/img/20260413/20260413135731651746_250x250.jpg,https://www.interestprint.com/custom/indoor_runner_rug_60_x_22_ships_from_usa-5462.html
2466,4979,"Frame Canvas Print 24"" x 16"" | Ships from USA",U.S. Fulfillment,13.89,35.99,22.1,61.4,,https://ipimg.interestprint.com/data/product/4979/img/20260109/20260109005136656634_250x250.jpg,https://www.interestprint.com/custom/frame_canvas_print_24_x_16-4979.html
2467,4934,"Frame Canvas Print 16"" x 24"" | Ships from USA",U.S. Fulfillment,13.89,35.99,22.1,61.4,,https://ipimg.interestprint.com/data/product/4934/img/20260109/20260109010550071742_250x250.jpg,https://www.interestprint.com/custom/frame_canvas_print_16_x_24-4934.html
2468,354,Classic Saddle Bag (Model 1648) (Big),Bags,13.89,48.99,35.1,71.6,,https://ipimg.interestprint.com/data/product/354/img/20160520/20160520024022247550_250x250.jpg,https://www.interestprint.com/custom/classic_saddle_bag_model648_big-354.html
2469,5728,Vintage Washed Cotton T- Shirt | Ships from USA,U.S. Fulfillment,13.91,36.99,23.08,62.4,,https://ipimg.interestprint.com/data/product/5728/img/20260527/20260527170540808456_250x250.jpg,https://www.interestprint.com/custom/vintage_washed_cotton_t_shirt_ships_from_usa-5728.html
2470,5761,Notched Lapel Pajama Set with Pockets,Women's Clothing,13.91,39.99,26.08,65.2,,https://ipimg.interestprint.com/data/product/5761/img/20260603/20260603134104653609_250x250.jpg,https://www.interestprint.com/custom/notched_lapel_pajama_set_with_pockets-5761.html
2471,4726,Custom Fitted Sheet 4-Piece Set,Home Decor,13.91,25.99,12.08,46.5,,https://ipimg.interestprint.com/data/product/4726/img/20250918/20250918230554566073_250x250.jpg,https://www.interestprint.com/custom/custom_fitted_sheet_4_piece_set-4726.html
2472,782,Women's All Over Print Hoodie Mini Dress(Model H27),Women's Clothing,13.93,49.99,36.06,72.1,,https://ipimg.interestprint.com/data/product/782/img/20180221/20180221222418874827_250x250.png,https://www.interestprint.com/custom/women_s_hoodie_model_h27-782.html
2473,5170,Elastic Waist Double Layered Active Shorts,Women's Clothing,13.97,26.99,13.02,48.2,,https://ipimg.interestprint.com/data/product/5170/img/20260121/20260121012320005540_250x250.jpg,https://www.interestprint.com/custom/elastic_waist_double_layered_active_shorts-5170.html
2474,4372,3/4 Sleeve Button Up Dress,Women's Clothing,13.98,35.99,22.01,61.2,,https://ipimg.interestprint.com/data/product/4372/img/20250528/20250528185140158513_250x250.jpg,https://www.interestprint.com/custom/custom_3_4_sleeve_button_up_dress-4372.html
2475,605,"Throw Pillow Cover 18""x 18"" (Twin Sides) (Set of 2)",Halloween Decor,13.99,24.99,11.0,44.0,,https://ipimg.interestprint.com/data/product/605/img/20240821/20240821181616999182_250x250.jpg,https://www.interestprint.com/custom/throw_pillow_cover_18_x_18_twin_sides_set_of_2-605.html
2476,1423,"Ultra-Soft Micro Fleece Blanket 50"" x 60"" | Ships from USA",Christmas Gifts,13.99,59.99,46.0,76.7,,https://ipimg.interestprint.com/data/product/1423/img/20260108/20260108001922610026_250x250.jpg,https://www.interestprint.com/custom/ultra_soft_micro_fleece_blanket_50_x_60-1423.html
2477,2221,"Thick Christmas Tree Skirt 30"" x 30""",Christmas Gifts,13.99,20.99,7.0,33.3,,https://ipimg.interestprint.com/data/product/2221/img/20210905/20210905193041706525_250x250.jpg,https://www.interestprint.com/custom/thick_christmas_tree_skirt_30_x_30-2221.html
2478,3800,Custom Women's Handbag-Small (Model 1747),Mother's Day,13.99,33.99,20.0,58.8,,https://ipimg.interestprint.com/data/product/3800/img/20240904/20240904181624726839_250x250.jpg,https://www.interestprint.com/custom/custom_women_s_handbag_small-3800.html
2479,5300,Festival Banner 71x47inch  | Ships from USA,Graduation Gifts,13.99,27.99,14.0,50.0,,https://ipimg.interestprint.com/data/product/5300/img/20260227/20260227002513205720_250x250.jpg,https://www.interestprint.com/custom/festival_banner_71x47inch_ships_from_usa-5300.html
2480,2145,Insulated Lunch Bag with Pockets(Model 1720),Back to School,13.99,25.99,12.0,46.2,,https://ipimg.interestprint.com/data/product/2145/img/20210531/20210531012048846991_250x250.jpg,https://www.interestprint.com/custom/1720-2145.html
2481,5492,Men's Hoodie (Model H03) (Front & Back Print) | Ships from USA,U.S. Fulfillment,13.99,39.99,26.0,65.0,,https://ipimg.interestprint.com/data/product/5492/img/20260417/20260417130136407790_250x250.jpg,https://www.interestprint.com/custom/men_s_hoodie-5492.html
2482,5496,Single Seater Sofa Cover | Ships from USA,U.S. Fulfillment,13.99,29.99,16.0,53.4,,https://ipimg.interestprint.com/data/product/5496/img/20260417/20260417130316154439_250x250.jpg,https://www.interestprint.com/custom/single_seater_sofa_cover_que-5496.html
2483,4762,Yoga Mat | Ships from USA,U.S. Fulfillment,13.99,39.99,26.0,65.0,,https://ipimg.interestprint.com/data/product/4762/img/20260112/20260112001231798087_250x250.jpg,https://www.interestprint.com/custom/yoga_mat-4762.html
2484,4193,"Window Curtains 52""x63"" ( Set of 2 ) | Ships from USA",U.S. Fulfillment,13.99,31.99,18.0,56.3,,https://ipimg.interestprint.com/data/product/4193/img/20260107/20260107215438203936_250x250.jpg,https://www.interestprint.com/custom/custom_window_curtains_132x160cm_set_of_2_us02-4193.html
2485,3463,"Art Print 20""x16"" (3 Pack) (Customizable Separately) | Ships from USA",U.S. Fulfillment,13.99,27.99,14.0,50.0,,https://ipimg.interestprint.com/data/product/3463/img/20260107/20260107214440935927_250x250.jpg,https://www.interestprint.com/custom/art_print_20_x16_3_pack_customizable_separately-3463.html
2486,3462,"Art Print 16""x20"" (3 Pack) (Customizable Separately) | Ships from USA",U.S. Fulfillment,13.99,27.99,14.0,50.0,,https://ipimg.interestprint.com/data/product/3462/img/20260107/20260107214533214253_250x250.jpg,https://www.interestprint.com/custom/art_print_16_x20_3_pack_customizable_separately-3462.html
2487,3115,"Art Print 20""x16"" (Pack of 3) | Ships from USA",U.S. Fulfillment,13.99,27.99,14.0,50.0,,https://ipimg.interestprint.com/data/product/3115/img/20260107/20260107220507390803_250x250.jpg,https://www.interestprint.com/custom/art_print_20_x16_pack_of_3-3115.html
2488,3114,"Art Print 16""x20"" (Pack of 3) | Ships from USA",U.S. Fulfillment,13.99,27.99,14.0,50.0,,https://ipimg.interestprint.com/data/product/3114/img/20260107/20260107220536932700_250x250.jpg,https://www.interestprint.com/custom/art_print_16_x20_pack_of_3-3114.html
2489,2626,"Metal Sign 12""x16""(Made in AUS)",Australia Fulfillment,13.99,21.99,8.0,36.4,,https://ipimg.interestprint.com/data/product/2626/img/20230115/20230115174414060455_250x250.jpg,https://www.interestprint.com/custom/metal_tin_sign_12_x16_made_in_usa-2626.html
2490,2561,"Upgraded Frame Canvas Print 8""x8"" | Ships from Australia",Australia Fulfillment,13.99,19.99,6.0,30.0,,https://ipimg.interestprint.com/data/product/2561/img/20260111/20260111015342270363_250x250.jpg,https://www.interestprint.com/custom/frame_canvas_print_8_x8_au-2561.html
2491,4788,"12"" Custom Shaped Pillow (One Side Printing)",Personalized Product,13.99,27.99,14.0,50.0,,https://ipimg.interestprint.com/data/product/4788/img/20251016/20251016021044299386_250x250.png,https://www.interestprint.com/custom/custom_shaped_one_side_print_pillow_30cm-4788.html
2492,3332,Wooden Tree Family Puzzle with 6 Names,Personalized Product,13.99,22.99,9.0,39.1,,https://ipimg.interestprint.com/data/product/3332/img/20240519/20240519230112252799_250x250.jpg,https://www.interestprint.com/custom/wooden_tree_family_puzzle_with_6_names-3332.html
2493,1138,"Custom Shaped Pillow(12"")",Personalized Product,13.99,23.99,10.0,41.7,,https://ipimg.interestprint.com/data/product/1138/img/20200318/20200318011703973974_250x250.jpg,https://www.interestprint.com/custom/custom_pet_shaped_pillow_12-1138.html
2494,5361,Women's Strapless Smocked Wide-Leg Jumpsuit,Women's Clothing,13.99,39.99,26.0,65.0,,https://ipimg.interestprint.com/data/product/5361/img/20260316/20260316033357232808_250x250.jpg,https://www.interestprint.com/custom/strapless_smocked_wide_leg_jumpsuit-5361.html
2495,3842,Women's Bikini Top & Shorts Pajama Set (Model Sets 28),Women's Clothing,13.99,21.99,8.0,36.4,,https://ipimg.interestprint.com/data/product/3842/img/20240930/20240930010136095027_250x250.jpg,https://www.interestprint.com/custom/women_s_bikini_top_shorts_pajama_set-3842.html
2496,3572,Long Beach Sarong Wrap,Women's Clothing,13.99,24.99,11.0,44.0,,https://ipimg.interestprint.com/data/product/3572/img/20240709/20240709022313007156_250x250.jpg,https://www.interestprint.com/custom/long_beach_sarong_wrap-3572.html
2497,3081,String Bikini Set (BK2059),Women's Clothing,13.99,29.99,16.0,53.4,,https://ipimg.interestprint.com/data/product/3081/img/20240328/20240328234455271383_250x250.jpg,https://www.interestprint.com/custom/string_bikini_set_bk2059-3081.html
2498,2737,Men's Crinkle Short Sleeve Shirt,Men's Clothing,13.99,21.99,8.0,36.4,,https://ipimg.interestprint.com/data/product/2737/img/20230523/20230523011344878433_250x250.jpg,https://www.interestprint.com/custom/men_s_crinkle_short_sleeve_shirt-2737.html
2499,1710,Men's Boxer Briefs with Custom Waistband(ModelL10),Men's Clothing,13.99,27.99,14.0,50.0,,https://ipimg.interestprint.com/data/product/1710/img/20210427/20210427010859870280_250x250.jpg,https://www.interestprint.com/custom/men_s_boxer_briefs_with_custom_waistband_model_l10-1710.html
2500,2142,Men's Boxer Briefs with Custom Waistband(Five Panels)(ModelL10),Men's Clothing,13.99,27.99,14.0,50.0,,https://ipimg.interestprint.com/data/product/2142/img/20210525/20210525183104591149_250x250.jpg,https://www.interestprint.com/custom/men_s_boxer_briefs_with_custom_waistband_modell10-2142.html
2501,2554,Men's Long Leg Boxer Briefs (Model L67),Men's Clothing,13.99,25.99,12.0,46.2,,https://ipimg.interestprint.com/data/product/2554/img/20221011/20221011185304748769_250x250.jpg,https://www.interestprint.com/custom/6-2554.html
2502,802,Men's All Over Print Baseball Jersey (T50),Men's Clothing,13.99,39.99,26.0,65.0,,https://ipimg.interestprint.com/data/product/802/img/20180620/20180620030415576936_250x250.png,https://www.interestprint.com/custom/baseball_short_sleeve_shirt_t50-802.html
2503,4963,Custom Little Kids' Flannel Pajama Trousers (Model L76),Kid's Clothing,13.99,24.99,11.0,44.0,,https://ipimg.interestprint.com/data/product/4963/img/20251117/20251117175108371319_250x250.jpg,https://www.interestprint.com/custom/little_kids_flannel_pajama_trousers_model_l76-4963.html
2504,2375,Little Boys' V-Neck Short Pajama Set (ModelSets 11),Kid's Clothing,13.99,31.99,18.0,56.3,,https://ipimg.interestprint.com/data/product/2375/img/20220411/20220411225517484887_250x250.jpg,https://www.interestprint.com/custom/v_sets_11-2375.html
2505,2377,Little Girls' V-Neck Short Pajama Set (ModelSets 11),Kid's Clothing,13.99,31.99,18.0,56.3,,https://ipimg.interestprint.com/data/product/2377/img/20220411/20220411225642117396_250x250.jpg,https://www.interestprint.com/custom/v_sets_11-2377.html
2506,3610,Little Kids' Flannel Pajama Trousers (Model L76),Kid's Clothing,13.99,24.99,11.0,44.0,,https://ipimg.interestprint.com/data/product/3610/img/20240710/20240710184349718435_250x250.jpg,https://www.interestprint.com/custom/little_kids_coral_fleece_pajama_trousers_l76-3610.html
2507,6027,Double-Layer Flannel Sherpa Blanket 150 x 200cm,Home Decor,13.99,36.99,23.0,62.2,,https://ipimg.interestprint.com/data/product/6027/img/20260730/20260730141709313748_250x250.jpg,https://www.interestprint.com/custom/double_layer_flannel_sherpa_blanket_150_x_200cm-6027.html
2508,778,"Rectangle Pillow Case 20"" x 30""(One Side)(No Zipper)(Set of 2)",Home Decor,13.99,25.99,12.0,46.2,,https://ipimg.interestprint.com/data/product/778/img/20180205/20180205172222454682_250x250.png,https://www.interestprint.com/custom/custom_pillow_cases_20_x_30_one_side_no_zipper-778.html
2509,38,"Rectangle Pillow Case 20""x30""",Home Decor,13.99,21.95,7.96,36.3,,https://ipimg.interestprint.com/data/product/38/img/20150702/20150702160824484446_250x250.jpg,https://www.interestprint.com/custom/zippered_pillow_case_20_x30-38.html
2510,490,Automatic Foldable Umbrella (Model U04),Home Decor,13.99,39.99,26.0,65.0,,https://ipimg.interestprint.com/data/product/490/img/20161107/20161107011602048313_250x250.jpg,https://www.interestprint.com/custom/auto_open_foldable_umbrella-490.html
2511,578,"Garden Flag 28"" x 40""(Twin Sides)",Home Decor,13.99,22.99,9.0,39.1,,https://ipimg.interestprint.com/data/product/578/img/20220914/20220914232811400716_250x250.jpg,https://www.interestprint.com/custom/garden_flag_28_x_40-578.html
2512,4317,Yoga Mat Bag (Model 1751),Bags,13.99,36.99,23.0,62.2,,https://ipimg.interestprint.com/data/product/4317/img/20250506/20250506183240329498_250x250.jpg,https://www.interestprint.com/custom/custom_yoga_tote_bag_1751-4317.html
2513,3873,Women's Shoulder Bag-Black (Model 1748),Bags,13.99,25.99,12.0,46.2,,https://ipimg.interestprint.com/data/product/3873/img/20241021/20241021013642830708_250x250.jpg,https://www.interestprint.com/custom/women_s_shoulder_bag_black_1748-3873.html
2514,3874,Women's Shoulder Bag-Grey (Model 1748),Bags,13.99,25.99,12.0,46.2,,https://ipimg.interestprint.com/data/product/3874/img/20241010/20241010192928585852_250x250.jpg,https://www.interestprint.com/custom/women_s_shoulder_bag_grey_1748-3874.html
2515,3423,Portable Lunch Bag-Grey Handle (Model 1742),Bags,13.99,21.99,8.0,36.4,,https://ipimg.interestprint.com/data/product/3423/img/20240603/20240603003559785997_250x250.jpg,https://www.interestprint.com/custom/portable_storage_bag_grey_handle-3423.html
2516,3358,Portable Insulated Lunch Bag-Black Handle (Model 1742),Bags,13.99,21.99,8.0,36.4,,https://ipimg.interestprint.com/data/product/3358/img/20240527/20240527015704747635_250x250.jpg,https://www.interestprint.com/custom/portable_lunch_bag_black_handle-3358.html
2517,3359,Portable Insulated Lunch Bag-Grey Handle (Model 1742),Bags,13.99,21.99,8.0,36.4,,https://ipimg.interestprint.com/data/product/3359/img/20240526/20240526175217032388_250x250.jpg,https://www.interestprint.com/custom/portable_lunch_bag-3359.html
2518,3240,New Custom Diaper Bag-Large(Model 1688）,Bags,13.99,47.99,34.0,70.8,,https://ipimg.interestprint.com/data/product/3240/img/20240731/20240731014936920503_250x250.jpg,https://www.interestprint.com/custom/new_multi_function_diaper_bag_large_1688-3240.html
2519,1079,Insulated Lunch Bag(Model 1689),Bags,13.99,29.99,16.0,53.4,,https://ipimg.interestprint.com/data/product/1079/img/20190910/20190910002212162127_250x250.jpg,https://www.interestprint.com/custom/insulated_zipper_lunch_bag_1689-1079.html
2520,5498,Men's Low-Top Canvas Sneakers,Shoes,13.99,39.99,26.0,65.0,,https://ipimg.interestprint.com/data/product/5498/img/20260417/20260417145427787484_250x250.jpg,https://www.interestprint.com/custom/men_s_low_top_canvas_sneakers-5498.html
2521,5499,Women's Low-Top Canvas Sneakers,Shoes,13.99,36.99,23.0,62.2,,https://ipimg.interestprint.com/data/product/5499/img/20260417/20260417145452105182_250x250.jpg,https://www.interestprint.com/custom/women_s_low_top_canvas_sneakers-5499.html
2522,2274,Kid's All Over Print Pajama Set (Model Sets 07),Kid's Clothing,14.0,34.99,20.99,60.0,,https://ipimg.interestprint.com/data/product/2274/img/20211125/20211125165518314130_250x250.jpg,https://www.interestprint.com/custom/sets_07-2274.html
2523,2913,Women's High Top Canvas Shoes (Modle 017),Shoes,14.0,57.99,43.99,75.9,,https://ipimg.interestprint.com/data/product/2913/img/20231030/20231030225810833080_250x250.jpg,https://www.interestprint.com/custom/custom_high_top_canvas_shoes_for_women_model017-2913.html
2524,5903,Women's Chiffon V-neck Short-Sleeved Loose Dress,Women's Clothing,14.01,32.99,18.98,57.5,,https://ipimg.interestprint.com/data/product/5903/img/20260702/20260702091235417482_250x250.jpg,https://www.interestprint.com/custom/women_s_chiffon_v_neck_short_sleeved_loose_dress-5903.html
2525,4378,Elastic Waist Pocket Midi Skirt,Women's Clothing,14.03,32.99,18.96,57.5,,https://ipimg.interestprint.com/data/product/4378/img/20250616/20250616224517680975_250x250.jpg,https://www.interestprint.com/custom/custom_elastic_waist_pocket_midi_skirt-4378.html
2526,4209,Women's Loungewear Set,Women's Clothing,14.03,31.99,17.96,56.1,,https://ipimg.interestprint.com/data/product/4209/img/20250310/20250310000222956407_250x250.jpg,https://www.interestprint.com/custom/women_s_loungewear_set-4209.html
2527,4466,Lapel Ruffle Hem Short Pajama Sets,Women's Clothing,14.09,45.99,31.9,69.4,,https://ipimg.interestprint.com/data/product/4466/img/20250630/20250630192010037317_250x250.jpg,https://www.interestprint.com/custom/lapel_ruffle_hem_short_pajama_sets-4466.html
2528,5320,"Picnic Table & Bench Covers Set 60""X30"" | Ships from USA",U.S. Fulfillment,14.19,44.99,30.8,68.5,,https://ipimg.interestprint.com/data/product/5320/img/20260305/20260305212123709147_250x250.jpg,https://www.interestprint.com/custom/picnic_table_bench_covers_set_60_x30_ships_from_usa-5320.html
2529,5868,Women's High Waist Slit Ruffle Maxi Skirt,Women's Clothing,14.2,36.99,22.79,61.6,,https://ipimg.interestprint.com/data/product/5868/img/20260624/20260624090828875329_250x250.jpg,https://www.interestprint.com/custom/women_s_high_waist_slit_ruffle_maxi_skirt-5868.html
2530,6068,Adult Cotton T-Shirt ( Two- Side Printing ) | Ships from USA,U.S. Fulfillment,14.21,34.99,20.78,59.4,,https://ipimg.interestprint.com/data/product/6068/img/20260812/20260812155106381776_250x250.jpg,https://www.interestprint.com/custom/adult_cotton_t_shirt_two_side_printing_ships_from_usa-6068.html
2531,5165,White Mug (Full Print) | Ships from USA,U.S. Fulfillment,14.22,31.99,17.77,55.5,,https://ipimg.interestprint.com/data/product/5165/img/20260115/20260115232912379061_250x250.jpg,https://www.interestprint.com/custom/white_mug_full_print_ships_from_usa-5165.html
2532,3964,All Over Print 3-in-1 Backpack Combo Set,Back to School,14.28,33.99,19.71,58.0,,https://ipimg.interestprint.com/data/product/3964/img/20241107/20241107231549595121_250x250.jpg,https://www.interestprint.com/custom/all_over_print_3_in_1_backpack_combo_set-3964.html
2533,5030,"Canvas Print 8""×12"" / 12""×18"" / 16""×24"" | Ships from USA",U.S. Fulfillment,14.28,36.99,22.71,61.4,,https://ipimg.interestprint.com/data/product/5030/img/20260109/20260109003019489898_250x250.jpg,https://www.interestprint.com/custom/canvas_print_8_12_12_18_16_24-5030.html
2534,5029,"Canvas Print 12""×8"" / 18""×12"" / 24""×16"" | Ships from USA",U.S. Fulfillment,14.28,36.99,22.71,61.4,,https://ipimg.interestprint.com/data/product/5029/img/20260109/20260109003459162588_250x250.jpg,https://www.interestprint.com/custom/canvas_print_12_8_18_12_24_16-5029.html
2535,3595,Bikini Swimsuit (FT5095),Women's Clothing,14.28,31.99,17.71,55.4,,https://ipimg.interestprint.com/data/product/3595/img/20240705/20240705004953802272_250x250.jpg,https://www.interestprint.com/custom/bikini_swimsuit_ft5095-3595.html
2536,6097,"Cotton Linen Wall Tapestry with Ribbons 24"" x 75"" | Ships from USA",Wedding & Party Decor,14.29,42.99,28.7,66.8,,https://ipimg.interestprint.com/data/product/6097/img/20260819/20260819085607190107_250x250.jpg,https://www.interestprint.com/custom/cotton_linen_wall_tapestry_with_ribbons_24_x_75_ships_from_usa-6097.html
2537,6098,"Cotton Linen Wall Tapestry with Ribbons 75"" x 24"" | Ships from USA",Wedding & Party Decor,14.29,42.99,28.7,66.8,,https://ipimg.interestprint.com/data/product/6098/img/20260819/20260819085528552483_250x250.jpg,https://www.interestprint.com/custom/cotton_linen_wall_tapestry_with_ribbons_75_x_24_ships_from_usa-6098.html
2538,5980,"Window Curtain 52"" x 63"" ( 1 Piece ) | Ships from USA",U.S. Fulfillment,14.29,39.99,25.7,64.3,,https://ipimg.interestprint.com/data/product/5980/img/20260716/20260716162139583560_250x250.jpg,https://www.interestprint.com/custom/window_curtain_52_x_63_1_piece_ships_from_usa-5980.html
2539,5677,4-Piece Car Floor Mats（Customized Separately）| Ships from USA,U.S. Fulfillment,14.29,42.99,28.7,66.8,,https://ipimg.interestprint.com/data/product/5677/img/20260522/20260522145910928019_250x250.jpg,https://www.interestprint.com/custom/4_piece_car_floor_mats_customized_separatelyships_from_usa-5677.html
2540,3633,Fringed Knitted Cape (MY07),Women's Clothing,14.3,30.99,16.69,53.9,,https://ipimg.interestprint.com/data/product/3633/img/20240715/20240715003456215871_250x250.jpg,https://www.interestprint.com/custom/cape-3633.html
2541,5603,Men's Stand Collar Zip-Up Sweatshirt Set,Men's Clothing,14.32,42.99,28.67,66.7,,https://ipimg.interestprint.com/data/product/5603/img/20260505/20260505152351910601_250x250.png,https://www.interestprint.com/custom/men_s_stand_collar_zip_up_sweatshirt_set-5603.html
2542,4507,Women's Halter Neck Gather Chest Bikini Swimsuit,Women's Clothing,14.35,31.99,17.64,55.1,,https://ipimg.interestprint.com/data/product/4507/img/20250714/20250714185750144613_250x250.jpg,https://www.interestprint.com/custom/women_s_halter_neck_gather_chest_bikini_swimsuit-4507.html
2543,5645,Custom Embroidered PU Toiletry Bag | Ships from USA,U.S. Fulfillment,14.39,42.99,28.6,66.5,,https://ipimg.interestprint.com/data/product/5645/img/20260512/20260512144943150719_250x250.jpg,https://www.interestprint.com/custom/custom_embroidered_pu_toiletry_bag_ships_from_usa-5645.html
2544,5698,"Custom Flannel Blanket 60"" × 80"" ( Double-Sided Print )",Home Decor,14.48,42.99,28.51,66.3,,https://ipimg.interestprint.com/data/product/5698/img/20260522/20260522101230437970_250x250.jpg,https://www.interestprint.com/custom/custom_flannel_blanket_60_80_double_sided_print-5698.html
2545,4313,"3-Piece Bedding Set (1 Duvet Cover + 2 Pillow Shams) – 86""×70""",Home Decor,14.48,39.99,25.51,63.8,,https://ipimg.interestprint.com/data/product/4313/img/20250512/20250512022655505113_250x250.jpg,https://www.interestprint.com/custom/3_piece_bedding_set_1_duvet_cover_2_pillow_shams-4313.html
2546,6146,"Cotton Linen Wall Tapestry with Ribbons 80"" x 30"" | Ships from USA)",U.S. Fulfillment,14.49,42.99,28.5,66.3,,https://ipimg.interestprint.com/data/product/6146/img/20260901/20260901170156007114_250x250.jpg,https://www.interestprint.com/custom/cotton_linen_wall_tapestry_with_ribbons_80_x_30_ships_from_usa-6146.html
2547,6145,"Cotton Linen Wall Tapestry with Ribbons 30"" x 80"" | Ships from USA",U.S. Fulfillment,14.49,42.99,28.5,66.3,,https://ipimg.interestprint.com/data/product/6145/img/20260901/20260901170234508180_250x250.jpg,https://www.interestprint.com/custom/cotton_linen_wall_tapestry_with_ribbons_30_x_80_ships_from_usa-6145.html
2548,5771,Girls' Sleeveless Sundress（Model D56）| Ships from USA,U.S. Fulfillment,14.49,36.99,22.5,60.8,,https://ipimg.interestprint.com/data/product/5771/img/20260604/20260604171147552657_250x250.jpg,https://www.interestprint.com/custom/girls_sleeveless_sundress_model_d56_ships_from_usa-5771.html
2549,5424,"New Polyester Peach Skin Wall Tapestry 90"" x 60"" | Ships from USA",U.S. Fulfillment,14.49,43.99,29.5,67.1,,https://ipimg.interestprint.com/data/product/5424/img/20260622/20260622180034416664_250x250.jpg,https://www.interestprint.com/custom/new_polyester_peach_skin_wall_tapestry_90_x_60-5424.html
2550,5420,"New Polyester Peach Skin Wall Tapestry 60"" x 90"" | Ships from USA",U.S. Fulfillment,14.49,43.99,29.5,67.1,,https://ipimg.interestprint.com/data/product/5420/img/20260623/20260623165103387347_250x250.jpg,https://www.interestprint.com/custom/new_polyester_peach_skin_wall_tapestry_60_x_90-5420.html
2551,5127,Custom Fitted Sheet 39 x 75 x 13 inch | Ships from USA,U.S. Fulfillment,14.49,36.99,22.5,60.8,,https://ipimg.interestprint.com/data/product/5127/img/20260111/20260111194019793423_250x250.jpg,https://www.interestprint.com/custom/twin_size_fitted_sheet_39x75x13_inch-5127.html
2552,2359,"Polyester Peach Skin Wall Tapestry 60""x 90"" | Ships from USA",U.S. Fulfillment,14.49,49.99,35.5,71.0,,https://ipimg.interestprint.com/data/product/2359/img/20260107/20260107230526094809_250x250.jpg,https://www.interestprint.com/custom/wall_tapestry_60_x_90-2359.html
2553,2356,"Polyester Peach Skin Wall Tapestry 90""x 60"" | Ships from USA",U.S. Fulfillment,14.49,39.99,25.5,63.8,,https://ipimg.interestprint.com/data/product/2356/img/20260107/20260107231905301542_250x250.jpg,https://www.interestprint.com/custom/wall_tapestry_90_x_60-2356.html
2554,2670,Little Girls' Crew Neck Long Pajama Set (Model Sets 18),Kid's Clothing,14.49,34.99,20.5,58.6,,https://ipimg.interestprint.com/data/product/2670/img/20231128/20231128164724840933_250x250.jpg,https://www.interestprint.com/custom/sets_18-2670.html
2555,4485,Adult Casual Backpack(Model 1754),Bags,14.49,41.99,27.5,65.5,,https://ipimg.interestprint.com/data/product/4485/img/20250709/20250709193710961357_250x250.jpg,https://www.interestprint.com/custom/adult_casual_backpack_1754-4485.html
2556,324,Men's Slip-on Canvas Shoes (Model 019),Shoes,14.49,39.99,25.5,63.8,,https://ipimg.interestprint.com/data/product/324/img/20170518/20170518180631972211_250x250.jpg,https://www.interestprint.com/custom/slip_on_canvas_men_s_shoes_model019-324.html
2557,3125,"Art Print 16""x12"" (Pack of 4) | Ships from USA",U.S. Fulfillment,14.5,29.99,15.49,51.7,,https://ipimg.interestprint.com/data/product/3125/img/20260107/20260107215928290174_250x250.jpg,https://www.interestprint.com/custom/art_print_16_x12_pack_of_4-3125.html
2558,3124,"Art Print 12""x16"" (Pack of 4) | Ships from USA",U.S. Fulfillment,14.5,29.99,15.49,51.7,,https://ipimg.interestprint.com/data/product/3124/img/20260107/20260107215950562539_250x250.jpg,https://www.interestprint.com/custom/art_print_12_x16_pack_of_4-3124.html
2559,1136,Women's T-shirt (USA Size) (ModelT01) (Two Sides Printing) | Ships from Australia,Australia Fulfillment,14.5,21.99,7.49,34.1,,https://ipimg.interestprint.com/data/product/1136/img/20260111/20260111003246653097_250x250.jpg,https://www.interestprint.com/custom/women_s_t_shirt_usa_size_t01_au-1136.html
2560,2912,Men's High Top Canvas Shoes (Model 017),Shoes,14.5,59.99,45.49,75.8,,https://ipimg.interestprint.com/data/product/2912/img/20231030/20231030230017870973_250x250.jpg,https://www.interestprint.com/custom/custom_aquila_high_top_canvas_shoes_for_men_black-2912.html
2561,1456,"Custom Zippered Pillow Cases 18""x18"" (Two Sides) | Ships from Australia",Australia Fulfillment,14.55,19.99,5.44,27.2,,https://ipimg.interestprint.com/data/product/1456/img/20260111/20260111005114722288_250x250.jpg,https://www.interestprint.com/custom/custom_zippered_pillow_cases_18x18_two_sides_au-1456.html
2562,4489,Long Sleeve & Lace-up Shorts Pajama Sets,Women's Clothing,14.55,39.99,25.44,63.6,,https://ipimg.interestprint.com/data/product/4489/img/20250710/20250710011433896856_250x250.jpg,https://www.interestprint.com/custom/custom_long_sleeve_lace_up_shorts_pajama_sets-4489.html
2563,4116,Custom Men's Cardigan (Model H73),Christmas Gifts,14.59,38.99,24.4,62.6,,https://ipimg.interestprint.com/data/product/4116/img/20250108/20250108191730249364_250x250.jpg,https://www.interestprint.com/custom/men_s_cardigan_h73-4116.html
2564,5897,"Custom Shaped Pillow 14"" | Ships from USA",U.S. Fulfillment,14.59,38.99,24.4,62.6,,https://ipimg.interestprint.com/data/product/5897/img/20260630/20260630155602276694_250x250.jpg,https://www.interestprint.com/custom/custom_shaped_pillow_14_ships_from_usa-5897.html
2565,5484,"Shower Curtain 84"" × 71"" | Ships from USA",U.S. Fulfillment,14.59,31.99,17.4,54.4,,https://ipimg.interestprint.com/data/product/5484/img/20260416/20260416144118813440_250x250.jpg,https://www.interestprint.com/custom/shower_curtain_213x180cm-5484.html
2566,5368,"Gift Wrapping Paper-Coated Paper 58""x 22""（3 Roll） | Ships from USA",U.S. Fulfillment,14.59,31.99,17.4,54.4,,https://ipimg.interestprint.com/data/product/5368/img/20260317/20260317011605788309_250x250.jpg,https://www.interestprint.com/custom/gift_wrapping_paper_coated_paper_58_x_22_3_roll_ships_from_usa-5368.html
2567,5354,Small Capacity Duffle Bag-Simple (Model 1715),Bags,14.59,41.99,27.4,65.3,,https://ipimg.interestprint.com/data/product/5354/img/20260402/20260402162755378312_250x250.jpg,https://www.interestprint.com/custom/small_capacity_duffle_bag_simple_1715-5354.html
2568,4901,Unisex Thick Sole Slipper,Shoes,14.59,38.99,24.4,62.6,,https://ipimg.interestprint.com/data/product/4901/img/20251029/20251029011629917484_250x250.jpg,https://www.interestprint.com/custom/unisex_thick_sole_slipper-4901.html
2569,5687,Women's New Vancouver High Top Canvas Shoes,Shoes,14.59,42.99,28.4,66.1,,https://ipimg.interestprint.com/data/product/5687/img/20260520/20260520164745055242_250x250.jpg,https://www.interestprint.com/custom/women_s_new_vancouver_high_top_canvas_shoes-5687.html
2570,4440,Women's Seamless Bra | Ships from USA,U.S. Fulfillment,14.63,36.99,22.36,60.4,,https://ipimg.interestprint.com/data/product/4440/img/20260109/20260109055228196409_250x250.jpg,https://www.interestprint.com/custom/women_s_seamless_bra-4440.html
2571,5439,Custom Men's Hoodie (Front & Back Print ) |  Ships  from Canada,Canada Fulfillment,14.63,39.99,25.36,63.4,,https://ipimg.interestprint.com/data/product/5439/img/20260407/20260407133537962133_250x250.jpg,https://www.interestprint.com/custom/custom_men_s_hoodie_front_back_print_ships_from_canada-5439.html
2572,4210,Men's Indian-Style Lounge Set,Men's Clothing,14.65,33.99,19.34,56.9,,https://ipimg.interestprint.com/data/product/4210/img/20250310/20250310000238009155_250x250.jpg,https://www.interestprint.com/custom/men_s_indian_style_lounge_set-4210.html
2573,3772,Men's Cotton Feel All-Over Print Tracksuit 4T03,Men's Clothing,14.65,29.99,15.34,51.2,,https://ipimg.interestprint.com/data/product/3772/img/20240823/20240823021136281101_250x250.jpg,https://www.interestprint.com/custom/men_s_cotton_feel_all_over_print_tracksuit-3772.html
2574,6142,"Custom Square Tablecloth 60"" x 60"" | Ships from USA",U.S. Fulfillment,14.69,42.99,28.3,65.8,,https://ipimg.interestprint.com/data/product/6142/img/20260827/20260827163252708310_250x250.jpg,https://www.interestprint.com/custom/custom_square_tablecloth_60_x_60_ships_from_usa-6142.html
2575,5983,4-Piece Car Floor Mats （Customized Separately）| Ships from USA,U.S. Fulfillment,14.69,39.99,25.3,63.3,,https://ipimg.interestprint.com/data/product/5983/img/20260717/20260717163520573025_250x250.jpg,https://www.interestprint.com/custom/4_piece_car_floor_mats_customized_separately_ships_from_usa-5983.html
2576,5523,Polyester Peach Skin Curtain Set | Ships from USA,U.S. Fulfillment,14.69,42.99,28.3,65.8,,https://ipimg.interestprint.com/data/product/5523/img/20260420/20260420091824209827_250x250.jpg,https://www.interestprint.com/custom/kitchen_window_curtain_tiers_and_valance_set-5523.html
2577,5469,"Cotton-Linen Indoor Runner Rug  60"" x 24"" | Ships from USA",U.S. Fulfillment,14.69,44.99,30.3,67.3,,https://ipimg.interestprint.com/data/product/5469/img/20260414/20260414144037504814_250x250.jpg,https://www.interestprint.com/custom/indoor_runner_cotton_linen_rug_60_x_24_ships_from_usa-5469.html
2578,4192,"Window Curtains 28""x40"" ( Set of 2 )   | Ships from USA",U.S. Fulfillment,14.69,32.99,18.3,55.5,,https://ipimg.interestprint.com/data/product/4192/img/20260107/20260107215801371685_250x250.jpg,https://www.interestprint.com/custom/custom_window_curtains_70x100cm_set_of_2_us02-4192.html
2579,4019,"Window Curtain 28""x40"" (2-Piece) | Ships from USA",U.S. Fulfillment,14.69,39.99,25.3,63.3,,https://ipimg.interestprint.com/data/product/4019/img/20260109/20260109184938724578_250x250.jpg,https://www.interestprint.com/custom/window_curtain_28_x40_2_piece-4019.html
2580,5382,Women's High Waist Wide Leg Pleated Pants,Women's Clothing,14.69,36.99,22.3,60.3,,https://ipimg.interestprint.com/data/product/5382/img/20260318/20260318062727825196_250x250.jpg,https://www.interestprint.com/custom/women_s_high_waist_wide_leg_pleated_pants-5382.html
2581,5741,Women's Off-Shoulder Dress with Ruffle Hem,Women's Clothing,14.7,39.99,25.29,63.2,,https://ipimg.interestprint.com/data/product/5741/img/20260529/20260529110613409385_250x250.jpg,https://www.interestprint.com/custom/women_s_off_shoulder_dress_with_ruffle_hem-5741.html
2582,2672,Little Boys' Crew Neck Long Pajama Set (Model Sets 18),Kid's Clothing,14.79,34.99,20.2,57.7,,https://ipimg.interestprint.com/data/product/2672/img/20230322/20230322200847987001_250x250.jpg,https://www.interestprint.com/custom/sets_18-2672.html
2583,4470,Lapel Pocket Button Short Pajama Sets,Women's Clothing,14.82,36.99,22.17,59.9,,https://ipimg.interestprint.com/data/product/4470/img/20250630/20250630193952658803_250x250.jpg,https://www.interestprint.com/custom/lapel_pocket_button_short_pajama_sets-4470.html
2584,5464,"Indoor Runner Rug  70"" x 26"" | Ships from USA",U.S. Fulfillment,14.89,44.99,30.1,66.9,,https://ipimg.interestprint.com/data/product/5464/img/20260413/20260413145735399096_250x250.jpg,https://www.interestprint.com/custom/indoor_runner_rug_70_x_26_ships_from_usa-5464.html
2585,3561,Plus Size Two-piece Swimsuit (FT5095),Women's Clothing,14.89,30.99,16.1,52.0,,https://ipimg.interestprint.com/data/product/3561/img/20240628/20240628012422256285_250x250.jpg,https://www.interestprint.com/custom/two_piece_swimsuit_large-3561.html
2586,1500,"Ultra-Soft Mixed Green Fringe Blanket 50""x60""",Home Decor,14.9,57.99,43.09,74.3,,https://ipimg.interestprint.com/data/product/1500/img/20210412/20210412193412086945_250x250.jpg,https://www.interestprint.com/custom/ultra_soft_mixed_green_fringe_blanket_50x60_inch-1500.html
2587,5779,"Yard Sign 24"" x 18"" ( Two-Sided Same Print ) | Ships from USA",Wedding & Party Decor,14.99,36.99,22.0,59.5,,https://ipimg.interestprint.com/data/product/5779/img/20260706/20260706180232258100_250x250.jpg,https://www.interestprint.com/custom/yard_sign_24_x_18_two_sided_same_print_ships_from_usa-5779.html
2588,6105,Natural Coir Doormat 60 x 40cm,Halloween Decor,14.99,59.99,45.0,75.0,,https://ipimg.interestprint.com/data/product/6105/img/20260820/20260820111632376728_250x250.jpg,https://www.interestprint.com/custom/natural_coir_doormat_60_x_40cm-6105.html
2589,1316,Women's Long Sleeve Pajama Set(Model Sets 02),Halloween Decor,14.99,79.99,65.0,81.3,,https://ipimg.interestprint.com/data/product/1316/img/20241215/20241215191247597657_250x250.jpg,https://www.interestprint.com/custom/women_s_long_pajama_set_sets_02-1316.html
2590,6178,"Custom Christmas Tree Skirt 48"" x 48"" | Ships from USA",Christmas Gifts,14.99,42.99,28.0,65.1,,https://ipimg.interestprint.com/data/product/6178/img/20260910/20260910151437303377_250x250.jpg,https://www.interestprint.com/custom/custom_christmas_tree_skirt_48_x_48_ships_from_usa-6178.html
2591,4119,Men's All Over Print Fuzzy Sweatshirt(Model H18) | Ships from USA,Christmas Gifts,14.99,26.99,12.0,44.5,,https://ipimg.interestprint.com/data/product/4119/img/20260109/20260109190118154934_250x250.jpg,https://www.interestprint.com/custom/custom_men_s_crew_neck_sweatshirt_model_h18-4119.html
2592,2222,"Thick Christmas Tree Skirt 36"" x 36""",Christmas Gifts,14.99,22.99,8.0,34.8,,https://ipimg.interestprint.com/data/product/2222/img/20210905/20210905190105699811_250x250.jpg,https://www.interestprint.com/custom/thick_christmas_tree_skirt_36_x_36-2222.html
2593,577,Women's Batwing Sleeve T-Shirt (Model T44),Mother's Day,14.99,35.99,21.0,58.3,,https://ipimg.interestprint.com/data/product/577/img/20240217/20240217174155924597_250x250.jpg,https://www.interestprint.com/custom/women_s_batwing_sleeve_t_shirt-577.html
2594,1077,Multi-Function Backpack(Model1688),Mother's Day,14.99,69.99,55.0,78.6,,https://ipimg.interestprint.com/data/product/1077/img/20240217/20240217212718044635_250x250.jpg,https://www.interestprint.com/custom/multi_function_diaper_backpack_1688-1077.html
2595,819,Men's All Over Print Shirt (Model T53),Father's Day,14.99,49.99,35.0,70.0,,https://ipimg.interestprint.com/data/product/819/img/20190228/20190228180411438838_250x250.jpg,https://www.interestprint.com/custom/men_s_all_over_print_shirt_model_t53-819.html
2596,4013,Big Girls' Long Sleeve One-Piece Swimsuit (Model S61),Summer Holiday,14.99,29.99,15.0,50.0,,https://ipimg.interestprint.com/data/product/4013/img/20241124/20241124173719433590_250x250.jpg,https://www.interestprint.com/custom/custom_big_girls_long_sleeve_one_piece_swimsuit_s61-4013.html
2597,2266,Kid's All Over Print Crossbody Insulated Lunch Bag (Model1722),Back to School,14.99,23.99,9.0,37.5,,https://ipimg.interestprint.com/data/product/2266/img/20211115/20211115225924414148_250x250.jpg,https://www.interestprint.com/custom/1722-2266.html
2598,2653,"Rectangle Mousepad 23.6""x16""（with Stitched Edges）",Back to School,14.99,23.99,9.0,37.5,,https://ipimg.interestprint.com/data/product/2653/img/20231128/20231128181648286535_250x250.jpg,https://www.interestprint.com/custom/60x40cm-2653.html
2599,6193,Men's Baseball Jersey ( Model T96 ) | Ships from USA,U.S. Fulfillment,14.99,42.99,28.0,65.1,,https://ipimg.interestprint.com/data/product/6193/img/20260908/20260908154807568332_250x250.jpg,https://www.interestprint.com/custom/men_s_baseball_jersey_model_t96_ships_from_usa-6193.html
2600,6134,Window Curtain 132 x 160cm ( 1 Piece ) | Ships from USA,U.S. Fulfillment,14.99,35.99,21.0,58.3,,https://ipimg.interestprint.com/data/product/6134/img/20260902/20260902092858844046_250x250.jpg,https://www.interestprint.com/custom/window_curtain_132_x_160cm_1_piece_ships_from_usa-6134.html
2601,5128,Custom Bed Sheet 66 x 96 inch | Ships from USA,U.S. Fulfillment,14.99,35.99,21.0,58.3,,https://ipimg.interestprint.com/data/product/5128/img/20260111/20260111193915577549_250x250.jpg,https://www.interestprint.com/custom/custom_bed_sheet_66_x_96_inch-5128.html
2602,4916,Floor-To-Ceiling Curtain 42x84inch | Ships from USA,U.S. Fulfillment,14.99,38.99,24.0,61.6,,https://ipimg.interestprint.com/data/product/4916/img/20260109/20260109183053232829_250x250.jpg,https://www.interestprint.com/custom/floor_to_ceiling_curtain_42x84inch-4916.html
2603,4884,Ultra-Soft Micro Fleece Blanket 50*70  | Ships from USA,U.S. Fulfillment,14.99,46.99,32.0,68.1,,https://ipimg.interestprint.com/data/product/4884/img/20260108/20260108001552896793_250x250.jpg,https://www.interestprint.com/custom/ultra_soft_micro_fleece_blanket_50_70-4884.html
2604,4819,Custom Chair Cover (Pack of 2) | Ships from USA,U.S. Fulfillment,14.99,29.99,15.0,50.0,,https://ipimg.interestprint.com/data/product/4819/img/20260107/20260107224833881160_250x250.jpg,https://www.interestprint.com/custom/custom_chair_cover_pack_of_2-4819.html
2605,4810,"Sofa Cushion Cover (50"" x 27.5"" x 8"")(Pack of 2) | Ships from USA",U.S. Fulfillment,14.99,43.99,29.0,65.9,,https://ipimg.interestprint.com/data/product/4810/img/20260107/20260107225253003753_250x250.jpg,https://www.interestprint.com/custom/sofa_cushion_cover_50_x_27_5_x_8_pack_of_2-4810.html
2606,3465,"Art Print 24""x16"" (3 Pack) (Customizable Separately) | Ships from USA",U.S. Fulfillment,14.99,28.99,14.0,48.3,,https://ipimg.interestprint.com/data/product/3465/img/20260107/20260107214337655628_250x250.jpg,https://www.interestprint.com/custom/art_print_24_x16_3_pack_customizable_separately-3465.html
2607,3464,"Art Print 16""x24"" (3 Pack) (Customizable Separately) | Ships from USA",U.S. Fulfillment,14.99,28.99,14.0,48.3,,https://ipimg.interestprint.com/data/product/3464/img/20260107/20260107214407591345_250x250.jpg,https://www.interestprint.com/custom/art_print_16_x24_3_pack_customizable_separately-3464.html
2608,3127,"Art Print 18""x12"" (Pack of 4) | Ships from USA",U.S. Fulfillment,14.99,31.99,17.0,53.1,,https://ipimg.interestprint.com/data/product/3127/img/20260107/20260107215830529254_250x250.jpg,https://www.interestprint.com/custom/art_print_18_x12_pack_of_4-3127.html
2609,3126,"Art Print 12""x18"" (Pack of 4) | Ships from USA",U.S. Fulfillment,14.99,31.99,17.0,53.1,,https://ipimg.interestprint.com/data/product/3126/img/20260107/20260107215852504467_250x250.jpg,https://www.interestprint.com/custom/art_print_12_x18_pack_of_4-3126.html
2610,3117,"Art Print 24""x16"" (Pack of 3)  | Ships from USA",U.S. Fulfillment,14.99,29.99,15.0,50.0,,https://ipimg.interestprint.com/data/product/3117/img/20260107/20260107220356693317_250x250.jpg,https://www.interestprint.com/custom/art_print_24_x16_pack_of_3-3117.html
2611,3116,"Art Print 16""x24"" (Pack of 3) | Ships from USA",U.S. Fulfillment,14.99,29.99,15.0,50.0,,https://ipimg.interestprint.com/data/product/3116/img/20260107/20260107220434862771_250x250.jpg,https://www.interestprint.com/custom/art_print_16_x24_pack_of_3-3116.html
2612,2563,"Upgraded Frame Canvas Print 8""x10"" | Ships from Australia",Australia Fulfillment,14.99,21.99,7.0,31.8,,https://ipimg.interestprint.com/data/product/2563/img/20260111/20260111014954139402_250x250.jpg,https://www.interestprint.com/custom/frame_canvas_print_8_x10_au-2563.html
2613,2562,"Upgraded Frame Canvas Print 10""x8"" | Ships from Australia",Australia Fulfillment,14.99,21.99,7.0,31.8,,https://ipimg.interestprint.com/data/product/2562/img/20260111/20260111015138338975_250x250.jpg,https://www.interestprint.com/custom/frame_canvas_print_10_x8_au-2562.html
2614,1397,"Zippered Pillow Case 24"" x 16""(One Side) | Ships from Australia",Australia Fulfillment,14.99,24.99,10.0,40.0,,https://ipimg.interestprint.com/data/product/1397/img/20260111/20260111005534288626_250x250.jpg,https://www.interestprint.com/custom/custom_zippered_pillow_cases_24x16_one_side_au-1397.html
2615,1133,Canvas Tote Bag(Model1700)(Small) | Ships from Australia,Australia Fulfillment,14.99,19.99,5.0,25.0,,https://ipimg.interestprint.com/data/product/1133/img/20260111/20260111000652621625_250x250.jpg,https://www.interestprint.com/custom/canvas_tote_bag_model1700_small_au-1133.html
2616,3608,Custom Photo Hand Fan (3 Packs) (Head Customization),Personalized Product,14.99,25.99,11.0,42.3,,https://ipimg.interestprint.com/data/product/3608/img/20240710/20240710022146624306_250x250.jpg,https://www.interestprint.com/custom/custom_photo_hand_fan_3_packs_head_customization-3608.html
2617,3532,Wooden Puzzle Sign with 5 Names（15X20cm）,Personalized Product,14.99,25.99,11.0,42.3,,https://ipimg.interestprint.com/data/product/3532/img/20240625/20240625231600359957_250x250.jpg,https://www.interestprint.com/custom/wooden_puzzle_sign_with_5_names_15x20cm-3532.html
2618,1158,"Custom Shaped Pillow (12"")(Two Sided Printing)",Personalized Product,14.99,25.99,11.0,42.3,,https://ipimg.interestprint.com/data/product/1158/img/20200510/20200510200706256398_250x250.jpg,https://www.interestprint.com/custom/custom_pet_shaped_pillow_12_two_sides_printing-1158.html
2619,4943,Women's Short Sleeve Pajama Top (Model Sets 17),Women's Clothing,14.99,26.99,12.0,44.5,,https://ipimg.interestprint.com/data/product/4943/img/20251110/20251110232739212069_250x250.jpg,https://www.interestprint.com/custom/women_s_short_sleeve_pajama_top_sets_17-4943.html
2620,3340,Skater Skirt（Model D69）,Women's Clothing,14.99,25.99,11.0,42.3,,https://ipimg.interestprint.com/data/product/3340/img/20240509/20240509182800320592_250x250.jpg,https://www.interestprint.com/custom/skater_skirt_d69-3340.html
2621,2409,Half Sleeves V-Neck Mini Dress (Model D63),Women's Clothing,14.99,38.99,24.0,61.6,,https://ipimg.interestprint.com/data/product/2409/img/20231105/20231105192450426479_250x250.jpg,https://www.interestprint.com/custom/half_sleeves_v_neck_mini_dress_model_d63-2409.html
2622,2226,Men's All Over Print Long Sleeve Shirt (Without Pocket) (ModelT61),Men's Clothing,14.99,41.99,27.0,64.3,,https://ipimg.interestprint.com/data/product/2226/img/20240414/20240414184243184567_250x250.jpg,https://www.interestprint.com/custom/men_s_all_over_print_long_sleeve_shirt_without_pocket_modelt61-2226.html
2623,2914,Big Kids' Pajama Trousers,Kid's Clothing,14.99,27.99,13.0,46.4,,https://ipimg.interestprint.com/data/product/2914/img/20231022/20231022182727632517_250x250.jpg,https://www.interestprint.com/custom/big_kids_pajama_trousers-2914.html
2624,1169,Kids' All Over Print T-shirt(ModelT65),Kid's Clothing,14.99,29.99,15.0,50.0,,https://ipimg.interestprint.com/data/product/1169/img/20200415/20200415005838164242_250x250.jpg,https://www.interestprint.com/custom/kids_all_over_print_t_shirt_t65-1169.html
2625,5600,"Semi Circle Flag 72"" x 36""",Home Decor,14.99,39.99,25.0,62.5,,https://ipimg.interestprint.com/data/product/5600/img/20260505/20260505093721238883_250x250.jpg,https://www.interestprint.com/custom/semi_circle_flag_72x36-5600.html
2626,2969,"Custom Gaming Mousepad 31""x 12""(with Stitched Edges)",Home Decor,14.99,23.99,9.0,37.5,,https://ipimg.interestprint.com/data/product/2969/img/20231220/20231220180643722196_250x250.jpg,https://www.interestprint.com/custom/personalized_rectangle_rubber_mousepad_12_31_5in-2969.html
2627,2602,"Custom All-Over Print Flag 35""x56""",Home Decor,14.99,22.99,8.0,34.8,,https://ipimg.interestprint.com/data/product/2602/img/20221116/20221116175805653251_250x250.jpg,https://www.interestprint.com/custom/house_banner_56_x34_5-2602.html
2628,2202,"Thick Fringe Christmas Tree Skirt 30""x30""",Home Decor,14.99,22.99,8.0,34.8,,https://ipimg.interestprint.com/data/product/2202/img/20210810/20210810191537503843_250x250.jpg,https://www.interestprint.com/custom/30_x30-2202.html
2629,5487,Mini Chain Crossbody Bag,Bags,14.99,42.99,28.0,65.1,,https://ipimg.interestprint.com/data/product/5487/img/20260417/20260417103822279024_250x250.jpg,https://www.interestprint.com/custom/mini_chain_crossbody_bag-5487.html
2630,5277,Portable Handheld Laptop Case 10 inch,Bags,14.99,27.99,13.0,46.4,,https://ipimg.interestprint.com/data/product/5277/img/20260212/20260212003426891446_250x250.jpg,https://www.interestprint.com/custom/portable_handheld_laptop_case_10_inch-5277.html
2631,3252,Custom Travel Bag-Small (Brown Short Patch) (Model 1737),Bags,14.99,45.99,31.0,67.4,,https://ipimg.interestprint.com/data/product/3252/img/20240507/20240507014723052279_250x250.jpg,https://www.interestprint.com/custom/large_capacity_travel_bag_small_brown_short_patch_1737-3252.html
2632,3251,Custom Travel Bag-Small (Black Short Patch) (Model 1737),Bags,14.99,45.99,31.0,67.4,,https://ipimg.interestprint.com/data/product/3251/img/20240426/20240426010307519937_250x250.jpg,https://www.interestprint.com/custom/large_capacity_travel_bag_small_black_short_patch_1737-3251.html
2633,726,Bifold Stylish Wallet (Model 1674),Bags,14.99,29.99,15.0,50.0,,https://ipimg.interestprint.com/data/product/726/img/20190723/20190723195518034118_250x250.jpg,https://www.interestprint.com/custom/wallet-726.html
2634,2582,Kid's Slide Sandals(Model 057),Shoes,14.99,23.99,9.0,37.5,,https://ipimg.interestprint.com/data/product/2582/img/20221103/20221103234137822259_250x250.jpg,https://www.interestprint.com/custom/kid_s_slippers_057-2582.html
2635,3027,"Auto Car Sun Shade 51.6"" x 27.6""",Accessories,14.99,29.99,15.0,50.0,,https://ipimg.interestprint.com/data/product/3027/img/20240314/20240314221601364142_250x250.jpg,https://www.interestprint.com/custom/auto_sun_shade_51_6_x_27_6-3027.html
2636,2673,Big Boys' Crew Neck Long Pajama Set (Model Sets 18),Kid's Clothing,15.0,42.99,27.99,65.1,,https://ipimg.interestprint.com/data/product/2673/img/20230322/20230322202729217914_250x250.jpg,https://www.interestprint.com/custom/sets_18-2673.html
2637,2671,Big Girls' Crew Neck Long Pajama Set (Model Sets 18),Kid's Clothing,15.0,42.99,27.99,65.1,,https://ipimg.interestprint.com/data/product/2671/img/20230322/20230322015455862525_250x250.jpg,https://www.interestprint.com/custom/sets_18-2671.html
2638,5380,Spaghetti Strap Bodycon Maxi Dress,Women's Clothing,15.09,39.99,24.9,62.3,,https://ipimg.interestprint.com/data/product/5380/img/20260318/20260318050345252142_250x250.jpg,https://www.interestprint.com/custom/spaghetti_strap_bodycon_maxi_dress-5380.html
2639,4008,Gym Bag,Bags,15.1,29.99,14.89,49.6,,https://ipimg.interestprint.com/data/product/4008/img/20241121/20241121233024635680_250x250.jpg,https://www.interestprint.com/custom/gym_bag-4008.html
2640,4720,"Rectangle Tablecloth 55""×110""",Home Decor,15.11,29.99,14.88,49.6,,https://ipimg.interestprint.com/data/product/4720/img/20250921/20250921181623454748_250x250.jpg,https://www.interestprint.com/custom/rectangle_tablecloth_55_110-4720.html
2641,5389,Adult Basketball Uniform  | Ships from USA,U.S. Fulfillment,15.14,39.99,24.85,62.1,,https://ipimg.interestprint.com/data/product/5389/img/20260323/20260323165420186178_250x250.jpg,https://www.interestprint.com/custom/adult_basketball_uniform-5389.html
2642,4589,Vintage Wash Tee – Front Side Print  | Ships from USA,U.S. Fulfillment,15.14,33.99,18.85,55.5,,https://ipimg.interestprint.com/data/product/4589/img/20260109/20260109054219912838_250x250.jpg,https://www.interestprint.com/custom/vintage_wash_tee_front_side_print-4589.html
2643,4725,Women's Full Zip Fleece Jacket,Women's Clothing,15.17,39.99,24.82,62.1,,https://ipimg.interestprint.com/data/product/4725/img/20250919/20250919011144006028_250x250.jpg,https://www.interestprint.com/custom/women_s_full_zip_fleece_jacket-4725.html
2644,3614,Custom Photo Hand Fan (3 Packs) (Head Customization) | Ships from USA,Graduation Gifts,15.19,39.99,24.8,62.0,,https://ipimg.interestprint.com/data/product/3614/img/20260128/20260128225349347704_250x250.jpg,https://www.interestprint.com/custom/custom_photo_hand_fan_3_packs_head_customization_made_in_queen-3614.html
2645,2998,Ultra-Soft Micro Fleece Blanket 54*70 | Ships from USA,U.S. Fulfillment,15.19,45.99,30.8,67.0,,https://ipimg.interestprint.com/data/product/2998/img/20260108/20260108001741158010_250x250.jpg,https://www.interestprint.com/custom/ultra_soft_micro_fleece_blanket_54x70-2998.html
2646,4926,"Frame Canvas Print 16"" x 16"" | Ships from USA",U.S. Fulfillment,15.29,33.99,18.7,55.0,,https://ipimg.interestprint.com/data/product/4926/img/20260109/20260109011812522748_250x250.jpg,https://www.interestprint.com/custom/frame_canvas_print_16_x_16-4926.html
2647,4066,Camping Cooler,Bags,15.3,29.99,14.69,49.0,,https://ipimg.interestprint.com/data/product/4066/img/20241219/20241219181240388022_250x250.jpg,https://www.interestprint.com/custom/camping_cooler_bag-4066.html
2648,4899,Felt Tote Bag | Ships from USA,U.S. Fulfillment,15.34,29.99,14.65,48.8,,https://ipimg.interestprint.com/data/product/4899/img/20260109/20260109031944347608_250x250.jpg,https://www.interestprint.com/custom/felt_tote_bag-4899.html
2649,4983,"Frame Canvas Print 24"" x 18"" | Ships from USA",U.S. Fulfillment,15.39,46.99,31.6,67.2,,https://ipimg.interestprint.com/data/product/4983/img/20260109/20260109004447042894_250x250.jpg,https://www.interestprint.com/custom/frame_canvas_print_24_x_18-4983.html
2650,4938,"Frame Canvas Print 18"" x 24"" | Ships from USA",U.S. Fulfillment,15.39,46.99,31.6,67.2,,https://ipimg.interestprint.com/data/product/4938/img/20260109/20260109005856503057_250x250.jpg,https://www.interestprint.com/custom/frame_canvas_print_18_x_24-4938.html
2651,5860,Women's Long-sleeve Hooded Zipper Sweatshirt and Sweatpants Set.,Women's Clothing,15.44,39.99,24.55,61.4,,https://ipimg.interestprint.com/data/product/5860/img/20260623/20260623172925851261_250x250.jpg,https://www.interestprint.com/custom/women_s_long_sleeve_hooded_zipper_sweatshirt_and_sweatpants_set-5860.html
2652,4323,"3-Piece Bedding Set (1 Duvet Cover + 2 Pillow Shams) – 79""×90""",Home Decor,15.44,42.99,27.55,64.1,,https://ipimg.interestprint.com/data/product/4323/img/20250512/20250512022632132397_250x250.jpg,https://www.interestprint.com/custom/3_piece_bedding_set_1_duvet_cover_2_pillow_shams-4323.html
2653,5968,"Sherpa Fleece Blanket 40"" x 50"" | Ships from USA",U.S. Fulfillment,15.49,35.99,20.5,57.0,,https://ipimg.interestprint.com/data/product/5968/img/20260715/20260715172517674647_250x250.jpg,https://www.interestprint.com/custom/sherpa_fleece_blanket_40_x_50_ships_from_usa-5968.html
2654,5938,"Custom Pillow Cases 18"" x 18"" (4-Pack, Customized Separately) | Ships from USA",U.S. Fulfillment,15.49,39.99,24.5,61.3,,https://ipimg.interestprint.com/data/product/5938/img/20260707/20260707155456633700_250x250.jpg,https://www.interestprint.com/custom/custom_pillow_cases_18_x_18_4_pack_customized_separately_ships_from_usa-5938.html
2655,4885,Ultra-Soft Micro Fleece Blanket 60*70 | Ships from USA,U.S. Fulfillment,15.49,48.99,33.5,68.4,,https://ipimg.interestprint.com/data/product/4885/img/20260108/20260108001503311187_250x250.jpg,https://www.interestprint.com/custom/ultra_soft_micro_fleece_blanket_60_70-4885.html
2656,4775,Custom Pillow Case 18x18inch (One Side Printing)(Pack of 2) | Ships from Australia,Australia Fulfillment,15.49,25.99,10.5,40.4,,https://ipimg.interestprint.com/data/product/4775/img/20260111/20260111004727326558_250x250.jpg,https://www.interestprint.com/custom/custom_pillow_case_18x18inch_one_side_printing_pack_of_2_au-4775.html
2657,5848,Women's Twisted Sole Sneakers,Shoes,15.49,32.99,17.5,53.0,,https://ipimg.interestprint.com/data/product/5848/img/20260618/20260618100622619111_250x250.jpg,https://www.interestprint.com/custom/women_s_twisted_sole_sneakers-5848.html
2658,3220,Zip-Up Thickened Fleece-Lined Hoodie,Men's Clothing,15.5,31.99,16.49,51.5,,https://ipimg.interestprint.com/data/product/3220/img/20240419/20240419020814861884_250x250.jpg,https://www.interestprint.com/custom/zip_up_thickened_fleece_lined_hoodie-3220.html
2659,5882,Women's Collared Half-Zip Top with Drawstring Shorts Set,Women's Clothing,15.53,39.99,24.46,61.2,,https://ipimg.interestprint.com/data/product/5882/img/20260626/20260626135341222727_250x250.jpg,https://www.interestprint.com/custom/women_s_collared_half_zip_top_with_drawstring_shorts_set-5882.html
2660,4068,Custom Camping Cooler,Bags,15.53,29.99,14.46,48.2,,https://ipimg.interestprint.com/data/product/4068/img/20241219/20241219181258857144_250x250.jpg,https://www.interestprint.com/custom/camping_ice_pack_a020-4068.html
2661,1454,"Custom Zippered Pillow Cases 20""x20""(Two Sides) | Ships from Australia",Australia Fulfillment,15.55,19.99,4.44,22.2,,https://ipimg.interestprint.com/data/product/1454/img/20260111/20260111005419724227_250x250.jpg,https://www.interestprint.com/custom/custom_zippered_pillow_cases_20x20_two_sides_au-1454.html
2662,4730,Custom Fitted Sheet 4-Piece Set (125x215x27 cm),Home Decor,15.55,26.99,11.44,42.4,,https://ipimg.interestprint.com/data/product/4730/img/20250918/20250918232535932238_250x250.jpg,https://www.interestprint.com/custom/custom_fitted_sheet_4_piece_set_125x215x27_cm-4730.html
2663,5898,"Custom Shaped Pillow 16"" | Ships from USA",U.S. Fulfillment,15.59,39.99,24.4,61.0,,https://ipimg.interestprint.com/data/product/5898/img/20260630/20260630155511123956_250x250.jpg,https://www.interestprint.com/custom/custom_shaped_pillow_16_ships_from_usa-5898.html
2664,4375,Tether High Waist Tiered Maxi Skirt,Women's Clothing,15.59,35.99,20.4,56.7,,https://ipimg.interestprint.com/data/product/4375/img/20250529/20250529184006096649_250x250.jpg,https://www.interestprint.com/custom/custom_tether_high_waist_tiered_maxi_skirt-4375.html
2665,2963,17-inch All Over Print Casual Backpack,Bags,15.59,47.99,32.4,67.5,,https://ipimg.interestprint.com/data/product/2963/img/20231203/20231203180306392238_250x250.jpg,https://www.interestprint.com/custom/17_inch_all_over_print_casual_backpack-2963.html
2666,5825,Men's Fitness Shoes with Shoelaces,Shoes,15.59,41.99,26.4,62.9,,https://ipimg.interestprint.com/data/product/5825/img/20260615/20260615112417032482_250x250.jpg,https://www.interestprint.com/custom/men_s_fitness_shoes_with_shoelaces-5825.html
2667,5824,Women's Fitness Shoes with Shoelaces,Shoes,15.59,42.99,27.4,63.7,,https://ipimg.interestprint.com/data/product/5824/img/20260615/20260615110115714124_250x250.jpg,https://www.interestprint.com/custom/women_s_fitness_shoes_with_shoelaces-5824.html
2668,5686,Men's New Vancouver High Top Canvas Shoes,Shoes,15.59,45.99,30.4,66.1,,https://ipimg.interestprint.com/data/product/5686/img/20260520/20260520145849144406_250x250.jpg,https://www.interestprint.com/custom/men_s_new_vancouver_high_top_canvas_shoes-5686.html
2669,308,Slip-on Canvas Women's Shoes (Model 019) (Two Shoes With Different Printing),Shoes,15.59,40.99,25.4,62.0,,https://ipimg.interestprint.com/data/product/308/img/20230109/20230109185941334229_250x250.jpg,https://www.interestprint.com/custom/slip_on_canvas_shoes_for_women_model019-308.html
2670,142,Slip-on Canvas Women's Shoes (Model 019),Shoes,15.59,46.99,31.4,66.8,,https://ipimg.interestprint.com/data/product/142/img/20170518/20170518175425786576_250x250.jpg,https://www.interestprint.com/custom/slip_on_canvas_women_s_shoes-142.html
2671,2506,Little Boys' V-Neck Long Sleeve Pajama Set(Model Sets 02),Kid's Clothing,15.6,39.99,24.39,61.0,,https://ipimg.interestprint.com/data/product/2506/img/20231011/20231011200604633124_250x250.jpg,https://www.interestprint.com/custom/boy_s_long_sleeve_pajama_sets_02-2506.html
2672,2508,Little Girls' V-Neck Long Sleeve Pajama Set(Model Sets 02),Kid's Clothing,15.6,39.99,24.39,61.0,,https://ipimg.interestprint.com/data/product/2508/img/20220819/20220819013656963166_250x250.jpg,https://www.interestprint.com/custom/little_girls_v_neck_long_sleeve_pajama_set-2508.html
2673,5183,Square Wall Clock with Numbers | Ships from USA,U.S. Fulfillment,15.62,32.99,17.37,52.7,,https://ipimg.interestprint.com/data/product/5183/img/20260120/20260120175920649167_250x250.jpg,https://www.interestprint.com/custom/square_wall_clock_with_numbers_ships_from_usa-5183.html
2674,5182,Square Wall Clock without Numbers | Ships from USA,U.S. Fulfillment,15.62,32.99,17.37,52.7,,https://ipimg.interestprint.com/data/product/5182/img/20260120/20260120175628928039_250x250.jpg,https://www.interestprint.com/custom/square_wall_clock_without_numbers_ships_from_usa-5182.html
2675,3157,"Custom Gift Wrapping Paper 58""x 23"" (3 Rolls) | Ships from USA",U.S. Fulfillment,15.69,26.99,11.3,41.9,,https://ipimg.interestprint.com/data/product/3157/img/20260109/20260109173602819704_250x250.jpg,https://www.interestprint.com/custom/gift_wrapping_paper_58_x_23_3_rolls-3157.html
2676,2689,"Gift Wrapping Paper 58""x 23"" (3 Rolls) | Ships from USA",U.S. Fulfillment,15.69,27.99,12.3,43.9,,https://ipimg.interestprint.com/data/product/2689/img/20260109/20260109174506941337_250x250.jpg,https://www.interestprint.com/custom/wrapping_paper-2689.html
2677,5699,"Custom Flannel Blanket 70"" × 80"" ( Double-Sided Print )",Home Decor,15.71,45.99,30.28,65.8,,https://ipimg.interestprint.com/data/product/5699/img/20260522/20260522103555070511_250x250.jpg,https://www.interestprint.com/custom/custom_flannel_blanket_70_80_double_sided_print-5699.html
2678,5304,Strapless Tube Ruffle Tiered Mini Dress,Women's Clothing,15.72,34.99,19.27,55.1,,https://ipimg.interestprint.com/data/product/5304/img/20260306/20260306040257149084_250x250.jpg,https://www.interestprint.com/custom/strapless_tube_ruffle_tiered_mini_dress-5304.html
2679,4988,"Frame Canvas Print 24"" x 20"" | Ships from USA",U.S. Fulfillment,15.79,45.99,30.2,65.7,,https://ipimg.interestprint.com/data/product/4988/img/20260109/20260109003713142465_250x250.jpg,https://www.interestprint.com/custom/frame_canvas_print_24_x_20-4988.html
2680,4930,"Frame Canvas Print 20"" x 24"" | Ships from USA",U.S. Fulfillment,15.79,45.99,30.2,65.7,,https://ipimg.interestprint.com/data/product/4930/img/20260109/20260109011031160590_250x250.jpg,https://www.interestprint.com/custom/frame_canvas_print_20_x_24-4930.html
2681,6051,Unisex Hooded Baseball Jacket,Women's Clothing,15.82,39.99,24.17,60.4,,https://ipimg.interestprint.com/data/product/6051/img/20260807/20260807170655031641_250x250.jpg,https://www.interestprint.com/custom/unisex_hooded_baseball_jacket-6051.html
2682,3909,Women's Long Hooded Coat (Model H72),Women's Clothing,15.85,36.99,21.14,57.2,,https://ipimg.interestprint.com/data/product/3909/img/20241021/20241021225054173013_250x250.jpg,https://www.interestprint.com/custom/custom_women_s_long_hooded_coat_h72-3909.html
2683,5994,Custom Mousepad (Rounded Corners) 30 x 80cm | Ships from USA,U.S. Fulfillment,15.86,33.99,18.13,53.3,,https://ipimg.interestprint.com/data/product/5994/img/20260721/20260721163825825577_250x250.jpg,https://www.interestprint.com/custom/custom_mousepad_rounded_corners_30_x_80cm_ships_from_usa-5994.html
2684,1501,"Ultra-Soft Mixed Green Fringe Blanket 60""x80""",Home Decor,15.9,59.99,44.09,73.5,,https://ipimg.interestprint.com/data/product/1501/img/20210412/20210412193509875998_250x250.jpg,https://www.interestprint.com/custom/ultra_soft_mixed_green_fringe_blanket_60x80_inch-1501.html
2685,5053,Cotton Short Sleeve T-Shirt (Back Print) | Ships from Australia,Australia Fulfillment,15.95,25.99,10.04,38.6,,https://ipimg.interestprint.com/data/product/5053/img/20260111/20260111003728282861_250x250.jpg,https://www.interestprint.com/custom/cotton_short_sleeve_t_shirt_back_print_au-5053.html
2686,5052,Cotton Short Sleeve T-Shirt (Front Print) | Ships from Australia,Australia Fulfillment,15.95,25.99,10.04,38.6,,https://ipimg.interestprint.com/data/product/5052/img/20260111/20260111003958269049_250x250.jpg,https://www.interestprint.com/custom/cotton_short_sleeve_t_shirt_front_print_au-5052.html
2687,5759,"Festival Banner 120"" x 36"" | Ships from USA",Wedding & Party Decor,15.99,42.99,27.0,62.8,,https://ipimg.interestprint.com/data/product/5759/img/20260715/20260715155931221345_250x250.jpg,https://www.interestprint.com/custom/festival_banner_120_x_36_ships_from_usa-5759.html
2688,5474,Semi Circle Flag 72 x 36 inch | Ships from USA,Wedding & Party Decor,15.99,32.99,17.0,51.5,,https://ipimg.interestprint.com/data/product/5474/img/20260813/20260813102714808627_250x250.jpg,https://www.interestprint.com/custom/semi_circle_flag_72_x_36_inch_ships_from_usa-5474.html
2689,5018,"Rectangular Tablecloth 120"" x 60"" | Ships from USA",Wedding & Party Decor,15.99,35.99,20.0,55.6,,https://ipimg.interestprint.com/data/product/5018/img/20260109/20260109202602644252_250x250.jpg,https://www.interestprint.com/custom/rectangular_tablecloth_120_x_60-5018.html
2690,1074,Christmas Tree Skirt,Christmas Gifts,15.99,29.99,14.0,46.7,,https://ipimg.interestprint.com/data/product/1074/img/20190909/20190909061142453744_250x250.jpg,https://www.interestprint.com/custom/christmas_tree_skirt_47_x_47-1074.html
2691,2201,"Thick Fringe Christmas Tree Skirt 36""x36""",Christmas Gifts,15.99,23.99,8.0,33.3,,https://ipimg.interestprint.com/data/product/2201/img/20210810/20210810014505051929_250x250.jpg,https://www.interestprint.com/custom/36_x36-2201.html
2692,1424,"Ultra-Soft Micro Fleece Blanket 60"" x 80"" | Ships from USA",Valentine's Day,15.99,69.99,54.0,77.2,,https://ipimg.interestprint.com/data/product/1424/img/20260108/20260108001812630846_250x250.jpg,https://www.interestprint.com/custom/ultra_soft_micro_fleece_blanket_60_x_80-1424.html
2693,2699,20oz Tall Skinny Tumbler with Lid and Straw,Mother's Day,15.99,23.99,8.0,33.3,,https://ipimg.interestprint.com/data/product/2699/img/20240217/20240217213045280731_250x250.jpg,https://www.interestprint.com/custom/20oz-2699.html
2694,401,Custom NoteBook B5,Back to School,15.99,29.99,14.0,46.7,,https://ipimg.interestprint.com/data/product/401/img/20160810/20160810232035705226_250x250.jpg,https://www.interestprint.com/custom/custom_notebook_b5-401.html
2695,2660,Water Insulated Bottles With Straw Lid(18 OZ ),Back to School,15.99,23.99,8.0,33.3,,https://ipimg.interestprint.com/data/product/2660/img/20231225/20231225193916280992_250x250.jpg,https://www.interestprint.com/custom/water_insulated_bottles_with_straw-2660.html
2696,5554,"Gift Wrapping Paper-Kraft Paper 58"" x 22"" (3 Rolls) | Ships from USA",U.S. Fulfillment,15.99,39.99,24.0,60.0,,https://ipimg.interestprint.com/data/product/5554/img/20260424/20260424115252081338_250x250.jpg,https://www.interestprint.com/custom/gift_wrapping_paper_kraft_paper_58_x_22_3_rolls_ships_from_usa-5554.html
2697,5319,"Picnic Table & Bench Covers Set 72""X30"" | Ships from USA",U.S. Fulfillment,15.99,45.99,30.0,65.2,,https://ipimg.interestprint.com/data/product/5319/img/20260305/20260305212110189495_250x250.jpg,https://www.interestprint.com/custom/picnic_table_chair_covers_set_72_x30_ships_from_usa-5319.html
2698,5048,Women's Vest Shorts Pajama Set (Model Sets 33)  | Ships from USA,U.S. Fulfillment,15.99,31.99,16.0,50.0,,https://ipimg.interestprint.com/data/product/5048/img/20260108/20260108002341267785_250x250.jpg,https://www.interestprint.com/custom/women_s_vest_shorts_pajama_set_model_sets_33-5048.html
2699,4825,Chair Cover  (Pack of 3) | Ships from USA,U.S. Fulfillment,15.99,33.99,18.0,53.0,,https://ipimg.interestprint.com/data/product/4825/img/20260107/20260107224954608559_250x250.jpg,https://www.interestprint.com/custom/chair_cover_pack_of_3-4825.html
2700,4816,"Picnic Table Cover (60"" x 30"") (Pack of 2) | Ships from USA",U.S. Fulfillment,15.99,35.99,20.0,55.6,,https://ipimg.interestprint.com/data/product/4816/img/20260109/20260109230313737638_250x250.jpg,https://www.interestprint.com/custom/picnic_table_cover_60_x_30_pack_of_2-4816.html
2701,3467,"Art Print 24""x20"" (3 Pack) (Customizable Separately) | Ships from USA",U.S. Fulfillment,15.99,29.99,14.0,46.7,,https://ipimg.interestprint.com/data/product/3467/img/20260107/20260107214218818034_250x250.jpg,https://www.interestprint.com/custom/art_print_24_x20_3_pack_customizable_separately-3467.html
2702,3466,"Art Print 20""x24"" (3 Pack) (Customizable Separately) | Ships from USA",U.S. Fulfillment,15.99,29.99,14.0,46.7,,https://ipimg.interestprint.com/data/product/3466/img/20260107/20260107214306688053_250x250.jpg,https://www.interestprint.com/custom/art_print_20_x24_3_pack_customizable_separately-3466.html
2703,3119,"Art Print 24""x20""(Pack of 3) | Ships from USA",U.S. Fulfillment,15.99,31.99,16.0,50.0,,https://ipimg.interestprint.com/data/product/3119/img/20260107/20260107220303017533_250x250.jpg,https://www.interestprint.com/custom/art_print_24_x20_pack_of_3-3119.html
2704,3118,"Art Print 20""x24""(Pack of 3) | Ships from USA",U.S. Fulfillment,15.99,31.99,16.0,50.0,,https://ipimg.interestprint.com/data/product/3118/img/20260107/20260107220329692799_250x250.jpg,https://www.interestprint.com/custom/art_print_20_x24_pack_of_3-3118.html
2705,1134,Canvas Tote Bag(Model1701)(Medium) | Ships from Australia,Australia Fulfillment,15.99,21.99,6.0,27.3,,https://ipimg.interestprint.com/data/product/1134/img/20260111/20260111000522269021_250x250.jpg,https://www.interestprint.com/custom/canvas_tote_bag_model1701_medium_au-1134.html
2706,4785,"12"" Custom Shaped Pillow(Two-Sided Printing)",Personalized Product,15.99,25.99,10.0,38.5,,https://ipimg.interestprint.com/data/product/4785/img/20251010/20251010014527903222_250x250.png,https://www.interestprint.com/custom/custom_shaped_twin_side_print_pillow-4785.html
2707,3432,Custom Embroidered Unisex T-shirt,Personalized Product,15.99,30.99,15.0,48.4,,https://ipimg.interestprint.com/data/product/3432/img/20240602/20240602180518683584_250x250.jpg,https://www.interestprint.com/custom/custom_embroidered_unisex_t_shirt-3432.html
2708,1139,"Custom Shaped Pillow (16"")",Personalized Product,15.99,25.99,10.0,38.5,,https://ipimg.interestprint.com/data/product/1139/img/20200318/20200318014737137011_250x250.jpg,https://www.interestprint.com/custom/custom_pet_shaped_pillow_16-1139.html
2709,5466,Women's High Waist Split Skort With Pockets,Women's Clothing,15.99,36.99,21.0,56.8,,https://ipimg.interestprint.com/data/product/5466/img/20260413/20260413170940493963_250x250.jpg,https://www.interestprint.com/custom/women_s_high_waist_split_skort_with_pockets-5466.html
2710,2273,Women's All Over Print Pajama Set with Custom Collar and Trouser Opening (ModelSets 07),Women's Clothing,15.99,49.99,34.0,68.0,,https://ipimg.interestprint.com/data/product/2273/img/20211122/20211122012908703031_250x250.jpg,https://www.interestprint.com/custom/sets_07-2273.html
2711,2247,Men's All Over Print Pajama Set (ModelSets 07),Men's Clothing,15.99,49.99,34.0,68.0,,https://ipimg.interestprint.com/data/product/2247/img/20211121/20211121172117856450_250x250.jpg,https://www.interestprint.com/custom/men_s_all_over_print_pajama_set-2247.html
2712,2434,Men's AOP Short Sleeve Shirt with Chest Pocket (Model  T53),Men's Clothing,15.99,47.99,32.0,66.7,,https://ipimg.interestprint.com/data/product/2434/img/20220705/20220705232520410823_250x250.jpg,https://www.interestprint.com/custom/men_s_aop_short_sleeve_shirt_with_chest_pocket_t53-2434.html
2713,2879,Men's All Over Print Long Sleeve Shirt Without Chest Pocket (ModelT61)(Merged Design),Men's Clothing,15.99,41.99,26.0,61.9,,https://ipimg.interestprint.com/data/product/2879/img/20230920/20230920232702272409_250x250.jpg,https://www.interestprint.com/custom/men_s_all_over_print_long_sleeve_shirt_without_pocket_t61-2879.html
2714,4955,Little Girls' Crew Neck Pajama Set (Model Sets 31),Kid's Clothing,15.99,34.99,19.0,54.3,,https://ipimg.interestprint.com/data/product/4955/img/20251116/20251116212932964054_250x250.jpg,https://www.interestprint.com/custom/little_girls_crew_neck_pajama_set_sets_31-4955.html
2715,2518,Little Girls' Long Sleeve Polo Shirt (Model T73),Kid's Clothing,15.99,24.99,9.0,36.0,,https://ipimg.interestprint.com/data/product/2518/img/20220820/20220820004037923292_250x250.jpg,https://www.interestprint.com/custom/polo-2518.html
2716,2278,Girls' Sleeveless Dress (ModelD58),Kid's Clothing,15.99,23.99,8.0,33.3,,https://ipimg.interestprint.com/data/product/2278/img/20211227/20211227190125659477_250x250.jpg,https://www.interestprint.com/custom/d58-2278.html
2717,5024,Mini Compact Umbrella,Home Decor,15.99,26.99,11.0,40.8,,https://ipimg.interestprint.com/data/product/5024/img/20251207/20251207212234981317_250x250.jpg,https://www.interestprint.com/custom/five_fold_umbrella-5024.html
2718,4976,30OZ Stainless Steel Tumbler,Home Decor,15.99,31.99,16.0,50.0,,https://ipimg.interestprint.com/data/product/4976/img/20251123/20251123180951690778_250x250.jpg,https://www.interestprint.com/custom/30oz_stainless_steel_tumbler-4976.html
2719,5237,Laptop Bag with Handle 10 inch,Bags,15.99,27.99,12.0,42.9,,https://ipimg.interestprint.com/data/product/5237/img/20260201/20260201222630241316_250x250.jpg,https://www.interestprint.com/custom/laptop_bag_with_handle_10_inch-5237.html
2720,5279,Laptop Bag with Handle 12 inch,Bags,15.99,27.99,12.0,42.9,,https://ipimg.interestprint.com/data/product/5279/img/20260213/20260213174858353005_250x250.jpg,https://www.interestprint.com/custom/laptop_bag_with_handle_12_inch-5279.html
2721,5276,Portable Handheld Laptop Case 12 inch,Bags,15.99,28.99,13.0,44.8,,https://ipimg.interestprint.com/data/product/5276/img/20260212/20260212003602848884_250x250.jpg,https://www.interestprint.com/custom/portable_handheld_laptop_case_12_inch-5276.html
2722,5275,Portable Handheld Laptop Case 13 inch,Bags,15.99,28.99,13.0,44.8,,https://ipimg.interestprint.com/data/product/5275/img/20260211/20260211234154012602_250x250.jpg,https://www.interestprint.com/custom/portable_handheld_laptop_case_13_inch-5275.html
2723,4900,Large Travel Bag with Trolley Sleeve (Model 1715),Bags,15.99,45.99,30.0,65.2,,https://ipimg.interestprint.com/data/product/4900/img/20251029/20251029014114247189_250x250.jpg,https://www.interestprint.com/custom/large_travel_bag_with_trolley_sleeve_model_1715-4900.html
2724,3730,Custom Women's Handbag-Medium (Model 1747),Bags,15.99,34.99,19.0,54.3,,https://ipimg.interestprint.com/data/product/3730/img/20241215/20241215190551633262_250x250.jpg,https://www.interestprint.com/custom/custom_women_s_handbag-3730.html
2725,3257,Custom Travel Bag-Small(Black Short Patch) (Model 1735),Bags,15.99,46.99,31.0,66.0,,https://ipimg.interestprint.com/data/product/3257/img/20240530/20240530185156980044_250x250.jpg,https://www.interestprint.com/custom/leather_travel_bag_small_short_patch-3257.html
2726,3248,Custom Travel Bag-Small (Brown Long Patch) (Model 1736),Bags,15.99,45.99,30.0,65.2,,https://ipimg.interestprint.com/data/product/3248/img/20240426/20240426001850147693_250x250.jpg,https://www.interestprint.com/custom/large_capacity_travel_bag_small_brown_long_patch_1736-3248.html
2727,3247,Custom Travel Bag-Small (Black Long Patch) (Model 1736),Bags,15.99,45.99,30.0,65.2,,https://ipimg.interestprint.com/data/product/3247/img/20240423/20240423204106005581_250x250.jpg,https://www.interestprint.com/custom/large_capacity_travel_bag_small_black_long_patch_1736-3247.html
2728,3239,Custom Diaper Bag-Large (Model 1688),Bags,15.99,52.99,37.0,69.8,,https://ipimg.interestprint.com/data/product/3239/img/20240422/20240422223438595605_250x250.jpg,https://www.interestprint.com/custom/multi_function_diaper_bag_large_1688-3239.html
2729,1247,PU Leather Cell Phone Purse(Model1711),Bags,15.99,29.99,14.0,46.7,,https://ipimg.interestprint.com/data/product/1247/img/20200728/20200728200421899313_250x250.jpg,https://www.interestprint.com/custom/small_cell_phone_purse_1711-1247.html
2730,2256,PU Leather Insulated Lunch Bag (Model1723),Bags,15.99,24.99,9.0,36.0,,https://ipimg.interestprint.com/data/product/2256/img/20211102/20211102183157230376_250x250.jpg,https://www.interestprint.com/custom/1723-2256.html
2731,246,Classic Cross-body Nylon Bags (Model 1632),Bags,15.99,35.99,20.0,55.6,,https://ipimg.interestprint.com/data/product/246/img/20151229/20151229012627735735_250x250.jpg,https://www.interestprint.com/custom/aslant_bag-246.html
2732,5854,Men's Twisted Sole Sneakers,Shoes,15.99,34.99,19.0,54.3,,https://ipimg.interestprint.com/data/product/5854/img/20260618/20260618163311168814_250x250.jpg,https://www.interestprint.com/custom/men_s_twisted_sole_sneakers-5854.html
2733,1055,Women's Slide Sandals(Model 057),Shoes,15.99,29.99,14.0,46.7,,https://ipimg.interestprint.com/data/product/1055/img/20190717/20190717184038623837_250x250.jpg,https://www.interestprint.com/custom/women_s_flip_flops_model_057-1055.html
2734,3151,"Custom Gift Wrapping Paper 58""x 22.5"" (2 Rolls)",Accessories,15.99,23.99,8.0,33.3,,https://ipimg.interestprint.com/data/product/3151/img/20240412/20240412001542186384_250x250.jpg,https://www.interestprint.com/custom/gift_wrapping_paper_58_x_23_2_rolls-3151.html
2735,3026,"Auto Car Sun Shade 57.6"" x 27.6""",Accessories,15.99,31.99,16.0,50.0,,https://ipimg.interestprint.com/data/product/3026/img/20240314/20240314202047943739_250x250.jpg,https://www.interestprint.com/custom/auto_sun_shade_57_6_x_27_6-3026.html
2736,1102,"Gift Wrapping Paper 58""x 22.5""(2 Rolls)",Accessories,15.99,35.99,20.0,55.6,,https://ipimg.interestprint.com/data/product/1102/img/20191110/20191110195936316221_250x250.jpg,https://www.interestprint.com/custom/gift_wrapping_paper_58_x_23_2_rolls-1102.html
2737,2798,"Wood Print 8""x12""",Wall Art,15.99,23.99,8.0,33.3,,https://ipimg.interestprint.com/data/product/2798/img/20230706/20230706231333410811_250x250.jpg,https://www.interestprint.com/custom/wood_print_8_x12-2798.html
2738,2268,All Over Print Hawaiian Shirt for Women (ModelT58）,Mother's Day,16.0,37.99,21.99,57.9,,https://ipimg.interestprint.com/data/product/2268/img/20240217/20240217175855382840_250x250.jpg,https://www.interestprint.com/custom/all_over_print_hawaiian_shirt_for_women_modelt58-2268.html
2739,852,Men's All Over Print Hawaiian Shirt (Model T58),Men's Clothing,16.0,49.99,33.99,68.0,,https://ipimg.interestprint.com/data/product/852/img/20180809/20180809012628516865_250x250.png,https://www.interestprint.com/custom/all_over_print_v_neck_shirts_model_t58-852.html
2740,2388,Men's All Over Print Hawaiian Shirt (ModelT58)(Merged Design),Men's Clothing,16.0,45.99,29.99,65.2,,https://ipimg.interestprint.com/data/product/2388/img/20220428/20220428181657955485_250x250.jpg,https://www.interestprint.com/custom/v-2388.html
2741,5467,Double-Layer Ruffle Sports Skirt,Women's Clothing,16.05,36.99,20.94,56.6,,https://ipimg.interestprint.com/data/product/5467/img/20260414/20260414100413463506_250x250.jpg,https://www.interestprint.com/custom/double_layer_ruffle_sports_skirt-5467.html
2742,4251,Puzzle Heart Necklace (Copper),Personalized Product,16.12,32.99,16.87,51.1,,https://ipimg.interestprint.com/data/product/4251/img/20250326/20250326223826227166_250x250.jpg,https://www.interestprint.com/custom/puzzle_heart_necklace_copper-4251.html
2743,4414,Pocket Wide Leg Bib Jumpsuit,Women's Clothing,16.13,37.99,21.86,57.5,,https://ipimg.interestprint.com/data/product/4414/img/20250611/20250611190452455230_250x250.jpg,https://www.interestprint.com/custom/custom_pocket_wide_leg_bib_jumpsuit-4414.html
2744,4859,Classic Crew Neck Long Sleeve Tee | Ships from USA,U.S. Fulfillment,16.16,33.99,17.83,52.5,,https://ipimg.interestprint.com/data/product/4859/img/20260109/20260109035703246756_250x250.jpg,https://www.interestprint.com/custom/classic_crew_neck_long_sleeve_tee-4859.html
2745,3536,Women's All Over Print Hawaiian Shirt (Model T58-2)  | Ships from USA,Valentine's Day,16.19,30.99,14.8,47.8,,https://ipimg.interestprint.com/data/product/3536/img/20260109/20260109230757236587_250x250.jpg,https://www.interestprint.com/custom/women_s_all_over_print_hawaiian_shirt-3536.html
2746,3009,Men's All Over Print Hawaiian Shirt (T58) | Ships from USA,Valentine's Day,16.19,31.99,15.8,49.4,,https://ipimg.interestprint.com/data/product/3009/img/20260109/20260109230855087621_250x250.jpg,https://www.interestprint.com/custom/men_s_hawaiian_shirt_t58-3009.html
2747,5954,Beach Chair Towel Cover with Side Pockets | Ships from USA,Summer Holiday,16.19,39.99,23.8,59.5,,https://ipimg.interestprint.com/data/product/5954/img/20260714/20260714164427676274_250x250.jpg,https://www.interestprint.com/custom/beach_chair_towel_cover_with_side_pockets_ships_from_usa-5954.html
2748,5328,All Over Print Casual Backpack-Large (Model 1733),Back to School,16.19,36.99,20.8,56.2,,https://ipimg.interestprint.com/data/product/5328/img/20260528/20260528115514545767_250x250.jpg,https://www.interestprint.com/custom/all_over_print_casual_backpack_large_model_1733-5328.html
2749,5537,Women’s Backless Crisscross Tie-Back Ruffle Romper,Women's Clothing,16.22,29.99,13.77,45.9,,https://ipimg.interestprint.com/data/product/5537/img/20260421/20260421154502796397_250x250.jpg,https://www.interestprint.com/custom/women_s_backless_crisscross_tie_back_ruffle_romper-5537.html
2750,4747,Women's Pullover Windbreaker,Women's Clothing,16.22,39.99,23.77,59.4,,https://ipimg.interestprint.com/data/product/4747/img/20250923/20250923230739410376_250x250.jpg,https://www.interestprint.com/custom/women_s_pullover_windbreaker-4747.html
2751,5468,Women's Backless Halter Tennis Dress,Women's Clothing,16.32,43.99,27.67,62.9,,https://ipimg.interestprint.com/data/product/5468/img/20260415/20260415103119459994_250x250.jpg,https://www.interestprint.com/custom/women_s_backless_halter_tennis_dress-5468.html
2752,1020,Charms with Multiple Pendant Necklace (2 Pendants)(Titanium Steel),Personalized Product,16.47,52.99,36.52,68.9,,https://ipimg.interestprint.com/data/product/1020/img/20190703/20190703033449218894_250x250.jpg,https://www.interestprint.com/custom/charms_with_multiple_pendant_necklace_2_pendants-1020.html
2753,4324,"3-Piece Bedding Set (1 Duvet Cover + 2 Pillow Shams) – 90""×90""",Home Decor,16.47,47.99,31.52,65.7,,https://ipimg.interestprint.com/data/product/4324/img/20250512/20250512022535817088_250x250.jpg,https://www.interestprint.com/custom/3_piece_bedding_set_1_duvet_cover_2_pillow_shams-4324.html
2754,4599,Octagon Metal Wall Sign | Ships from USA,U.S. Fulfillment,16.48,39.99,23.51,58.8,,https://ipimg.interestprint.com/data/product/4599/img/20260109/20260109053800335907_250x250.jpg,https://www.interestprint.com/custom/octagon_metal_wall_sign-4599.html
2755,5844,"Cotton Linen House Flag 48"" x 72"" (One Side) | Ships from USA",U.S. Fulfillment,16.49,42.99,26.5,61.6,,https://ipimg.interestprint.com/data/product/5844/img/20260617/20260617164215610181_250x250.jpg,https://www.interestprint.com/custom/cotton_linen_house_flag_48_x_72_one_side_ships_from_usa-5844.html
2756,5394,"Gift Wrapping Paper-Coated Paper 72""x 22""（3 Roll） | Ships from USA",U.S. Fulfillment,16.49,36.99,20.5,55.4,,https://ipimg.interestprint.com/data/product/5394/img/20260325/20260325162247104463_250x250.jpg,https://www.interestprint.com/custom/gift_wrapping_paper_coated_paper_72_x_22_3_roll_ships_from_usa-5394.html
2757,1429,Men's Padded Vest(ModelH44),Men's Clothing,16.49,39.99,23.5,58.8,,https://ipimg.interestprint.com/data/product/1429/img/20210303/20210303013931392464_250x250.jpg,https://www.interestprint.com/custom/men_s_padded_vest_h44-1429.html
2758,2376,Big Boys' V-Neck Short Pajama Set (ModelSets 11),Kid's Clothing,16.49,35.99,19.5,54.2,,https://ipimg.interestprint.com/data/product/2376/img/20220411/20220411225605713973_250x250.jpg,https://www.interestprint.com/custom/v_sets_11-2376.html
2759,2378,Big Girls' V-Neck Short Pajama Set (ModelSets 11),Kid's Clothing,16.49,35.99,19.5,54.2,,https://ipimg.interestprint.com/data/product/2378/img/20220411/20220411225730092828_250x250.jpg,https://www.interestprint.com/custom/v_sets_11-2378.html
2760,1006,Custom Men's Casual T-shirt(USA Size)(Model T02) | Ships from Australia,Australia Fulfillment,16.59,32.99,16.4,49.7,,https://ipimg.interestprint.com/data/product/1006/img/20260111/20260111010051667790_250x250.jpg,https://www.interestprint.com/custom/custom_men_s_t_shirt_usa_size_t02_au-1006.html
2761,325,Slip-on Canvas Men's Shoes (Model019)(Two Shoes With Different Printing),Shoes,16.59,47.99,31.4,65.4,,https://ipimg.interestprint.com/data/product/325/img/20230109/20230109190021934888_250x250.jpg,https://www.interestprint.com/custom/slip_on_canvas_shoes_for_men_model019-325.html
2762,5151,Custom Placemat 18x12inch (12-Pack) | Ships from USA,U.S. Fulfillment,16.69,42.99,26.3,61.2,,https://ipimg.interestprint.com/data/product/5151/img/20260112/20260112182215791258_250x250.jpg,https://www.interestprint.com/custom/custom_placemat_18x12inch_12_pack_ships_from_usa-5151.html
2763,4748,Men's Hooded Windbreaker Jacket,Men's Clothing,16.73,40.99,24.26,59.2,,https://ipimg.interestprint.com/data/product/4748/img/20250923/20250923230627140869_250x250.jpg,https://www.interestprint.com/custom/men_s_hooded_windbreaker_jacket-4748.html
2764,3629,Zipper Picnic Mat（200*200）,Home Decor,16.73,26.99,10.26,38.0,,https://ipimg.interestprint.com/data/product/3629/img/20240711/20240711024609511142_250x250.jpg,https://www.interestprint.com/custom/zipper_picnic_mat_200_200-3629.html
2765,5870,Women's Off Shoulder Ruffle Hem Dress,Women's Clothing,16.78,39.99,23.21,58.0,,https://ipimg.interestprint.com/data/product/5870/img/20260624/20260624103715636894_250x250.jpg,https://www.interestprint.com/custom/women_s_off_shoulder_ruffle_hem_dress-5870.html
2766,4927,"Frame Canvas Print 20"" x 20"" | Ships from USA",U.S. Fulfillment,16.79,41.99,25.2,60.0,,https://ipimg.interestprint.com/data/product/4927/img/20260109/20260109011630920430_250x250.jpg,https://www.interestprint.com/custom/frame_canvas_print_20_x_20-4927.html
2767,5917,All Over Print V-Neck Women's T-Shirt | Ships from USA,U.S. Fulfillment,16.82,36.99,20.17,54.5,,https://ipimg.interestprint.com/data/product/5917/img/20260702/20260702165736995501_250x250.jpg,https://www.interestprint.com/custom/all_over_print_v_neck_women_s_t_shirt_ships_from_usa-5917.html
2768,5534,Women's Long Sleeve Zip Front Jumpsuit,Women's Clothing,16.84,36.99,20.15,54.5,,https://ipimg.interestprint.com/data/product/5534/img/20260421/20260421145836195432_250x250.jpg,https://www.interestprint.com/custom/women_s_long_sleeve_zip_front_jumpsuit-5534.html
2769,4480,Women's Mary Jane Shoes,Shoes,16.86,39.99,23.13,57.8,,https://ipimg.interestprint.com/data/product/4480/img/20250703/20250703183225874074_250x250.jpg,https://www.interestprint.com/custom/women_s_mary_jane_shoes-4480.html
2770,5934,Personalized Temporary Tattoos (90 Pieces) | Ships from USA,U.S. Fulfillment,16.89,36.99,20.1,54.3,,https://ipimg.interestprint.com/data/product/5934/img/20260707/20260707155823647783_250x250.jpg,https://www.interestprint.com/custom/personalized_temporary_tattoos_90_pieces_ships_from_usa-5934.html
2771,5867,"Personalized Temporary Tattoos (90 Pieces, Customizable Separately) | Ships from USA",U.S. Fulfillment,16.89,33.99,17.1,50.3,,https://ipimg.interestprint.com/data/product/5867/img/20260623/20260623164712670732_250x250.jpg,https://www.interestprint.com/custom/personalized_temporary_tattoos_90_pieces_customizable_separately_ships_from_usa-5867.html
2772,2507,Big Girls' V-Neck Long Sleeve Pajama Set (Model Sets 02),Halloween Decor,16.9,46.99,30.09,64.0,,https://ipimg.interestprint.com/data/product/2507/img/20240821/20240821180009964816_250x250.jpg,https://www.interestprint.com/custom/girls_v_neck_long_sleeve_pajama_set-2507.html
2773,2505,Big Boys' V-Neck Long Sleeve Pajama Set (Model Sets 02),Kid's Clothing,16.9,46.99,30.09,64.0,,https://ipimg.interestprint.com/data/product/2505/img/20220824/20220824020022724453_250x250.jpg,https://www.interestprint.com/custom/kids_custom_pajama_sets_02-2505.html
2774,5995,Custom Mousepad (Rounded Corners) 40 x 90cm | Ships from USA,U.S. Fulfillment,16.96,35.99,19.03,52.9,,https://ipimg.interestprint.com/data/product/5995/img/20260721/20260721163808505192_250x250.jpg,https://www.interestprint.com/custom/custom_mousepad_rounded_corners_40_x_90cm_ships_from_usa-5995.html
2775,5837,Women's Hooded Zipper Jumpsuit,Women's Clothing,16.98,42.99,26.01,60.5,,https://ipimg.interestprint.com/data/product/5837/img/20260618/20260618092706900125_250x250.jpg,https://www.interestprint.com/custom/women_s_hooded_zipper_jumpsuit-5837.html
2776,31,Shoulder Sling Bag (Model 1613),Bags,16.98,37.99,21.01,55.3,,https://ipimg.interestprint.com/data/product/31/img/20150602/20150602174602553436_250x250.jpg,https://www.interestprint.com/custom/shoulder_sling_bag-31.html
2777,3638,"Heart-Shaped Flower Shadow Box 8""-Pink",Valentine's Day,16.99,26.99,10.0,37.1,,https://ipimg.interestprint.com/data/product/3638/img/20241215/20241215193035243776_250x250.jpg,https://www.interestprint.com/custom/heart_shaped_paper_flower_shadow_box_8_pink-3638.html
2778,3639,"Heart-Shaped Flower Shadow Box 8""-Red",Mother's Day,16.99,26.99,10.0,37.1,,https://ipimg.interestprint.com/data/product/3639/img/20240714/20240714192544052531_250x250.jpg,https://www.interestprint.com/custom/heart_shaped_flower_shadow_box_8_red-3639.html
2779,1054,Men's Slide Sandals(Model 057),Father's Day,16.99,29.99,13.0,43.3,,https://ipimg.interestprint.com/data/product/1054/img/20190717/20190717184022211320_250x250.jpg,https://www.interestprint.com/custom/men_s_flip_flops_model_057-1054.html
2780,5899,"Custom Shaped Pillow 18"" | Ships from USA",U.S. Fulfillment,16.99,42.99,26.0,60.5,,https://ipimg.interestprint.com/data/product/5899/img/20260630/20260630155427767662_250x250.jpg,https://www.interestprint.com/custom/custom_shaped_pillow_18_ships_from_usa-5899.html
2781,5285,Twin Bedding Set (Fitted Sheet + Pillowcases) | Ships from USA,U.S. Fulfillment,16.99,42.99,26.0,60.5,,https://ipimg.interestprint.com/data/product/5285/img/20260227/20260227002325179788_250x250.jpg,https://www.interestprint.com/custom/twin_bedding_set_fitted_sheet_pillowcases_ships_from_usa-5285.html
2782,4262,48x16 inch Area Rug with Black Binding | Ships from USA,U.S. Fulfillment,16.99,31.99,15.0,46.9,,https://ipimg.interestprint.com/data/product/4262/img/20260110/20260110052546601528_250x250.jpg,https://www.interestprint.com/custom/48x16inch_area_rug-4262.html
2783,3129,"Art Print 20""x16"" (Pack of 4) | Ships from USA",U.S. Fulfillment,16.99,33.99,17.0,50.0,,https://ipimg.interestprint.com/data/product/3129/img/20260107/20260107215744835965_250x250.jpg,https://www.interestprint.com/custom/art_print_20_x16_pack_of_4-3129.html
2784,3128,"Art Print 16""x20"" (Pack of 4) | Ships from USA",U.S. Fulfillment,16.99,33.99,17.0,50.0,,https://ipimg.interestprint.com/data/product/3128/img/20260107/20260107215808710008_250x250.jpg,https://www.interestprint.com/custom/art_print_16_x20_pack_of_4-3128.html
2785,2565,"Upgraded Frame Canvas Print 12""x8"" | Ships from Australia",Australia Fulfillment,16.99,24.99,8.0,32.0,,https://ipimg.interestprint.com/data/product/2565/img/20260111/20260111013829907324_250x250.jpg,https://www.interestprint.com/custom/frame_canvas_print_12_x8_au-2565.html
2786,2564,"Upgraded Frame Canvas Print 8""x12"" | Ships from Australia",Australia Fulfillment,16.99,24.99,8.0,32.0,,https://ipimg.interestprint.com/data/product/2564/img/20260111/20260111014128678412_250x250.jpg,https://www.interestprint.com/custom/frame_canvas_print_8_x12_au-2564.html
2787,1396,"Rectangle Pillow Case 20""x30""(One Side) | Ships from Australia",Australia Fulfillment,16.99,25.99,9.0,34.6,,https://ipimg.interestprint.com/data/product/1396/img/20260111/20260111005827042076_250x250.jpg,https://www.interestprint.com/custom/rectangle_pillow_case_20_x30_one_side_au-1396.html
2788,1135,Canvas Tote Bag(Model1702)(Large) | Ships from Australia,Australia Fulfillment,16.99,21.99,5.0,22.7,,https://ipimg.interestprint.com/data/product/1135/img/20260111/20260111000304793152_250x250.jpg,https://www.interestprint.com/custom/canvas_tote_bag_model1702_au-1135.html
2789,5141,Unisex Fleece Sweatshirt (Front Printing) | Ships from Japan,Japan Fulfillment,16.99,35.99,19.0,52.8,,https://ipimg.interestprint.com/data/product/5141/img/20260111/20260111225631204781_250x250.jpg,https://www.interestprint.com/custom/unisex_fleece_sweatshirt_front_printing_jpn-5141.html
2790,3533,Wooden Puzzle Sign with 4 Names（20X25cm）,Personalized Product,16.99,27.99,11.0,39.3,,https://ipimg.interestprint.com/data/product/3533/img/20240626/20240626000622443482_250x250.jpg,https://www.interestprint.com/custom/wooden_puzzle_sign_with_4_names_20x25cm-3533.html
2791,3534,Wooden Puzzle Sign with 5 Names（20X25cm）,Personalized Product,16.99,27.99,11.0,39.3,,https://ipimg.interestprint.com/data/product/3534/img/20240625/20240625231815606006_250x250.jpg,https://www.interestprint.com/custom/wooden_puzzle_sign_with_5_names_20x25cm-3534.html
2792,3409,Custom Embroidered Bunny Plush Toy-Large,Personalized Product,16.99,27.99,11.0,39.3,,https://ipimg.interestprint.com/data/product/3409/img/20240529/20240529233255471239_250x250.jpg,https://www.interestprint.com/custom/custom_embroidered_bunny_plush_toy_large-3409.html
2793,1159,"Custom Shaped Pillow (16"")(Two-Sided Printing)",Personalized Product,16.99,27.99,11.0,39.3,,https://ipimg.interestprint.com/data/product/1159/img/20200510/20200510201402693156_250x250.jpg,https://www.interestprint.com/custom/custom_pet_shaped_pillow_16_two_sides_printing-1159.html
2794,813,Women's All Over Print Casual Shorts (Model L19),Women's Clothing,16.99,35.99,19.0,52.8,,https://ipimg.interestprint.com/data/product/813/img/20200722/20200722023312603724_250x250.jpg,https://www.interestprint.com/custom/women_s_casual_shorts_model_l19-813.html
2795,2286,Women's All Over Print Scrub,Women's Clothing,16.99,25.99,9.0,34.6,,https://ipimg.interestprint.com/data/product/2286/img/20220120/20220120175653244624_250x250.jpg,https://www.interestprint.com/custom/all_over_print_scrub-2286.html
2796,3138,Men's AOP Elastic Beach Shorts (Model Sets 26),Men's Clothing,16.99,25.99,9.0,34.6,,https://ipimg.interestprint.com/data/product/3138/img/20240401/20240401232655312934_250x250.jpg,https://www.interestprint.com/custom/men_s_aop_elastic_beach_shorts_sets_26-3138.html
2797,2759,Men's Cycling Jersey (Model T77),Men's Clothing,16.99,27.99,11.0,39.3,,https://ipimg.interestprint.com/data/product/2759/img/20230605/20230605181419725600_250x250.jpg,https://www.interestprint.com/custom/model_t77-2759.html
2798,4964,Custom Big Kids' Flannel Pajama Trousers (Model L76),Kid's Clothing,16.99,27.99,11.0,39.3,,https://ipimg.interestprint.com/data/product/4964/img/20251117/20251117180029515642_250x250.jpg,https://www.interestprint.com/custom/big_kids_flannel_pajama_trousers_model_l76-4964.html
2799,2363,Little Girls' Short Pajama Set (ModelSets 01),Kid's Clothing,16.99,25.99,9.0,34.6,,https://ipimg.interestprint.com/data/product/2363/img/20220331/20220331231152874375_250x250.jpg,https://www.interestprint.com/custom/sets01-2363.html
2800,4957,Little Boys' Crew Neck Pajama Set (Model Sets 31),Kid's Clothing,16.99,35.99,19.0,52.8,,https://ipimg.interestprint.com/data/product/4957/img/20251116/20251116191452872605_250x250.jpg,https://www.interestprint.com/custom/little_boys_crew_neck_pajama_set_sets_31-4957.html
2801,3611,Big Kids' Flannel Pajama Trousers (Model L76),Kid's Clothing,16.99,27.99,11.0,39.3,,https://ipimg.interestprint.com/data/product/3611/img/20240710/20240710190321160983_250x250.jpg,https://www.interestprint.com/custom/big_kids_coral_fleece_pajama_trousers_l76-3611.html
2802,1171,Kids' Rib Cuff Long Sleeve T-shirt(ModelT64),Kid's Clothing,16.99,32.99,16.0,48.5,,https://ipimg.interestprint.com/data/product/1171/img/20200415/20200415014805993250_250x250.jpg,https://www.interestprint.com/custom/kids_rib_cuff_long_sleeve_t_shirt_t64-1171.html
2803,1185,Girl's Sleeveless Sundress(ModelD56),Kid's Clothing,16.99,29.99,13.0,43.3,,https://ipimg.interestprint.com/data/product/1185/img/20200428/20200428002406878245_250x250.jpg,https://www.interestprint.com/custom/girls_sleeveless_sundress_d56-1185.html
2804,3640,"Heart-Shaped Flower Shadow Box 8""-Blue",Home Decor,16.99,26.99,10.0,37.1,,https://ipimg.interestprint.com/data/product/3640/img/20240714/20240714194230785430_250x250.jpg,https://www.interestprint.com/custom/heart_shaped_flower_shadow_box_8_blue-3640.html
2805,2921,500-Piece Wooden Jigsaw Puzzles (Horizontal),Home Decor,16.99,25.99,9.0,34.6,,https://ipimg.interestprint.com/data/product/2921/img/20231022/20231022182245384845_250x250.jpg,https://www.interestprint.com/custom/500_piece_wooden_jigsaw_puzzles_horizontal-2921.html
2806,2920,500-Piece Wooden Jigsaw Puzzles (Vertical),Home Decor,16.99,25.99,9.0,34.6,,https://ipimg.interestprint.com/data/product/2920/img/20231022/20231022181855996424_250x250.jpg,https://www.interestprint.com/custom/500_piece_wooden_jigsaw_puzzles_vertical-2920.html
2807,2198,"Thick Christmas Tree Skirt 47"" x 47""",Home Decor,16.99,25.99,9.0,34.6,,https://ipimg.interestprint.com/data/product/2198/img/20210806/20210806023830833372_250x250.jpg,https://www.interestprint.com/custom/thick_christmas_tree_skirt_47_x_47-2198.html
2808,1315,"Mailbox Cover(18"" x 22"")",Home Decor,16.99,29.99,13.0,43.3,,https://ipimg.interestprint.com/data/product/1315/img/20200924/20200924023643423041_250x250.jpg,https://www.interestprint.com/custom/mailbox_cover-1315.html
2809,5280,Laptop Bag with Handle 13 inch,Bags,16.99,28.99,12.0,41.4,,https://ipimg.interestprint.com/data/product/5280/img/20260213/20260213182047127718_250x250.jpg,https://www.interestprint.com/custom/laptop_bag_with_handle_13_inch-5280.html
2810,5274,Portable Handheld Laptop Case 15 inch,Bags,16.99,29.99,13.0,43.3,,https://ipimg.interestprint.com/data/product/5274/img/20260211/20260211233700972324_250x250.jpg,https://www.interestprint.com/custom/portable_handheld_laptop_case_15_inch-5274.html
2811,5236,Portable Handheld Laptop Case 17 inch,Bags,16.99,29.99,13.0,43.3,,https://ipimg.interestprint.com/data/product/5236/img/20260201/20260201215347098840_250x250.jpg,https://www.interestprint.com/custom/portable_handheld_laptop_case_17_inch-5236.html
2812,3250,Custom Travel Bag-Large (Brown Short Patch) (Model 1737),Bags,16.99,49.99,33.0,66.0,,https://ipimg.interestprint.com/data/product/3250/img/20240423/20240423221703857319_250x250.jpg,https://www.interestprint.com/custom/large_capacity_travel_bag_large_brown_short_patch_1737-3250.html
2813,3249,Custom Travel Bag-Large (Black Short Patch) (Model 1737),Bags,16.99,49.99,33.0,66.0,,https://ipimg.interestprint.com/data/product/3249/img/20240508/20240508230524716138_250x250.jpg,https://www.interestprint.com/custom/large_capacity_travel_bag_large_black_short_patch_1737-3249.html
2814,499,Women's Clutch Purse (Model 1637) (Black),Bags,16.99,35.99,19.0,52.8,,https://ipimg.interestprint.com/data/product/499/img/20161228/20161228232616945512_250x250.jpg,https://www.interestprint.com/custom/women_s_clutch_purse_model_1637-499.html
2815,280,Women's Clutch Purse (Model 1637) (Red),Bags,16.99,35.99,19.0,52.8,,https://ipimg.interestprint.com/data/product/280/img/20160329/20160329233211667012_250x250.jpg,https://www.interestprint.com/custom/ladies_clutch_purse_model_1637-280.html
2816,2252,"casecoco Classic Sleeve for 11"" 11.6"" Laptop",Bags,16.99,35.99,19.0,52.8,,https://ipimg.interestprint.com/data/product/2252/img/20211028/20211028000729884808_250x250.jpg,https://www.interestprint.com/custom/casecoco_classic_sleeve_for_11_11_6_laptop-2252.html
2817,1191,Custom Fabric Dust Cover(15 PCS Filters Included),Accessories,16.99,39.99,23.0,57.5,,https://ipimg.interestprint.com/data/product/1191/img/20200429/20200429084322320536_250x250.jpg,https://www.interestprint.com/custom/custom_fabric_dust_cover_15_filters_included-1191.html
2818,2668,Men's All Over Print Hawaiian Shirt With Chest Pocket(ModelT58)(Merged Design),Men's Clothing,17.0,47.99,30.99,64.6,,https://ipimg.interestprint.com/data/product/2668/img/20230316/20230316192342588442_250x250.jpg,https://www.interestprint.com/custom/hawaiian_shirt_with_chest_pocket_t58-2668.html
2819,1394,Men's All Over Print Hawaiian Shirt With Chest Pocket(ModelT58),Men's Clothing,17.0,52.99,35.99,67.9,,https://ipimg.interestprint.com/data/product/1394/img/20210123/20210123012300514475_250x250.jpg,https://www.interestprint.com/custom/hawaiian_shirt_with_chest_pocket_modelt58-1394.html
2820,4928,"Frame Canvas Print 24"" x 24""  | Ships from USA",U.S. Fulfillment,17.09,46.99,29.9,63.6,,https://ipimg.interestprint.com/data/product/4928/img/20260109/20260109011500125539_250x250.jpg,https://www.interestprint.com/custom/frame_canvas_print_24_x_24-4928.html
2821,5379,Women's Cami Midi Dress,Women's Clothing,17.09,39.99,22.9,57.3,,https://ipimg.interestprint.com/data/product/5379/img/20260318/20260318022642485700_250x250.jpg,https://www.interestprint.com/custom/women_s_cami_midi_dress-5379.html
2822,4366,Button Long Sleeve Shirt Dress,Women's Clothing,17.15,36.99,19.84,53.6,,https://ipimg.interestprint.com/data/product/4366/img/20250527/20250527190627443693_250x250.jpg,https://www.interestprint.com/custom/custom_button_long_sleeve_shirt_dress-4366.html
2823,2254,"Men's All Over Print Pajama Set with Custom Collar, Cuff and Trouser Opening (ModelSets 07)",Men's Clothing,17.19,59.99,42.8,71.3,,https://ipimg.interestprint.com/data/product/2254/img/20211121/20211121172020395517_250x250.jpg,https://www.interestprint.com/custom/men_s_all_over_print_pajama_set_sets_07-2254.html
2824,5975,"Grommet Curtain 42"" x 63"" ( 1 Piece ) | Ships from USA",U.S. Fulfillment,17.29,34.99,17.7,50.6,,https://ipimg.interestprint.com/data/product/5975/img/20260716/20260716162518824261_250x250.jpg,https://www.interestprint.com/custom/grommet_curtain_42_x_63_1_piece_ships_from_usa-5975.html
2825,5919,Men's Hawaiian Short Sleeve Shirt (Model T58-2) | Ships from USA,U.S. Fulfillment,17.29,34.99,17.7,50.6,,https://ipimg.interestprint.com/data/product/5919/img/20260703/20260703183557901253_250x250.jpg,https://www.interestprint.com/custom/men_s_hawaiian_short_sleeve_shirt_model_t58_2_ships_from_usa-5919.html
2826,5987,"Loose-Leaf Notebooks ( Cover Print, 4-Pack ) | Ships from USA",U.S. Fulfillment,17.49,34.99,17.5,50.0,,https://ipimg.interestprint.com/data/product/5987/img/20260720/20260720155841056173_250x250.jpg,https://www.interestprint.com/custom/loose_leaf_notebooks_cover_print_4_pack_ships_from_usa-5987.html
2827,5888,"Beach Towel 29"" x 58"" (4-Pack) | Ships from USA",U.S. Fulfillment,17.49,36.99,19.5,52.7,,https://ipimg.interestprint.com/data/product/5888/img/20260629/20260629165316113766_250x250.jpg,https://www.interestprint.com/custom/beach_towel_29_x_58_4_pack_ships_from_usa-5888.html
2828,5678,Women's Skating Skirt（Model D69) | Ships from USA,U.S. Fulfillment,17.49,42.99,25.5,59.3,,https://ipimg.interestprint.com/data/product/5678/img/20260604/20260604172141198076_250x250.jpg,https://www.interestprint.com/custom/women_s_skating_skirt_model_d69_ships_from_usa-5678.html
2829,5251,Two Seater Sofa Cover | Shipped from USA,U.S. Fulfillment,17.49,41.99,24.5,58.3,,https://ipimg.interestprint.com/data/product/5251/img/20260227/20260227002859359302_250x250.jpg,https://www.interestprint.com/custom/two_seater_sofa_cover_shipped_from_usa-5251.html
2830,3547,Women's Blazer (Model H64),Women's Clothing,17.58,36.99,19.41,52.5,,https://ipimg.interestprint.com/data/product/3547/img/20240624/20240624180153940215_250x250.jpg,https://www.interestprint.com/custom/women_s_blazer-3547.html
2831,4891,Car Seat Covers (Set of 2) | Ships from USA,U.S. Fulfillment,17.59,37.99,20.4,53.7,,https://ipimg.interestprint.com/data/product/4891/img/20260109/20260109233525917459_250x250.jpg,https://www.interestprint.com/custom/car_seat_covers_set_of_2-4891.html
2832,2326,Men's Long Sleeve Pajama Set (Model Sets 02),Halloween Decor,17.6,69.99,52.39,74.9,,https://ipimg.interestprint.com/data/product/2326/img/20241215/20241215191214727946_250x250.jpg,https://www.interestprint.com/custom/men_s_long_sleeve_pajama_set-2326.html
2833,4351,Custom Sleeveless Sport Dress with Zipper Pocket & Inner Shorts,Women's Clothing,17.67,39.99,22.32,55.8,,https://ipimg.interestprint.com/data/product/4351/img/20250520/20250520231221349361_250x250.jpg,https://www.interestprint.com/custom/custom_sleeveless_lapel_zipper_pocket_sport_dress-4351.html
2834,4475,Stainless Steel Tumbler 20 oz | Ships from USA,U.S. Fulfillment,17.71,47.99,30.28,63.1,,https://ipimg.interestprint.com/data/product/4475/img/20260109/20260109061102904770_250x250.jpg,https://www.interestprint.com/custom/large_capacity_car_cup-4475.html
2835,4733,Custom Fitted Sheet 4-Piece Set (165x220x27 cm),Home Decor,17.8,31.99,14.19,44.4,,https://ipimg.interestprint.com/data/product/4733/img/20250921/20250921184715381877_250x250.jpg,https://www.interestprint.com/custom/custom_fitted_sheet_4_piece_set_165x220x27_cm-4733.html
2836,4731,Custom Fitted Sheet 4-Piece Set (145x215x27 cm),Home Decor,17.8,31.99,14.19,44.4,,https://ipimg.interestprint.com/data/product/4731/img/20250919/20250919023703611595_250x250.jpg,https://www.interestprint.com/custom/custom_fitted_sheet_4_piece_set_145x215x27_cm-4731.html
2837,627,Travel Bag (Black) (Model1639),Bags,17.8,65.99,48.19,73.0,,https://ipimg.interestprint.com/data/product/627/img/20170619/20170619203553316017_250x250.jpg,https://www.interestprint.com/custom/travel_bag_black_model1639-627.html
2838,178,Travel Bag (Brown) (Model 1639),Bags,17.8,65.99,48.19,73.0,,https://ipimg.interestprint.com/data/product/178/img/20150624/20150624180213687183_250x250.jpg,https://www.interestprint.com/custom/custom_waterproof_travel_bag-178.html
2839,4590,Vintage Wash Tee – Front & Back Print | Ships from USA,U.S. Fulfillment,17.81,33.99,16.18,47.6,,https://ipimg.interestprint.com/data/product/4590/img/20260109/20260109054102763623_250x250.jpg,https://www.interestprint.com/custom/vintage_wash_tee_front_back_print-4590.html
2840,2320,Women's V-Neck Short Pajama Set (ModelSets 11),Women's Clothing,17.89,44.99,27.1,60.2,,https://ipimg.interestprint.com/data/product/2320/img/20220303/20220303194409347249_250x250.jpg,https://www.interestprint.com/custom/women_s_v_neck_short_pajama_set_sets_11-2320.html
2841,4325,"3-Piece Bedding Set (1 Duvet Cover + 2 Pillow Shams) – 102""×90""",Home Decor,17.91,53.99,36.08,66.8,,https://ipimg.interestprint.com/data/product/4325/img/20250512/20250512022522500486_250x250.jpg,https://www.interestprint.com/custom/3_piece_bedding_set_1_duvet_cover_2_pillow_shams-4325.html
2842,5509,Men's Drawstring Lounge Pants Without Pockets  | Ships from USA,Christmas Gifts,17.99,29.99,12.0,40.0,,https://ipimg.interestprint.com/data/product/5509/img/20260420/20260420085721922254_250x250.jpg,https://www.interestprint.com/custom/men_s_drawstring_lounge_pants_without_pockets-5509.html
2843,5900,"Custom Shaped Pillow 20"" | Ships from USA",U.S. Fulfillment,17.99,44.99,27.0,60.0,,https://ipimg.interestprint.com/data/product/5900/img/20260630/20260630155341344739_250x250.jpg,https://www.interestprint.com/custom/custom_shaped_pillow_20_ships_from_usa-5900.html
2844,5397,"Gift Wrapping Paper-Coated Paper 120""x 22""（2 Roll） | Ships from USA",U.S. Fulfillment,17.99,38.99,21.0,53.9,,https://ipimg.interestprint.com/data/product/5397/img/20260325/20260325162517900277_250x250.jpg,https://www.interestprint.com/custom/gift_wrapping_paper_coated_paper_120_x_22_2_roll_ships_from_usa-5397.html
2845,4020,"Window Curtain 52""x63"" (2-Piece) | Ships from USA",U.S. Fulfillment,17.99,36.99,19.0,51.4,,https://ipimg.interestprint.com/data/product/4020/img/20260109/20260109184729393485_250x250.jpg,https://www.interestprint.com/custom/window_curtain_52_x63_2_piece-4020.html
2846,3131,"Art Print 24""x16"" (Pack of 4) | Ships from USA",U.S. Fulfillment,17.99,36.99,19.0,51.4,,https://ipimg.interestprint.com/data/product/3131/img/20260107/20260107215701180931_250x250.jpg,https://www.interestprint.com/custom/art_print_24_x16_pack_of_4-3131.html
2847,3130,"Art Print 16""x24"" (Pack of 4) | Ships from USA",U.S. Fulfillment,17.99,36.99,19.0,51.4,,https://ipimg.interestprint.com/data/product/3130/img/20260107/20260107215721650275_250x250.jpg,https://www.interestprint.com/custom/art_print_16_x24_pack_of_4-3130.html
2848,2756,"Beach Towel 29""x58""(NEW) | Ships from Australia",Australia Fulfillment,17.99,36.99,19.0,51.4,,https://ipimg.interestprint.com/data/product/2756/img/20260111/20260111001517789938_250x250.jpg,https://www.interestprint.com/custom/beach_towel_29_x58_au-2756.html
2849,4789,"16"" Custom Shaped Pillow (One Side Printing)",Personalized Product,17.99,31.99,14.0,43.8,,https://ipimg.interestprint.com/data/product/4789/img/20251016/20251016021454121465_250x250.png,https://www.interestprint.com/custom/custom_shaped_one_side_print_pillow_40cm-4789.html
2850,3445,Custom Embroidered White Bath Towel,Personalized Product,17.99,29.99,12.0,40.0,,https://ipimg.interestprint.com/data/product/3445/img/20240604/20240604232122215762_250x250.jpg,https://www.interestprint.com/custom/custom_embroidered_white_bath_towel-3445.html
2851,4495,Women's Tether Leg Binding Long Pajama Sets,Women's Clothing,17.99,35.99,18.0,50.0,,https://ipimg.interestprint.com/data/product/4495/img/20250710/20250710184453356542_250x250.jpg,https://www.interestprint.com/custom/custom_tether_leg_binding_long_pajamas_set-4495.html
2852,1007,Men's All Over Print Long Sleeve Shirt(Model T61),Men's Clothing,17.99,59.99,42.0,70.0,,https://ipimg.interestprint.com/data/product/1007/img/20190606/20190606005011083685_250x250.jpg,https://www.interestprint.com/custom/men_s_all_over_print_shirt_model_t61-1007.html
2853,5281,Laptop Bag with Handle 15inch,Bags,17.99,29.99,12.0,40.0,,https://ipimg.interestprint.com/data/product/5281/img/20260213/20260213182519379366_250x250.jpg,https://www.interestprint.com/custom/laptop_bag_with_handle_15inch-5281.html
2854,5282,Laptop Bag with Handle 17 inch,Bags,17.99,29.99,12.0,40.0,,https://ipimg.interestprint.com/data/product/5282/img/20260213/20260213183654616587_250x250.jpg,https://www.interestprint.com/custom/laptop_bag_with_handle_17_inch-5282.html
2855,3246,Custom Travel Bag-Large (Brown Long Patch) (Model 1736),Bags,17.99,49.99,32.0,64.0,,https://ipimg.interestprint.com/data/product/3246/img/20240429/20240429235500537636_250x250.jpg,https://www.interestprint.com/custom/large_capacity_travel_bag_large_brown_long_patch_1736-3246.html
2856,3245,Custom Travel Bag-Large (Black Long Patch) (Model 1736),Bags,17.99,49.99,32.0,64.0,,https://ipimg.interestprint.com/data/product/3245/img/20240423/20240423203642083076_250x250.jpg,https://www.interestprint.com/custom/large_capacity_travel_bag_large_black_long_patch_1736-3245.html
2857,603,Canvas Tote Bag (Model1657) (Set of 2),Bags,17.99,32.99,15.0,45.5,,https://ipimg.interestprint.com/data/product/603/img/20220308/20220308164639914987_250x250.jpg,https://www.interestprint.com/custom/canvas_tote_bag_model1657_set_of_2-603.html
2858,1242,Small Shoulder Bag(Model1710),Bags,17.99,29.99,12.0,40.0,,https://ipimg.interestprint.com/data/product/1242/img/20200728/20200728023848683113_250x250.jpg,https://www.interestprint.com/custom/small_shoulder_bag_model1710-1242.html
2859,918,Unisex Waist Bag With Front Pocket (Model 1677),Bags,17.99,49.99,32.0,64.0,,https://ipimg.interestprint.com/data/product/918/img/20190416/20190416201123987484_250x250.jpg,https://www.interestprint.com/custom/unisex_waist_bag_small_model_1677-918.html
2860,247,Cross-body Nylon Bags (Model 1633),Bags,17.99,37.99,20.0,52.6,,https://ipimg.interestprint.com/data/product/247/img/20160324/20160324205122482810_250x250.jpg,https://www.interestprint.com/custom/cross_body_nylon_bags-247.html
2861,1038,Kid's Barefoot Aqua Shoes(Model 056),Shoes,17.99,29.99,12.0,40.0,,https://ipimg.interestprint.com/data/product/1038/img/20190618/20190618045438726041_250x250.jpg,https://www.interestprint.com/custom/kid_s_shoes-1038.html
2862,4226,Spare Tire Cover with Backup Camera Hole,Accessories,17.99,36.99,19.0,51.4,,https://ipimg.interestprint.com/data/product/4226/img/20250312/20250312202940589459_250x250.jpg,https://www.interestprint.com/custom/custom_spare_tire_cover_with_backup_camera_hole_extra_large_28-4226.html
2863,4225,"Spare Tire Cover(14"")",Accessories,17.99,36.99,19.0,51.4,,https://ipimg.interestprint.com/data/product/4225/img/20250312/20250312202620966756_250x250.jpg,https://www.interestprint.com/custom/custom_spare_tire_cover_28inch-4225.html
2864,1354,Men's All Over Print Boxer Briefs(ModelL10) | Ships from Australia,Australia Fulfillment,18.0,35.99,17.99,50.0,,https://ipimg.interestprint.com/data/product/1354/img/20260110/20260110234349266705_250x250.jpg,https://www.interestprint.com/custom/men_s_all_over_print_boxer_briefs_modell10_au-1354.html
2865,1337,Men's All Over Print Boxer Briefs(ModelL34) | Ships from Australia,Australia Fulfillment,18.0,29.99,11.99,40.0,,https://ipimg.interestprint.com/data/product/1337/img/20260110/20260110234616550450_250x250.jpg,https://www.interestprint.com/custom/men_s_all_over_print_boxer_briefs_modell34_au-1337.html
2866,2316,Men's V-Neck Short Pajama Set (ModelSets 11),Men's Clothing,18.0,44.99,26.99,60.0,,https://ipimg.interestprint.com/data/product/2316/img/20220228/20220228170543668217_250x250.jpg,https://www.interestprint.com/custom/men_s_v_neck_short_pajama_set-2316.html
2867,4474,Tapered Stainless Steel Tumbler 20 oz | Ships from USA,U.S. Fulfillment,18.12,46.99,28.87,61.4,,https://ipimg.interestprint.com/data/product/4474/img/20260109/20260109060941530959_250x250.jpg,https://www.interestprint.com/custom/large_capacity_car_cup-4474.html
2868,5169,Diatomaceous Earth Bath Mat 40x60cm | Ships from USA,U.S. Fulfillment,18.18,26.99,8.81,32.6,,https://ipimg.interestprint.com/data/product/5169/img/20260120/20260120230242019089_250x250.jpg,https://www.interestprint.com/custom/diatom_mud_floor_mat-5169.html
2869,6057,Women's Drawstring Lounge Pants Without Pockets ( Model L84 ) | Ships from USA,U.S. Fulfillment,18.19,36.99,18.8,50.8,,https://ipimg.interestprint.com/data/product/6057/img/20260811/20260811163921892213_250x250.jpg,https://www.interestprint.com/custom/women_s_drawstring_lounge_pants_without_pockets_model_l84_ships_from_usa-6057.html
2870,4917,Floor-To-Ceiling Curtain 52x84inch | Ships from USA,U.S. Fulfillment,18.19,41.99,23.8,56.7,,https://ipimg.interestprint.com/data/product/4917/img/20260109/20260109182908622743_250x250.jpg,https://www.interestprint.com/custom/floor_to_ceiling_curtain_52x84inch-4917.html
2871,2815,Women's Pajama Trousers without Pockets (Model Sets 02) | Ships from USA,Halloween Decor,18.29,31.99,13.7,42.8,,https://ipimg.interestprint.com/data/product/2815/img/20260108/20260108002856768537_250x250.jpg,https://www.interestprint.com/custom/women_s_pajama_trousers_without_pockets_sets_02-2815.html
2872,5976,"Grommet Curtain 52"" x 63"" | Ships from USA",U.S. Fulfillment,18.29,36.99,18.7,50.6,,https://ipimg.interestprint.com/data/product/5976/img/20260730/20260730135059424438_250x250.jpg,https://www.interestprint.com/custom/grommet_curtain_52_x_63_ships_from_usa-5976.html
2873,5005,Kitchen Mat (45x120cm) | Ships from USA,U.S. Fulfillment,18.37,32.99,14.62,44.3,,https://ipimg.interestprint.com/data/product/5005/img/20260109/20260109033547196007_250x250.jpg,https://www.interestprint.com/custom/kitchen_mat-5005.html
2874,5846,"PVC Anti-Fatigue Mat 48"" x 24"" | Ships from USA",U.S. Fulfillment,18.49,39.99,21.5,53.8,,https://ipimg.interestprint.com/data/product/5846/img/20260618/20260618145209578209_250x250.jpg,https://www.interestprint.com/custom/pvc_anti_fatigue_mat_48_x_24_ships_from_usa-5846.html
2875,5346,"Black Framed Art Print 24"" x 16"" | Ships from USA",U.S. Fulfillment,18.49,36.99,18.5,50.0,,https://ipimg.interestprint.com/data/product/5346/img/20260311/20260311010929496383_250x250.jpg,https://www.interestprint.com/custom/black_framed_art_print_24_x_16_ships_from_usa-5346.html
2876,5341,"Black Framed Art Print 16"" x 24"" | Ships from USA",U.S. Fulfillment,18.49,36.99,18.5,50.0,,https://ipimg.interestprint.com/data/product/5341/img/20260311/20260311010608141278_250x250.jpg,https://www.interestprint.com/custom/black_framed_art_print_16_x_24_ships_from_usa-5341.html
2877,5200,Cross Back Pocket Sport Dress,Women's Clothing,18.55,37.99,19.44,51.2,,https://ipimg.interestprint.com/data/product/5200/img/20260122/20260122000620131986_250x250.jpg,https://www.interestprint.com/custom/cross_back_pocket_sport_dress-5200.html
2878,5081,Men's All Over Print Jacket,Men's Clothing,18.57,58.99,40.42,68.5,,https://ipimg.interestprint.com/data/product/5081/img/20251226/20251226001729660551_250x250.jpg,https://www.interestprint.com/custom/men_s_all_over_print_jacket-5081.html
2879,4593,Custom Pillow Case 18x18inch (One Side Printing)(Pack of 5) | Ships from USA,U.S. Fulfillment,18.59,46.99,28.4,60.4,,https://ipimg.interestprint.com/data/product/4593/img/20260110/20260110053938394026_250x250.jpg,https://www.interestprint.com/custom/custom_linen_pillow_case_18x18inch_5_pack_us02-4593.html
2880,4758,20 oz Stainless Steel Tumbler | Ships from USA,U.S. Fulfillment,18.61,39.99,21.38,53.5,,https://ipimg.interestprint.com/data/product/4758/img/20260109/20260109041009156960_250x250.jpg,https://www.interestprint.com/custom/20_oz_stainless_steel_tumbler-4758.html
2881,3158,"Custom Gift Wrapping Paper 58""x 23"" (4 Rolls) | Ships from USA",U.S. Fulfillment,18.69,29.99,11.3,37.7,,https://ipimg.interestprint.com/data/product/3158/img/20260109/20260109173348499278_250x250.jpg,https://www.interestprint.com/custom/gift_wrapping_paper_58_x_23_4_rolls-3158.html
2882,2928,"Gift Wrapping Paper 58""x 23"" (4 Rolls) | Ships from USA",U.S. Fulfillment,18.69,31.99,13.3,41.6,,https://ipimg.interestprint.com/data/product/2928/img/20260109/20260109174243577848_250x250.jpg,https://www.interestprint.com/custom/gift_wrapping_paper_58_x_23_4_rolls_us-2928.html
2883,5269,Women's Puff Sleeve Square Neck A Line Dress,Women's Clothing,18.69,35.99,17.3,48.1,,https://ipimg.interestprint.com/data/product/5269/img/20260210/20260210235119522121_250x250.jpg,https://www.interestprint.com/custom/women_s_puff_sleeve_square_neck_a_line_dress-5269.html
2884,5171,Crystal Velvet Floor Mat 50x80cm | Ships from USA,U.S. Fulfillment,18.71,33.99,15.28,45.0,,https://ipimg.interestprint.com/data/product/5171/img/20260120/20260120180150501628_250x250.jpg,https://www.interestprint.com/custom/crystal_velvet_floor_mat_50x80cm_ships_from_usa-5171.html
2885,5160,"Triptych Decorative Frame 16"" × 24""",Wall Art,18.8,33.99,15.19,44.7,,https://ipimg.interestprint.com/data/product/5160/img/20260115/20260115233248405397_250x250.jpg,https://www.interestprint.com/custom/triptych_decorative_frame_16_24-5160.html
2886,4880,Women's Flannel Pajama Trousers (Model Sets 02) | Ships from USA,Christmas Gifts,18.99,35.99,17.0,47.2,,https://ipimg.interestprint.com/data/product/4880/img/20260108/20260108002429570904_250x250.jpg,https://www.interestprint.com/custom/women_s_flannel_pajama_trousers_model_sets_02-4880.html
2887,2200,"Thick Fringe Christmas Tree Skirt 48""x48""",Christmas Gifts,18.99,28.99,10.0,34.5,,https://ipimg.interestprint.com/data/product/2200/img/20210810/20210810192317455157_250x250.jpg,https://www.interestprint.com/custom/48_x48-2200.html
2888,2450,Women's Kimono Chiffon Cover Up (Model H51),Mother's Day,18.99,28.99,10.0,34.5,,https://ipimg.interestprint.com/data/product/2450/img/20240313/20240313233528004390_250x250.jpg,https://www.interestprint.com/custom/h51-2450.html
2889,3615,Custom Photo Hand Fan (6 Packs) (Head Customization) | Ships from USA,Graduation Gifts,18.99,36.99,18.0,48.7,,https://ipimg.interestprint.com/data/product/3615/img/20260128/20260128225538769304_250x250.jpg,https://www.interestprint.com/custom/custom_photo_hand_fan_6_packs_head_customization_made_in_queen-3615.html
2890,2816,Men's Pajama Trousers without Pockets (Model Sets 02) | Ships from USA,Father's Day,18.99,35.99,17.0,47.2,,https://ipimg.interestprint.com/data/product/2816/img/20260108/20260108002757494561_250x250.jpg,https://www.interestprint.com/custom/men_s_pajama_trousers_without_pockets_sets_02-2816.html
2891,5901,"Custom Shaped Pillow 22"" | Ships from USA",U.S. Fulfillment,18.99,46.99,28.0,59.6,,https://ipimg.interestprint.com/data/product/5901/img/20260630/20260630155030150260_250x250.jpg,https://www.interestprint.com/custom/custom_shaped_pillow_22_ships_from_usa-5901.html
2892,5369,"Gift Wrapping Paper-Coated Paper 58""x 22""（4 Roll） | Ships from USA",U.S. Fulfillment,18.99,37.99,19.0,50.0,,https://ipimg.interestprint.com/data/product/5369/img/20260317/20260317011647301065_250x250.jpg,https://www.interestprint.com/custom/gift_wrapping_paper_coated_paper_58_x_22_4_roll_ships_from_usa-5369.html
2893,5145,Custom Flannel Fitted Sheet 39 x 75 x 15 inch | Ships from USA,U.S. Fulfillment,18.99,49.99,31.0,62.0,,https://ipimg.interestprint.com/data/product/5145/img/20260111/20260111230019646113_250x250.jpg,https://www.interestprint.com/custom/custom_flannel_fitted_sheet_39_x_75_x_15_inch_ships_from_usa-5145.html
2894,4808,"Sofa Cushion Cover (25"" x 27.5"" x 8"")(Pack of 3) | Ships from USA",U.S. Fulfillment,18.99,48.99,30.0,61.2,,https://ipimg.interestprint.com/data/product/4808/img/20260107/20260107225354698934_250x250.jpg,https://www.interestprint.com/custom/sofa_cushion_cover_25_x_27_5_x_8_pack_of_3-4808.html
2895,1321,Men's Long Sleeve T-shirt(ModelT08) | Ships from Australia,Australia Fulfillment,18.99,29.99,11.0,36.7,,https://ipimg.interestprint.com/data/product/1321/img/20260111/20260111002629085075_250x250.jpg,https://www.interestprint.com/custom/men_s_long_sleeve_t_shirt_modelt08_au-1321.html
2896,2811,Women's Pajama Trousers without Pockets (Model Sets 02),Women's Clothing,18.99,28.99,10.0,34.5,,https://ipimg.interestprint.com/data/product/2811/img/20231011/20231011201043774017_250x250.jpg,https://www.interestprint.com/custom/women_s_pajama_trousers_without_pockets_sets_02-2811.html
2897,2279,Girls' Long Sleeve Dress (ModelD59),Kid's Clothing,18.99,29.99,11.0,36.7,,https://ipimg.interestprint.com/data/product/2279/img/20211227/20211227185910522514_250x250.jpg,https://www.interestprint.com/custom/d59-2279.html
2898,3258,Custom Travel Bag-Large (Black Short Patch)(Model 1735),Bags,18.99,52.99,34.0,64.2,,https://ipimg.interestprint.com/data/product/3258/img/20240423/20240423191814761428_250x250.jpg,https://www.interestprint.com/custom/leather_travel_bag_large_short_patch-3258.html
2899,1056,"Car Sun Shade(28"" x 28"")(Small)(Two Pieces)",Accessories,18.99,39.99,21.0,52.5,,https://ipimg.interestprint.com/data/product/1056/img/20190717/20190717183238858902_250x250.jpg,https://www.interestprint.com/custom/auto_sun_shade_small_28_35_x_28_35_0-1056.html
2900,4870,Men’s Short-Sleeve Rash Guard | Ships from USA,U.S. Fulfillment,19.0,35.99,16.99,47.2,,https://ipimg.interestprint.com/data/product/4870/img/20260109/20260109035048632467_250x250.jpg,https://www.interestprint.com/custom/men_s_short_sleeve_rash_guard-4870.html
2901,799,Women's All Over Print Casual Jacket (Model H19),Women's Clothing,19.0,47.99,28.99,60.4,,https://ipimg.interestprint.com/data/product/799/img/20180412/20180412015602641482_250x250.png,https://www.interestprint.com/custom/women_s_all_over_print_jacket_model_h19-799.html
2902,4980,"Frame Canvas Print 30"" x 20"" | Ships from USA",U.S. Fulfillment,19.09,47.99,28.9,60.2,,https://ipimg.interestprint.com/data/product/4980/img/20260109/20260109004752590046_250x250.jpg,https://www.interestprint.com/custom/frame_canvas_print_30_x_20-4980.html
2903,4935,"Frame Canvas Print 20"" x 30"" | Ships from USA",U.S. Fulfillment,19.09,47.99,28.9,60.2,,https://ipimg.interestprint.com/data/product/4935/img/20260109/20260109010439579357_250x250.jpg,https://www.interestprint.com/custom/frame_canvas_print_20_x_30-4935.html
2904,5175,Half-Zip Backless Sport Jumpsuit,Women's Clothing,19.37,39.99,20.62,51.6,,https://ipimg.interestprint.com/data/product/5175/img/20260121/20260121012226348512_250x250.jpg,https://www.interestprint.com/custom/half_zip_backless_sport_jumpsuit-5175.html
2905,4869,Girls' One-Piece Swimsuit  | Ships from USA,U.S. Fulfillment,19.41,35.99,16.58,46.1,,https://ipimg.interestprint.com/data/product/4869/img/20260109/20260109035319387403_250x250.jpg,https://www.interestprint.com/custom/girls_one_piece_swimsuit-4869.html
2906,5143,Rectangular Tablecloth 158x60inch | Ships from USA,Wedding & Party Decor,19.49,39.99,20.5,51.3,,https://ipimg.interestprint.com/data/product/5143/img/20260111/20260111225930699966_250x250.jpg,https://www.interestprint.com/custom/rectangular_tablecloth_158x60inch_ships_from_usa-5143.html
2907,1428,Women's Padded Vest(ModelH44),Women's Clothing,19.49,39.99,20.5,51.3,,https://ipimg.interestprint.com/data/product/1428/img/20210303/20210303014015721029_250x250.jpg,https://www.interestprint.com/custom/women_s_padded_vest_h44-1428.html
2908,1463,"Rectangle Pillow Cases 20""x36""(One Side)(Pack of 2)",Home Decor,19.49,29.99,10.5,35.0,,https://ipimg.interestprint.com/data/product/1463/img/20220223/20220223224301820804_250x250.jpg,https://www.interestprint.com/custom/custom_rectangle_pillow_cases_20x36_one_side_pack_of_2-1463.html
2909,4478,Full Set Car Seat Cover Set,Accessories,19.75,59.99,40.24,67.1,,https://ipimg.interestprint.com/data/product/4478/img/20250701/20250701191543076817_250x250.jpg,https://www.interestprint.com/custom/car_seat_cover_set-4478.html
2910,4735,Girls' Ruffle One-Piece Swimsuit | Ships from USA,U.S. Fulfillment,19.82,39.99,20.17,50.4,,https://ipimg.interestprint.com/data/product/4735/img/20260109/20260109045517305032_250x250.jpg,https://www.interestprint.com/custom/girls_ruffle_one_piece_swimsuit-4735.html
2911,4757,30oz Travel Tumbler | Ships from USA,U.S. Fulfillment,19.84,40.99,21.15,51.6,,https://ipimg.interestprint.com/data/product/4757/img/20260109/20260109044658674499_250x250.jpg,https://www.interestprint.com/custom/30oz_travel_tumbler-4757.html
2912,4326,Personalized Round Neck Belted Maxi Dress,Women's Clothing,19.88,39.99,20.11,50.3,,https://ipimg.interestprint.com/data/product/4326/img/20250519/20250519192108284846_250x250.jpg,https://www.interestprint.com/custom/custom_long_sleeve_dress_with_belt-4326.html
2913,4348,V Neck Short Sleeve Ruffle Hem Split Long Dress,Women's Clothing,19.95,42.99,23.04,53.6,,https://ipimg.interestprint.com/data/product/4348/img/20250519/20250519232658143373_250x250.jpg,https://www.interestprint.com/custom/custom_v_neck_short_sleeve_ruffle_hem_split_long_dress-4348.html
2914,415,All-Over Leggings (With Model Shows) (Model L01),Women's Clothing,19.95,49.99,30.04,60.1,,https://ipimg.interestprint.com/data/product/415/img/20170605/20170605232716983653_250x250.jpg,https://www.interestprint.com/custom/women_s_leggings-415.html
2915,3535,Custom Men's Pajama Trousers without Pockets(Model Sets 02)  | Ships from USA,Halloween Decor,19.99,31.99,12.0,37.5,,https://ipimg.interestprint.com/data/product/3535/img/20260108/20260108002654844264_250x250.jpg,https://www.interestprint.com/custom/men_s_pajama_trousers_without_pockets-3535.html
2916,4866,Men's Flannel Pajama Trousers (Model Sets 02) | Ships from USA,Christmas Gifts,19.99,35.99,16.0,44.5,,https://ipimg.interestprint.com/data/product/4866/img/20260108/20260108002512615436_250x250.jpg,https://www.interestprint.com/custom/men_s_flannel_pajama_trousers_model_sets_02-4866.html
2917,4453,Kisslock Crossbody Shoulder Bag(Model 1752),Valentine's Day,19.99,41.99,22.0,52.4,,https://ipimg.interestprint.com/data/product/4453/img/20250625/20250625185545882001_250x250.jpg,https://www.interestprint.com/custom/custom_kisslock_crossbody_shoulder_bag_model_1752-4453.html
2918,2773,Women's Beach Cover Up,Summer Holiday,19.99,29.99,10.0,33.3,,https://ipimg.interestprint.com/data/product/2773/img/20230612/20230612200453806287_250x250.jpg,https://www.interestprint.com/custom/women_s_beach_cover_up-2773.html
2919,5996,Custom Mousepad (Rounded Corners) 45 x 120cm | Ships from USA,U.S. Fulfillment,19.99,39.99,20.0,50.0,,https://ipimg.interestprint.com/data/product/5996/img/20260721/20260721163750887329_250x250.jpg,https://www.interestprint.com/custom/custom_mousepad_rounded_corners_45_x_120cm_ships_from_usa-5996.html
2920,5406,Car Seat Covers (Set of 2) | Ships from USA,U.S. Fulfillment,19.99,59.99,40.0,66.7,,https://ipimg.interestprint.com/data/product/5406/img/20260330/20260330134543022142_250x250.jpg,https://www.interestprint.com/custom/car_seat_cover_ships_from_usa-5406.html
2921,5247,Women's V-Neck Short Pajama Set (Model Sets 11) | Shipped from USA,U.S. Fulfillment,19.99,55.99,36.0,64.3,,https://ipimg.interestprint.com/data/product/5247/img/20260204/20260204175939252154_250x250.jpg,https://www.interestprint.com/custom/women_s_v_neck_short_pajama_set_model_sets_11_shipped_from_usa-5247.html
2922,4263,60x18 inch Area Rug with Black Binding | Ships from USA,U.S. Fulfillment,19.99,35.99,16.0,44.5,,https://ipimg.interestprint.com/data/product/4263/img/20260110/20260110052423928415_250x250.jpg,https://www.interestprint.com/custom/60x18_inch_area_rug_with_black_binding-4263.html
2923,3159,"Custom Gift Wrapping Paper 58""x 23"" (5 Rolls) | Ships from USA",U.S. Fulfillment,19.99,32.99,13.0,39.4,,https://ipimg.interestprint.com/data/product/3159/img/20260109/20260109173135569460_250x250.jpg,https://www.interestprint.com/custom/gift_wrapping_paper_58_x_23_5_rolls-3159.html
2924,3133,"Art Print 24""x20""(Pack of 4) | Ships from USA",U.S. Fulfillment,19.99,39.99,20.0,50.0,,https://ipimg.interestprint.com/data/product/3133/img/20260107/20260107215555883795_250x250.jpg,https://www.interestprint.com/custom/art_print_24_x20_pack_of_4-3133.html
2925,3132,"Art Print 20""x24""(Pack of 4) | Ships from USA",U.S. Fulfillment,19.99,39.99,20.0,50.0,,https://ipimg.interestprint.com/data/product/3132/img/20260107/20260107215625354649_250x250.jpg,https://www.interestprint.com/custom/art_print_20_x24_pack_of_4-3132.html
2926,3005,Women's Jeans (Front Printing) | Ships from USA,U.S. Fulfillment,19.99,38.99,19.0,48.7,,https://ipimg.interestprint.com/data/product/3005/img/20260109/20260109200456404852_250x250.jpg,https://www.interestprint.com/custom/women_s_jeans_front_printing-3005.html
2927,3004,Women's Jeans (Back Printing) | Ships from USA,U.S. Fulfillment,19.99,38.99,19.0,48.7,,https://ipimg.interestprint.com/data/product/3004/img/20260109/20260109200418604484_250x250.jpg,https://www.interestprint.com/custom/women_s_jeans_back_printing-3004.html
2928,2929,"Gift Wrapping Paper 58""x 23"" (5 Rolls)| Ships from USA",U.S. Fulfillment,19.99,37.99,18.0,47.4,,https://ipimg.interestprint.com/data/product/2929/img/20260109/20260109174104848692_250x250.jpg,https://www.interestprint.com/custom/gift_wrapping_paper_us_fulfllment-2929.html
2929,2309,Women's All Over Print High-cut Briefs (ModelL14) | Ships from Australia,Australia Fulfillment,19.99,29.99,10.0,33.3,,https://ipimg.interestprint.com/data/product/2309/img/20260110/20260110233908470692_250x250.jpg,https://www.interestprint.com/custom/women_s_all_over_print_high_cut_briefs_modell14_au-2309.html
2930,3408,Custom Embroidered Knitted Baby Blanket,Personalized Product,19.99,31.99,12.0,37.5,,https://ipimg.interestprint.com/data/product/3408/img/20240528/20240528230637715628_250x250.png,https://www.interestprint.com/custom/custom_embroidered_knitted_baby_blanket-3408.html
2931,1140,"Custom Shaped Pillow (20"")",Personalized Product,19.99,29.99,10.0,33.3,,https://ipimg.interestprint.com/data/product/1140/img/20200318/20200318015158778021_250x250.jpg,https://www.interestprint.com/custom/custom_pet_shaped_pillow_20-1140.html
2932,1709,Women's All Over Print Polo Shirt (ModelT55),Women's Clothing,19.99,29.99,10.0,33.3,,https://ipimg.interestprint.com/data/product/1709/img/20210427/20210427190115279727_250x250.jpg,https://www.interestprint.com/custom/women_s_all_over_print_polo_shirt_model_t55-1709.html
2933,1085,Women's Rib Cuff Crew Neck Sweatshirt (H34),Women's Clothing,19.99,49.99,30.0,60.0,,https://ipimg.interestprint.com/data/product/1085/img/20191006/20191006102710456098_250x250.jpg,https://www.interestprint.com/custom/women_s_rib_cuff_crew_neck_sweatshirt_h34-1085.html
2934,2514,Women's All Over Print Pajama Trousers (Model Sets 07),Women's Clothing,19.99,29.99,10.0,33.3,,https://ipimg.interestprint.com/data/product/2514/img/20220816/20220816191338039470_250x250.jpg,https://www.interestprint.com/custom/sets_07-2514.html
2935,405,Sleeveless Open Fork Long Dress (Model D08),Women's Clothing,19.99,39.99,20.0,50.0,,https://ipimg.interestprint.com/data/product/405/img/20250721/20250721201146041385_250x250.jpg,https://www.interestprint.com/custom/sleeveless_open_fork_long_dress-405.html
2936,2453,Off Shoulder Knot Front Blouse Top (Model T71),Women's Clothing,19.99,29.99,10.0,33.3,,https://ipimg.interestprint.com/data/product/2453/img/20220708/20220708020930597649_250x250.jpg,https://www.interestprint.com/custom/t71-2453.html
2937,5235,Men's Lightweight Outdoor Hoodie & Shorts Set (Model Sets 34),Men's Clothing,19.99,38.99,19.0,48.7,,https://ipimg.interestprint.com/data/product/5235/img/20260201/20260201223752991870_250x250.jpg,https://www.interestprint.com/custom/men_s_lightweight_sun_hoodie_shorts_model_sets_34-5235.html
2938,3479,Custom Men's Pajama Trousers with Pockets (Model Sets 02),Men's Clothing,19.99,30.99,11.0,35.5,,https://ipimg.interestprint.com/data/product/3479/img/20240612/20240612002125500783_250x250.jpg,https://www.interestprint.com/custom/men_s_pajama_trousers_with_pockets-3479.html
2939,2364,Big Girls' Short Pajama Set (ModelSets 01),Kid's Clothing,19.99,29.99,10.0,33.3,,https://ipimg.interestprint.com/data/product/2364/img/20220331/20220331231232911545_250x250.jpg,https://www.interestprint.com/custom/sets01-2364.html
2940,4954,Big Girls' Crew Neck Pajama Set (Model Sets 31),Kid's Clothing,19.99,38.99,19.0,48.7,,https://ipimg.interestprint.com/data/product/4954/img/20251110/20251110214852728865_250x250.jpg,https://www.interestprint.com/custom/big_girls_crew_neck_pajama_set_sets_31-4954.html
2941,4953,Little Boys' V-Neck Pajama Set (Model Sets 32),Kid's Clothing,19.99,38.99,19.0,48.7,,https://ipimg.interestprint.com/data/product/4953/img/20251112/20251112215626769297_250x250.jpg,https://www.interestprint.com/custom/little_boys_v_neck_pajama_set_sets_32-4953.html
2942,4951,Little Girls' V-Neck Pajama Set (Model Sets 32),Kid's Clothing,19.99,38.99,19.0,48.7,,https://ipimg.interestprint.com/data/product/4951/img/20251111/20251111232434093535_250x250.jpg,https://www.interestprint.com/custom/little_girls_v_neck_pajama_set_sets_32-4951.html
2943,1255,Kid's All Over Print Bomber Jacket(ModelH40),Kid's Clothing,19.99,49.99,30.0,60.0,,https://ipimg.interestprint.com/data/product/1255/img/20200810/20200810193725510157_250x250.jpg,https://www.interestprint.com/custom/kids_aop_bomber_jacket_h40-1255.html
2944,2543,Kids' Bomber Jacket with Pockets (Model H40),Kid's Clothing,19.99,52.99,33.0,62.3,,https://ipimg.interestprint.com/data/product/2543/img/20220905/20220905230203566451_250x250.jpg,https://www.interestprint.com/custom/h40-2543.html
2945,2276,"Kitchen Mat 28""x17""",Home Decor,19.99,29.99,10.0,33.3,,https://ipimg.interestprint.com/data/product/2276/img/20211221/20211221165634297518_250x250.jpg,https://www.interestprint.com/custom/71x43_5_cm-2276.html
2946,4281,Round Messenger Bag-Large(Model 1647),Bags,19.99,36.99,17.0,46.0,,https://ipimg.interestprint.com/data/product/4281/img/20250411/20250411020606543745_250x250.jpg,https://www.interestprint.com/custom/custom_round_messenger_bag_large_10x10inch_model_1647-4281.html
2947,3655,Custom Canvas Handbag-Khaki Handle (Model 1746),Bags,19.99,32.99,13.0,39.4,,https://ipimg.interestprint.com/data/product/3655/img/20241215/20241215190716763740_250x250.jpg,https://www.interestprint.com/custom/custom_canvas_handbag_khaki_handle_model_1746-3655.html
2948,3654,Custom Canvas Handbag-Black Handle (Model 1746),Bags,19.99,32.99,13.0,39.4,,https://ipimg.interestprint.com/data/product/3654/img/20240716/20240716024618029384_250x250.jpg,https://www.interestprint.com/custom/custom_boston_canvas_handbag_black_handle_model_1746-3654.html
2949,3653,Custom Handbag-Khaki Handle (Model 1746),Bags,19.99,32.99,13.0,39.4,,https://ipimg.interestprint.com/data/product/3653/img/20240716/20240716192331255609_250x250.jpg,https://www.interestprint.com/custom/custom_boston_handbag_khaki_handle_1746-3653.html
2950,3652,Custom Handbag-Black Handle (Model 1746),Bags,19.99,32.99,13.0,39.4,,https://ipimg.interestprint.com/data/product/3652/img/20240716/20240716191812062906_250x250.jpg,https://www.interestprint.com/custom/boston_leather_handbag_black_handle_1746-3652.html
2951,1037,Women's Barefoot Aqua Shoes(Model 056),Shoes,19.99,29.99,10.0,33.3,,https://ipimg.interestprint.com/data/product/1037/img/20190618/20190618045452825592_250x250.jpg,https://www.interestprint.com/custom/women_s_shoes-1037.html
2952,1036,Men's Barefoot Aqua Shoes(Model 056),Shoes,19.99,29.99,10.0,33.3,,https://ipimg.interestprint.com/data/product/1036/img/20190618/20190618045508156784_250x250.jpg,https://www.interestprint.com/custom/men_s_shoes_model_056-1036.html
2953,4179,Double Layer Fleece Zippered Hoodie,Men's Clothing,20.0,41.99,21.99,52.4,,https://ipimg.interestprint.com/data/product/4179/img/20250223/20250223215037102397_250x250.jpg,https://www.interestprint.com/custom/double_layer_fleece_zippered_hoodie-4179.html
2954,4871,Men’s Long-Sleeve Rash Guard | Ships from USA,U.S. Fulfillment,20.03,36.99,16.96,45.9,,https://ipimg.interestprint.com/data/product/4871/img/20260109/20260109034742143577_250x250.jpg,https://www.interestprint.com/custom/men_s_long_sleeve_rash_guard-4871.html
2955,5011,Kitchen Mat (45x152cm) | Ships from USA,U.S. Fulfillment,20.21,36.99,16.78,45.4,,https://ipimg.interestprint.com/data/product/5011/img/20260111/20260111020355328587_250x250.jpg,https://www.interestprint.com/custom/kitchen_mat_45x152cm_us-5011.html
2956,4492,Women's Long Sleeve Satin Pajama Set,Women's Clothing,20.27,61.99,41.72,67.3,,https://ipimg.interestprint.com/data/product/4492/img/20250710/20250710022353495841_250x250.jpg,https://www.interestprint.com/custom/long_sleeve_satin_pajamas_set-4492.html
2957,5772,Sleeveless A-Line Pocket Dress （Model D57）| Ships from USA,U.S. Fulfillment,20.49,39.99,19.5,48.8,,https://ipimg.interestprint.com/data/product/5772/img/20260604/20260604171134367026_250x250.jpg,https://www.interestprint.com/custom/sleeveless_a_line_pocket_dress_model_d57_ships_from_usa-5772.html
2958,5737,Women's Crew Neck Short Sleeve Dress （Model D76）| Ships from USA,U.S. Fulfillment,20.49,36.99,16.5,44.6,,https://ipimg.interestprint.com/data/product/5737/img/20260529/20260529174704447920_250x250.jpg,https://www.interestprint.com/custom/women_s_crew_neck_short_sleeve_dress_model_d76_ships_from_usa-5737.html
2959,6099,Men's Single‑button Blazer,Men's Clothing,20.53,42.99,22.46,52.2,,https://ipimg.interestprint.com/data/product/6099/img/20260820/20260820150742071806_250x250.jpg,https://www.interestprint.com/custom/men_s_single_button_blazer-6099.html
2960,5173,Diatomaceous Earth Bath Mat 50x80cm | Ships from USA,U.S. Fulfillment,20.84,29.99,9.15,30.5,,https://ipimg.interestprint.com/data/product/5173/img/20260120/20260120230226344535_250x250.jpg,https://www.interestprint.com/custom/diatomaceous_earth_bath_mat_50x80cm_ships_from_usa-5173.html
2961,2296,Women's All Over Print Fleece Robe (ModelSets 10),Valentine's Day,20.99,49.99,29.0,58.0,,https://ipimg.interestprint.com/data/product/2296/img/20241215/20241215191549668998_250x250.jpg,https://www.interestprint.com/custom/women_s_all_over_print_fleece_robe_sets_10-2296.html
2962,3641,"Heart-Shaped Flower Shadow Box 10""-Pink",Mother's Day,20.99,30.99,10.0,32.3,,https://ipimg.interestprint.com/data/product/3641/img/20240714/20240714202059891859_250x250.jpg,https://www.interestprint.com/custom/heart_shaped_flower_shadow_box_10_pink-3641.html
2963,3643,"Heart-Shaped Flower Shadow Box 10""-Blue",Mother's Day,20.99,30.99,10.0,32.3,,https://ipimg.interestprint.com/data/product/3643/img/20240715/20240715001035488036_250x250.jpg,https://www.interestprint.com/custom/heart_shaped_flower_shadow_box_10_blue-3643.html
2964,2908,Spare Tire Cover with Backup Camera Hole (Small),Summer Holiday,20.99,49.99,29.0,58.0,,https://ipimg.interestprint.com/data/product/2908/img/20231012/20231012224407096102_250x250.jpg,https://www.interestprint.com/custom/spare_tire_cover_with_backup_camera_hole_small-2908.html
2965,5902,"Custom Shaped Pillow 24"" | Ships from USA",U.S. Fulfillment,20.99,47.99,27.0,56.3,,https://ipimg.interestprint.com/data/product/5902/img/20260630/20260630154943413038_250x250.jpg,https://www.interestprint.com/custom/custom_shaped_pillow_24_ships_from_usa-5902.html
2966,5717,"Cotton Linen House Flag 36"" x 60"" (Two Sides) | Ships from USA",U.S. Fulfillment,20.99,42.99,22.0,51.2,,https://ipimg.interestprint.com/data/product/5717/img/20260526/20260526152242329350_250x250.jpg,https://www.interestprint.com/custom/cotton_linen_house_flag_36_x_60_two_sides_ships_from_usa-5717.html
2967,4826,Chair Cover (Pack of 4)  | Ships from USA,U.S. Fulfillment,20.99,37.99,17.0,44.7,,https://ipimg.interestprint.com/data/product/4826/img/20260107/20260107224912952212_250x250.jpg,https://www.interestprint.com/custom/chair_cover_pack_of4-4826.html
2968,3928,Custom Women's Pajama Trousers without Pockets (Model Sets 02) | Ships from USA,U.S. Fulfillment,20.99,31.99,11.0,34.4,,https://ipimg.interestprint.com/data/product/3928/img/20260108/20260108002617409925_250x250.jpg,https://www.interestprint.com/custom/custom_women_s_pajama_trousers_without_pockets_sets_02_que-3928.html
2969,4776,Custom Pillow Case 18x18inch (One Side Printing)(Pack of 3) | Ships from Australia,Australia Fulfillment,20.99,39.99,19.0,47.5,,https://ipimg.interestprint.com/data/product/4776/img/20260111/20260111004602001663_250x250.jpg,https://www.interestprint.com/custom/custom_pillow_case_18x18inch_one_side_printing_pack_of_3_au-4776.html
2970,4790,"20"" Custom Shaped Pillow (One Side Printing)",Personalized Product,20.99,41.99,21.0,50.0,,https://ipimg.interestprint.com/data/product/4790/img/20251016/20251016184724828740_250x250.png,https://www.interestprint.com/custom/custom_shaped_one_side_print_pillow_50cm-4790.html
2971,4786,"16"" Custom Shaped Pillow (Two-Sided Printing)",Personalized Product,20.99,28.99,8.0,27.6,,https://ipimg.interestprint.com/data/product/4786/img/20251016/20251016013603526608_250x250.png,https://www.interestprint.com/custom/custom_shaped_twin_side_print_pillow-4786.html
2972,3475,Personalized Acrylic Photo Night Light,Personalized Product,20.99,31.99,11.0,34.4,,https://ipimg.interestprint.com/data/product/3475/img/20240611/20240611021032209231_250x250.jpg,https://www.interestprint.com/custom/personalized_acrylic_photo_night_light-3475.html
2973,1160,"Custom Shaped Pillow(20"")(Two-Sided Printing)",Personalized Product,20.99,31.99,11.0,34.4,,https://ipimg.interestprint.com/data/product/1160/img/20200510/20200510201336786894_250x250.jpg,https://www.interestprint.com/custom/custom_pet_shaped_pillow_20-1160.html
2974,5050,Custom Unisex US Size Sweater(New),Men's Clothing,20.99,35.99,15.0,41.7,,https://ipimg.interestprint.com/data/product/5050/img/20251215/20251215221204709951_250x250.jpg,https://www.interestprint.com/custom/personalized_us_size_sweater_new-5050.html
2975,1352,Men's Long Sleeve T-shirt(ModelT51),Men's Clothing,20.99,39.99,19.0,47.5,,https://ipimg.interestprint.com/data/product/1352/img/20201116/20201116024758933874_250x250.jpg,https://www.interestprint.com/custom/men_s_long_sleeve_t_shirt_modelt51-1352.html
2976,2814,Men's Pajama Trousers without Pockets (Model Sets 02),Men's Clothing,20.99,31.99,11.0,34.4,,https://ipimg.interestprint.com/data/product/2814/img/20231011/20231011200930452193_250x250.jpg,https://www.interestprint.com/custom/men_s_pajama_trousers_without_pockets_sets_02-2814.html
2977,4956,Big Boys' Crew Neck Pajama Set (Model Sets 31),Kid's Clothing,20.99,39.99,19.0,47.5,,https://ipimg.interestprint.com/data/product/4956/img/20251116/20251116191911608100_250x250.jpg,https://www.interestprint.com/custom/big_boys_crew_neck_pajama_set_sets_31-4956.html
2978,3642,"Heart-Shaped Flower Shadow Box 10""-Red",Home Decor,20.99,30.99,10.0,32.3,,https://ipimg.interestprint.com/data/product/3642/img/20241215/20241215192946243552_250x250.jpg,https://www.interestprint.com/custom/heart_shaped_flower_shadow_box_10_red-3642.html
2979,4791,Custom Cotton Slippers,Shoes,20.99,32.99,12.0,36.4,,https://ipimg.interestprint.com/data/product/4791/img/20251008/20251008194841785718_250x250.jpg,https://www.interestprint.com/custom/cotton_slippers-4791.html
2980,3152,"Custom Gift Wrapping Paper 58""x 22.5"" (3 Rolls)",Accessories,20.99,31.99,11.0,34.4,,https://ipimg.interestprint.com/data/product/3152/img/20240410/20240410013548342766_250x250.jpg,https://www.interestprint.com/custom/gift_wrapping_paper_58_x_23_3_rolls-3152.html
2981,1093,"Spare Tire Cover(Small)(15"")",Accessories,20.99,49.99,29.0,58.0,,https://ipimg.interestprint.com/data/product/1093/img/20240109/20240109193451224263_250x250.jpg,https://www.interestprint.com/custom/spare_tire_cover_small-1093.html
2982,1103,"Gift Wrapping Paper 58""x 22.5""(3 Rolls)",Accessories,20.99,45.99,25.0,54.4,,https://ipimg.interestprint.com/data/product/1103/img/20191109/20191109024055744838_250x250.jpg,https://www.interestprint.com/custom/gift_wrapping_paper_58_x_23_3_rolls-1103.html
2983,618,All-Over Low Rise Leggings (Model L05),Women's Clothing,21.0,49.99,28.99,58.0,,https://ipimg.interestprint.com/data/product/618/img/20170611/20170611190505073414_250x250.jpg,https://www.interestprint.com/custom/all_over_leggings_model_l05-618.html
2984,746,Men's All Over Print Casual Jacket (Model H19),Men's Clothing,21.0,49.99,28.99,58.0,,https://ipimg.interestprint.com/data/product/746/img/20180102/20180102230538970841_250x250.jpg,https://www.interestprint.com/custom/men_s_all_over_print_jacket-746.html
2985,4594,Custom Pillow Case 18x18inch (One Side Printing)(Pack of 6) | Ships from USA,U.S. Fulfillment,21.59,46.99,25.4,54.1,,https://ipimg.interestprint.com/data/product/4594/img/20260110/20260110053758696526_250x250.jpg,https://www.interestprint.com/custom/custom_linen_pillow_case_18x18inch_6_pack_us02-4594.html
2986,4779,Custom Pillow Case 18x18inch (One Side Printing)(Pack of 4) | Ships from Australia,Australia Fulfillment,21.59,42.99,21.4,49.8,,https://ipimg.interestprint.com/data/product/4779/img/20260111/20260111004254739556_250x250.jpg,https://www.interestprint.com/custom/custom_pillow_case_18x18inch_one_side_printing_pack_of_4_au-4779.html
2987,4729,Women's Patch Pocket Fleece Jacket,Women's Clothing,21.64,55.99,34.35,61.4,,https://ipimg.interestprint.com/data/product/4729/img/20250919/20250919011703146224_250x250.jpg,https://www.interestprint.com/custom/women_s_patch_pocket_fleece_jacket-4729.html
2988,5186,Front Zip Racer Back Sports Skirt & Shorts Set,Women's Clothing,21.75,31.99,10.24,32.0,,https://ipimg.interestprint.com/data/product/5186/img/20260120/20260120223827250775_250x250.jpg,https://www.interestprint.com/custom/front_zip_racer_back_sports_skirt_shorts_set-5186.html
2989,5977,"Grommet Curtain 42"" x 84"" ( 1 Piece ) | Ships from USA",U.S. Fulfillment,21.79,42.99,21.2,49.3,,https://ipimg.interestprint.com/data/product/5977/img/20260716/20260716162400946790_250x250.jpg,https://www.interestprint.com/custom/grommet_curtain_42_x_84_1_piece_ships_from_usa-5977.html
2990,3987,Custom Mini Travel Bag-Khaki Handle (Model 1749),Valentine's Day,21.99,35.99,14.0,38.9,,https://ipimg.interestprint.com/data/product/3987/img/20241117/20241117190411931846_250x250.jpg,https://www.interestprint.com/custom/custom_mini_travel_bag_khaki_1749-3987.html
2991,2445,Mid-Length Side Slits Chiffon Cover Up (Model H50),Mother's Day,21.99,32.99,11.0,33.3,,https://ipimg.interestprint.com/data/product/2445/img/20240313/20240313233446307063_250x250.jpg,https://www.interestprint.com/custom/h50-2445.html
2992,2972,Women's Wide Leg Lounge Pants (Model L77),Mother's Day,21.99,32.99,11.0,33.3,,https://ipimg.interestprint.com/data/product/2972/img/20240313/20240313233352637126_250x250.jpg,https://www.interestprint.com/custom/abc-2972.html
2993,5969,"Sherpa Fleece Blanket 50"" x 60"" | Ships from USA",U.S. Fulfillment,21.99,40.99,19.0,46.4,,https://ipimg.interestprint.com/data/product/5969/img/20260715/20260715172437964072_250x250.jpg,https://www.interestprint.com/custom/sherpa_fleece_blanket_50_x_60_ships_from_usa-5969.html
2994,5617,"Linen Throw Pillow 18"" x 18""（Customized Separately in Sets of 4） | Ships from USA",U.S. Fulfillment,21.99,44.99,23.0,51.1,,https://ipimg.interestprint.com/data/product/5617/img/20260513/20260513164247969038_250x250.jpg,https://www.interestprint.com/custom/linen_pillow_18_x_18_customized_separately_in_sets_of_4_ships_from_usa-5617.html
2995,5616,"Linen Throw Pillow 18"" x 18"" (Set of 4) | Ships from USA",U.S. Fulfillment,21.99,44.99,23.0,51.1,,https://ipimg.interestprint.com/data/product/5616/img/20260513/20260513164136164908_250x250.jpg,https://www.interestprint.com/custom/linen_pillow_18_x_18_set_of_4_ships_from_usa-5616.html
2996,5370,"Gift Wrapping Paper-Coated Paper 58""x 22""（5 Roll） | Ships from USA",U.S. Fulfillment,21.99,41.99,20.0,47.6,,https://ipimg.interestprint.com/data/product/5370/img/20260317/20260317011728092337_250x250.jpg,https://www.interestprint.com/custom/gift_wrapping_paper_coated_paper_58_x_22_5_roll_ships_from_usa-5370.html
2997,4820,Custom Chair Cover (Pack of 3) | Ships from USA,U.S. Fulfillment,21.99,37.99,16.0,42.1,,https://ipimg.interestprint.com/data/product/4820/img/20260107/20260107224756826634_250x250.jpg,https://www.interestprint.com/custom/custom_chair_cover_pack_of_3-4820.html
2998,4811,"Sofa Cushion Cover (50"" x 27.5"" x 8"")(Pack of 3) | Ships from USA",U.S. Fulfillment,21.99,54.99,33.0,60.0,,https://ipimg.interestprint.com/data/product/4811/img/20260107/20260107225208990441_250x250.jpg,https://www.interestprint.com/custom/sofa_cushion_cover_50_x_27_5_x_8_pack_of_3-4811.html
2999,3609,Custom Photo Hand Fan (6 Packs) (Head Customization),Personalized Product,21.99,36.99,15.0,40.6,,https://ipimg.interestprint.com/data/product/3609/img/20240710/20240710021927640760_250x250.jpg,https://www.interestprint.com/custom/custom_photo_hand_fan_6_pack-3609.html
3000,5220,Custom Women's Flannel Pajama Trousers (Model L76),Women's Clothing,21.99,39.99,18.0,45.0,,https://ipimg.interestprint.com/data/product/5220/img/20260127/20260127174448612581_250x250.jpg,https://www.interestprint.com/custom/women_s_flannel_pajama_trousers_model_l76-5220.html
3001,3862,Unisex Suspender Jumpsuit(Model L78),Women's Clothing,21.99,35.99,14.0,38.9,,https://ipimg.interestprint.com/data/product/3862/img/20240929/20240929175821388260_250x250.jpg,https://www.interestprint.com/custom/unisex_suspender_jumpsuit_l78-3862.html
3002,2951,Women's Flannel Pajama Trousers (Model L76),Women's Clothing,21.99,30.99,9.0,29.0,,https://ipimg.interestprint.com/data/product/2951/img/20240509/20240509183410469416_250x250.jpg,https://www.interestprint.com/custom/women_s_flannel_pajama_trousers-2951.html
3003,936,Women's High-Waisted Leggings (Model L36),Women's Clothing,21.99,49.99,28.0,56.0,,https://ipimg.interestprint.com/data/product/936/img/20210310/20210310234919736352_250x250.jpg,https://www.interestprint.com/custom/l36-936.html
3004,2406,Women's Long Sleeve Belted Night Robe(ModelSets 14),Women's Clothing,21.99,56.99,35.0,61.4,,https://ipimg.interestprint.com/data/product/2406/img/20220510/20220510012517912973_250x250.png,https://www.interestprint.com/custom/women_s_long_sleeve_belted_night_robe-2406.html
3005,4186,Men's Fleece Casual Sweatpants (Model L79),Men's Clothing,21.99,36.99,15.0,40.6,,https://ipimg.interestprint.com/data/product/4186/img/20250224/20250224212849161533_250x250.jpg,https://www.interestprint.com/custom/custom_men_s_fleece_casual_sweatpants_model_l79-4186.html
3006,1086,Men's Rib Cuff Crew Neck Sweatshirt(Model H34),Men's Clothing,21.99,49.99,28.0,56.0,,https://ipimg.interestprint.com/data/product/1086/img/20191009/20191009041437590272_250x250.jpg,https://www.interestprint.com/custom/men_s_rib_cuff_crew_neck_sweatshirt_h34-1086.html
3007,2272,Men's All Over Print Pajama Trousers with Custom Trouser Opening (ModelSets 07),Men's Clothing,21.99,34.99,13.0,37.2,,https://ipimg.interestprint.com/data/product/2272/img/20211119/20211119011132225098_250x250.jpg,https://www.interestprint.com/custom/men_s_all_over_print_pajama_trousers-2272.html
3008,3986,Custom Mini Travel Bag-Black Handle (Model 1749),Bags,21.99,35.99,14.0,38.9,,https://ipimg.interestprint.com/data/product/3986/img/20241117/20241117183004394982_250x250.jpg,https://www.interestprint.com/custom/custom_mini_travel_bag_black_1749-3986.html
3009,33,Shoulder Bag (Model 1616),Bags,21.99,45.99,24.0,52.2,,https://ipimg.interestprint.com/data/product/33/img/20150602/20150602174557374103_250x250.jpg,https://www.interestprint.com/custom/shoulder_bag-33.html
3010,2855,Fly Weave Sneakers Drop-in-Heel for Women(Model 02002),Shoes,21.99,34.99,13.0,37.2,,https://ipimg.interestprint.com/data/product/2855/img/20230919/20230919202641296576_250x250.jpg,https://www.interestprint.com/custom/fly_weave_sneakers_drop_in_heel_for_women-2855.html
3011,2468,Back Car Floor Mat (2pcs),Accessories,21.99,32.99,11.0,33.3,,https://ipimg.interestprint.com/data/product/2468/img/20231018/20231018011653338203_250x250.jpg,https://www.interestprint.com/custom/2-2468.html
3012,458,"Area Rug 2'7""x 1'8‘’",Home Decor,22.0,39.99,17.99,45.0,,https://ipimg.interestprint.com/data/product/458/img/20160928/20160928020935091964_250x250.jpg,https://www.interestprint.com/custom/area_rug_31_x20-458.html
3013,4727,Women's Full Snap Fleece Jacket,Women's Clothing,22.25,55.99,33.74,60.3,,https://ipimg.interestprint.com/data/product/4727/img/20250919/20250919011315297417_250x250.jpg,https://www.interestprint.com/custom/women_s_full_snap_fleece_jacket-4727.html
3014,4732,Women's One Piece Swimsuit | Ships from USA,U.S. Fulfillment,22.28,41.99,19.71,46.9,,https://ipimg.interestprint.com/data/product/4732/img/20260109/20260109050112885048_250x250.jpg,https://www.interestprint.com/custom/women_s_one_piece_swimsuit-4732.html
3015,4547,"Picture Frame Canvas Painting 12""×8"" - Horizontal (Golden) | Ships from USA",U.S. Fulfillment,22.31,45.99,23.68,51.5,,https://ipimg.interestprint.com/data/product/4547/img/20260109/20260109065514568324_250x250.jpg,https://www.interestprint.com/custom/picture_frame_canvas_painting_12_8_horizontal_golden-4547.html
3016,4530,"Picture Frame Canvas Painting 12""×8"" - Horizontal (Black) | Ships from USA",U.S. Fulfillment,22.31,45.99,23.68,51.5,,https://ipimg.interestprint.com/data/product/4530/img/20260109/20260109062745156500_250x250.jpg,https://www.interestprint.com/custom/picture_frame_canvas_painting_horizontal_black-4530.html
3017,4535,"Picture Frame Canvas Painting 8"" × 12"" - Vertical (Golden) | Ships from USA",U.S. Fulfillment,22.31,45.99,23.68,51.5,,https://ipimg.interestprint.com/data/product/4535/img/20260109/20260109063652582568_250x250.jpg,https://www.interestprint.com/custom/picture_frame_canvas_painting_8_12_vertical_golden-4535.html
3018,4527,"Picture Frame Canvas Painting 8"" × 12"" - Vertical (Black) | Ships from USA",U.S. Fulfillment,22.31,45.99,23.68,51.5,,https://ipimg.interestprint.com/data/product/4527/img/20260109/20260109062946143721_250x250.jpg,https://www.interestprint.com/custom/picture_frame_canvas_painting_vertical-4527.html
3019,5032,"Canvas Print 12""×16"" / 18""×24"" | Ships from USA",U.S. Fulfillment,22.46,36.99,14.53,39.3,,https://ipimg.interestprint.com/data/product/5032/img/20260109/20260109001744833157_250x250.jpg,https://www.interestprint.com/custom/canvas_print_12_16_18_24-5032.html
3020,5031,"Canvas Print 16""×12"" / 24""×18""  | Ships from USA",U.S. Fulfillment,22.46,36.99,14.53,39.3,,https://ipimg.interestprint.com/data/product/5031/img/20260109/20260109002331589917_250x250.jpg,https://www.interestprint.com/custom/canvas_print_16_12_24_18-5031.html
3021,4229,All Over Print Men's Blazer,Men's Clothing,22.46,66.99,44.53,66.5,,https://ipimg.interestprint.com/data/product/4229/img/20250318/20250318000519408225_250x250.jpg,https://www.interestprint.com/custom/all_over_print_men_s_blazer-4229.html
3022,5894,"Beach Towel 31"" x 71"" (4-Pack) | Ships from USA",U.S. Fulfillment,22.49,41.99,19.5,46.4,,https://ipimg.interestprint.com/data/product/5894/img/20260629/20260629165131999151_250x250.jpg,https://www.interestprint.com/custom/beach_towel_31_x_71_4_pack_ships_from_usa-5894.html
3023,5845,"Cotton Linen House Flag 60"" x 96"" (One Side) | Ships from USA",U.S. Fulfillment,22.49,46.99,24.5,52.1,,https://ipimg.interestprint.com/data/product/5845/img/20260617/20260617164136967311_250x250.jpg,https://www.interestprint.com/custom/cotton_linen_house_flag_60_x_96_one_side_ships_from_usa-5845.html
3024,1230,Custom Photo Engraved Moon Lamp(10cm),Personalized Product,22.84,45.99,23.15,50.3,,https://ipimg.interestprint.com/data/product/1230/img/20200716/20200716223954451664_250x250.jpg,https://www.interestprint.com/custom/custom_photo_engraved_moon_lamp_10cm-1230.html
3025,2232,"Thick Fringe Christmas Tree Skirt 60""x60""",Christmas Gifts,22.99,34.99,12.0,34.3,,https://ipimg.interestprint.com/data/product/2232/img/20210923/20210923194530171552_250x250.jpg,https://www.interestprint.com/custom/thick_fringe_christmas_tree_skirt_60_x60-2232.html
3026,2794,Women's Casual Track Pants (Model L72),Mother's Day,22.99,34.99,12.0,34.3,,https://ipimg.interestprint.com/data/product/2794/img/20240217/20240217180120855509_250x250.jpg,https://www.interestprint.com/custom/women_s_casual_trousers_model_l72-2794.html
3027,3425,All Over Print Leisure Sports Backpack (Model 1741),Back to School,22.99,33.99,11.0,32.4,,https://ipimg.interestprint.com/data/product/3425/img/20240603/20240603004521160839_250x250.jpg,https://www.interestprint.com/custom/all_over_print_leisure_sports_backpack-3425.html
3028,6135,Window Curtains 132 x 160cm ( Set of 2 ) | Ships from USA,U.S. Fulfillment,22.99,45.99,23.0,50.0,,https://ipimg.interestprint.com/data/product/6135/img/20260902/20260902095015979886_250x250.jpg,https://www.interestprint.com/custom/window_curtains_132_x_160cm_set_of_2_ships_from_usa-6135.html
3029,4817,"Picnic Table Cover (60"" x 30"") (Pack of 3)  | Ships from USA",U.S. Fulfillment,22.99,41.99,19.0,45.2,,https://ipimg.interestprint.com/data/product/4817/img/20260109/20260109230129393248_250x250.jpg,https://www.interestprint.com/custom/picnic_table_cover_60_x_30_pack_of_3-4817.html
3030,2240,Women's Stand Collar Padded Lightweight Bomber Jacket(ModelH41),Women's Clothing,22.99,52.99,30.0,56.6,,https://ipimg.interestprint.com/data/product/2240/img/20211015/20211015022807865396_250x250.jpg,https://www.interestprint.com/custom/women_s_stand_collar_padded_jacket-2240.html
3031,1412,Women's Pajama Trousers (Model Sets 02),Women's Clothing,22.99,42.99,20.0,46.5,,https://ipimg.interestprint.com/data/product/1412/img/20210202/20210202001617656730_250x250.jpg,https://www.interestprint.com/custom/women_s_pajama_pants_sets_02-1412.html
3032,2431,Men's Pajama Trousers (Model Sets 02),Men's Clothing,22.99,34.99,12.0,34.3,,https://ipimg.interestprint.com/data/product/2431/img/20220613/20220613175428716896_250x250.jpg,https://www.interestprint.com/custom/custom_pajama_pants_for_him-2431.html
3033,935,Kid's Crewneck Sweatshirt (Model H29),Kid's Clothing,22.99,45.99,23.0,50.0,,https://ipimg.interestprint.com/data/product/935/img/20190303/20190303183700519063_250x250.jpg,https://www.interestprint.com/custom/kid_s_round_neck_hoodie_model_h29-935.html
3034,4990,40oz Tumbler with Handle,Home Decor,22.99,38.99,16.0,41.0,,https://ipimg.interestprint.com/data/product/4990/img/20251124/20251124180633548793_250x250.jpg,https://www.interestprint.com/custom/40oz_tumbler_with_handle-4990.html
3035,4018,"Window Curtain 52""x63"" (2-Piece)",Home Decor,22.99,36.99,14.0,37.8,,https://ipimg.interestprint.com/data/product/4018/img/20241127/20241127003519293943_250x250.jpg,https://www.interestprint.com/custom/custom_window_curtain_132x160cm_2_piece-4018.html
3036,3646,"Heart-Shaped Flower Shadow Box 12""-Blue",Home Decor,22.99,32.99,10.0,30.3,,https://ipimg.interestprint.com/data/product/3646/img/20241215/20241215192900308504_250x250.jpg,https://www.interestprint.com/custom/heart_shaped_flower_shadow_box_12_blue-3646.html
3037,3645,"Heart-Shaped Flower Shadow Box 12""-Red",Home Decor,22.99,32.99,10.0,30.3,,https://ipimg.interestprint.com/data/product/3645/img/20240715/20240715002808834046_250x250.jpg,https://www.interestprint.com/custom/heart_shaped_flower_shadow_box_12_red-3645.html
3038,3644,"Heart-Shaped Flower Shadow Box 12""-Pink",Home Decor,22.99,32.99,10.0,30.3,,https://ipimg.interestprint.com/data/product/3644/img/20240715/20240715002155462146_250x250.jpg,https://www.interestprint.com/custom/heart_shaped_flower_shadow_box_12_pink-3644.html
3039,2856,Fly Weave Sneakers Drop-in-Heel for Men(Model 02002),Shoes,22.99,35.99,13.0,36.1,,https://ipimg.interestprint.com/data/product/2856/img/20230911/20230911000941893211_250x250.jpg,https://www.interestprint.com/custom/fly_weave_sneakers_drop_in_heel_for_men-2856.html
3040,2585,Women's Mudguard Running Shoes (Model 10092),Shoes,22.99,37.99,15.0,39.5,,https://ipimg.interestprint.com/data/product/2585/img/20221116/20221116181729849913_250x250.jpg,https://www.interestprint.com/custom/model_10092-2585.html
3041,3153,"Custom Gift Wrapping Paper 58""x 22.5"" (4 Rolls)",Accessories,22.99,35.99,13.0,36.1,,https://ipimg.interestprint.com/data/product/3153/img/20240411/20240411225230783314_250x250.jpg,https://www.interestprint.com/custom/gift_wrapping_paper_58_x_23_4_rolls-3153.html
3042,2906,Spare Tire Cover with Backup Camera Hole (Medium),Accessories,22.99,49.99,27.0,54.0,,https://ipimg.interestprint.com/data/product/2906/img/20231012/20231012222455140235_250x250.jpg,https://www.interestprint.com/custom/spare_tire_cover_with_backup_camera_hole_medium-2906.html
3043,2850,"Gift Wrapping Paper 58""x 22.5""(4 Rolls)",Accessories,22.99,49.99,27.0,54.0,,https://ipimg.interestprint.com/data/product/2850/img/20230905/20230905231545195539_250x250.jpg,https://www.interestprint.com/custom/1-2850.html
3044,1094,"Spare Tire Cover(Medium)(16"")",Accessories,22.99,49.99,27.0,54.0,,https://ipimg.interestprint.com/data/product/1094/img/20240109/20240109193251117605_250x250.jpg,https://www.interestprint.com/custom/spare_tire_cover_medium-1094.html
3045,1910,"Area Rug with Black Binding 2'7""x 1'8""",Home Decor,23.0,49.99,26.99,54.0,,https://ipimg.interestprint.com/data/product/1910/img/20210516/20210516195330215162_250x250.jpg,https://www.interestprint.com/custom/area_rug_with_black_binding_2_7_x_1_8-1910.html
3046,4617,Aquila Canvas Kid's Shoes (Big Kid) (Model 018)(Four Panels with Different Printing),Shoes,23.0,57.99,34.99,60.3,,https://ipimg.interestprint.com/data/product/4617/img/20250818/20250818002538276236_250x250.jpg,https://www.interestprint.com/custom/aquila_canvas_kid_s_shoes_big_kid_model_018_four_panels_with_different_printing-4617.html
3047,4616,Aquila Canvas Women's Shoes (Model 018)(Four Panels with Different Printing),Shoes,23.0,57.99,34.99,60.3,,https://ipimg.interestprint.com/data/product/4616/img/20250818/20250818001904991667_250x250.jpg,https://www.interestprint.com/custom/aquila_canvas_women_s_shoes_model_018_four_panels_with_different_printing-4616.html
3048,4615,Aquila Canvas Men's Shoes (Model 018) (Four Panels with Different Printing),Shoes,23.0,57.99,34.99,60.3,,https://ipimg.interestprint.com/data/product/4615/img/20250818/20250818001345120607_250x250.jpg,https://www.interestprint.com/custom/aquila_canvas_men_s_shoes_model_018_four_panel_with_different_printing-4615.html
3049,5004,"Frame Canvas Painting 20""×16""-Horizontal | Ships from USA",U.S. Fulfillment,23.48,35.99,12.51,34.8,,https://ipimg.interestprint.com/data/product/5004/img/20260109/20260109003337190841_250x250.jpg,https://www.interestprint.com/custom/frame_canvas_painting_20_16_horizontal-5004.html
3050,5002,"Frame Canvas Painting 16""×20"" – Vertical | Ships from USA",U.S. Fulfillment,23.48,35.99,12.51,34.8,,https://ipimg.interestprint.com/data/product/5002/img/20260109/20260109032411657669_250x250.jpg,https://www.interestprint.com/custom/frame_canvas_painting_16_20_vertical-5002.html
3051,1025,Charms with Multiple Pendant Necklace(3 Pendants)(Titanium Steel),Personalized Product,23.8,72.99,49.19,67.4,,https://ipimg.interestprint.com/data/product/1025/img/20190703/20190703031742920780_250x250.jpg,https://www.interestprint.com/custom/charms_with_multiple_pendant_keychain_titanium_steel_3_pendants-1025.html
3052,5174,Diatomaceous Earth Bath Mat 60x90cm | Ships from USA,U.S. Fulfillment,23.91,36.99,13.08,35.4,,https://ipimg.interestprint.com/data/product/5174/img/20260120/20260120230214563879_250x250.jpg,https://www.interestprint.com/custom/diatomaceous_earth_bath_mat_60x90cm_ships_from_usa-5174.html
3053,4858,Kisslock Crossbody Shoulder Bag-Large (Model 1752),Mother's Day,23.99,45.99,22.0,47.8,,https://ipimg.interestprint.com/data/product/4858/img/20251020/20251020010558371777_250x250.jpg,https://www.interestprint.com/custom/kisslock_crossbody_shoulder_bag_large_model_1752-4858.html
3054,5978,"Grommet Curtain 52"" x 84"" ( 1 Piece ) | Ships from USA",U.S. Fulfillment,23.99,46.99,23.0,48.9,,https://ipimg.interestprint.com/data/product/5978/img/20260716/20260716162252862148_250x250.jpg,https://www.interestprint.com/custom/grommet_curtain_52_x_84_1_piece_ships_from_usa-5978.html
3055,5286,3-Piece Bedding Set (Bed Sheet + Pillowcases)  | Ships from USA,U.S. Fulfillment,23.99,42.99,19.0,44.2,,https://ipimg.interestprint.com/data/product/5286/img/20260227/20260227002420177351_250x250.jpg,https://www.interestprint.com/custom/3_piece_bedding_set_bed_sheet_pillowcases_ships_from_usa-5286.html
3056,5248,Men's V-Neck Short Pajama Set (Model Sets 11) | Shipped from USA,U.S. Fulfillment,23.99,58.99,35.0,59.3,,https://ipimg.interestprint.com/data/product/5248/img/20260204/20260204180027254085_250x250.jpg,https://www.interestprint.com/custom/men_s_v_neck_short_pajama_set_model_sets_11_shipped_from_usa-5248.html
3057,2757,"Beach Towel 31""x71""(NEW) | Ships from Australia",Australia Fulfillment,23.99,39.99,16.0,40.0,,https://ipimg.interestprint.com/data/product/2757/img/20260111/20260111001500205624_250x250.jpg,https://www.interestprint.com/custom/beach_towel_31_x71_au-2757.html
3058,960,Women's Short Kimono Robe,Women's Clothing,23.99,79.99,56.0,70.0,,https://ipimg.interestprint.com/data/product/960/img/20190401/20190401001209339600_250x250.jpg,https://www.interestprint.com/custom/bath_robes-960.html
3059,2675,Women's Golf Skirt with Pocket (Model D64),Women's Clothing,23.99,37.99,14.0,36.9,,https://ipimg.interestprint.com/data/product/2675/img/20230323/20230323000555762800_250x250.jpg,https://www.interestprint.com/custom/women_s_golf_skirt_d64-2675.html
3060,1355,Men's Stand Collar Padded Lightweight Bomber Jacket(ModelH41),Men's Clothing,23.99,62.99,39.0,61.9,,https://ipimg.interestprint.com/data/product/1355/img/20201117/20201117003413803678_250x250.jpg,https://www.interestprint.com/custom/men_s_stand_collar_padded_jacket_modelh41-1355.html
3061,2474,Grooming Jacket (Model H53),Men's Clothing,23.99,37.99,14.0,36.9,,https://ipimg.interestprint.com/data/product/2474/img/20220728/20220728004502323777_250x250.jpg,https://www.interestprint.com/custom/h53-2474.html
3062,783,Unisex All Over Print  Hooded Windbreaker (Model H23),Men's Clothing,23.99,69.99,46.0,65.7,,https://ipimg.interestprint.com/data/product/783/img/20180211/20180211170634330041_250x250.png,https://www.interestprint.com/custom/men_s_all_over_print_hoodies_model_h23-783.html
3063,2430,Men's V-Neck Long Pajama Top (Model Sets 02),Men's Clothing,23.99,35.99,12.0,33.3,,https://ipimg.interestprint.com/data/product/2430/img/20220613/20220613175356337492_250x250.jpg,https://www.interestprint.com/custom/custom_men_s_long_sleeve_pajama_top-2430.html
3064,4952,Big Boys' V-Neck Pajama Set (Model Sets 32),Kid's Clothing,23.99,42.99,19.0,44.2,,https://ipimg.interestprint.com/data/product/4952/img/20251112/20251112183052378085_250x250.jpg,https://www.interestprint.com/custom/big_boys_v_neck_pajama_set_sets_32-4952.html
3065,4950,Big Girls' V-Neck Pajama Set (Model Sets 32),Kid's Clothing,23.99,42.99,19.0,44.2,,https://ipimg.interestprint.com/data/product/4950/img/20251111/20251111223752020271_250x250.jpg,https://www.interestprint.com/custom/big_girls_v_neck_pajama_set_sets_32-4950.html
3066,2265,"Kitchen Mat 32""x20""",Home Decor,23.99,35.99,12.0,33.3,,https://ipimg.interestprint.com/data/product/2265/img/20211121/20211121190939620968_250x250.jpg,https://www.interestprint.com/custom/81x50_cm-2265.html
3067,1076,"Garden Flag 36"" x 60""(Twin Sides)",Home Decor,23.99,49.99,26.0,52.0,,https://ipimg.interestprint.com/data/product/1076/img/20220914/20220914232527441658_250x250.jpg,https://www.interestprint.com/custom/garden_flag_36_x_60-1076.html
3068,3988,Custom Barrel Handbag (Model 1750),Bags,23.99,36.99,13.0,35.1,,https://ipimg.interestprint.com/data/product/3988/img/20241117/20241117191422271004_250x250.jpg,https://www.interestprint.com/custom/custom_barrel_bag_1750-3988.html
3069,1111,Travel Backpack(Large Capacity)(Model 1691),Bags,23.99,49.99,26.0,52.0,,https://ipimg.interestprint.com/data/product/1111/img/20191114/20191114232928757960_250x250.jpg,https://www.interestprint.com/custom/large_capacity_travel_backpack_model_1691-1111.html
3070,2589,Women's Alpha Running Shoes (Model 10093),Shoes,23.99,37.99,14.0,36.9,,https://ipimg.interestprint.com/data/product/2589/img/20221116/20221116180905194736_250x250.jpg,https://www.interestprint.com/custom/model_10093-2589.html
3071,2586,Men's Mudguard Running Shoes (Model 10092),Shoes,23.99,37.99,14.0,36.9,,https://ipimg.interestprint.com/data/product/2586/img/20221110/20221110233022463921_250x250.jpg,https://www.interestprint.com/custom/model_10092-2586.html
3072,1451,Men's Classic Canvas Slip-On Shoes(Model1206),Shoes,23.99,49.99,26.0,52.0,,https://ipimg.interestprint.com/data/product/1451/img/20210311/20210311222944974305_250x250.jpg,https://www.interestprint.com/custom/men_s_classic_canvas_slip_on_1206-1451.html
3073,1100,Women's Canvas Slip-On Shoes(Model1206),Shoes,23.99,49.99,26.0,52.0,,https://ipimg.interestprint.com/data/product/1100/img/20191022/20191022074337978502_250x250.jpg,https://www.interestprint.com/custom/womens_classic_slip_on_shoes_1206-1100.html
3074,1186,Custom Fabric Dust Cover(30 PCS Filters Included),Accessories,23.99,59.99,36.0,60.0,,https://ipimg.interestprint.com/data/product/1186/img/20200429/20200429041613294106_250x250.jpg,https://www.interestprint.com/custom/custom_fabric_dust_cover_30_filters_included-1186.html
3075,4435,Swimsuit Set (Front Side Printing) | Ships from USA,U.S. Fulfillment,24.14,55.99,31.85,56.9,,https://ipimg.interestprint.com/data/product/4435/img/20260616/20260616101248108763_250x250.jpg,https://www.interestprint.com/custom/swimsuit_set_front_side_printing-4435.html
3076,5847,"PVC Anti-Fatigue Mat 71"" x 24"" | Ships from USA",U.S. Fulfillment,24.49,42.99,18.5,43.0,,https://ipimg.interestprint.com/data/product/5847/img/20260618/20260618145151333219_250x250.jpg,https://www.interestprint.com/custom/pvc_anti_fatigue_mat_71_x_24_ships_from_usa-5847.html
3077,5399,"Gift Wrapping Paper-Coated Paper 120""x 22""（3 Roll） | Ships from USA",U.S. Fulfillment,24.59,46.99,22.4,47.7,,https://ipimg.interestprint.com/data/product/5399/img/20260325/20260325162553386037_250x250.jpg,https://www.interestprint.com/custom/gift_wrapping_paper_coated_paper_120_x_22_3_roll_ships_from_usa-5399.html
3078,4734,Womens' Swimsuit Set | Ships from USA,U.S. Fulfillment,24.73,43.99,19.26,43.8,,https://ipimg.interestprint.com/data/product/4734/img/20260109/20260109045823178620_250x250.jpg,https://www.interestprint.com/custom/womens_swimsuit_set-4734.html
3079,2882,Hooded Onesie Pajamas For Little Kids(Model Sets 22),Halloween Decor,24.99,39.99,15.0,37.5,,https://ipimg.interestprint.com/data/product/2882/img/20240821/20240821175430418447_250x250.jpg,https://www.interestprint.com/custom/zipper_one_piece_pajamas_for_little_kids-2882.html
3080,5495,3-Seater Sofa Cover | Ships from USA,U.S. Fulfillment,24.99,49.99,25.0,50.0,,https://ipimg.interestprint.com/data/product/5495/img/20260417/20260417130216825074_250x250.jpg,https://www.interestprint.com/custom/3_seater_sofa_cover_que-5495.html
3081,4809,"Sofa Cushion Cover (25"" x 27.5"" x 8"")(Pack of 4) | Ships from USA",U.S. Fulfillment,24.99,56.99,32.0,56.2,,https://ipimg.interestprint.com/data/product/4809/img/20260107/20260107225321608227_250x250.jpg,https://www.interestprint.com/custom/sofa_cushion_cover_25_x_27_5_x_8_pack_of_4-4809.html
3082,5221,Custom Men's Flannel Pajama Trousers (Model L76),Men's Clothing,24.99,33.99,9.0,26.5,,https://ipimg.interestprint.com/data/product/5221/img/20260127/20260127175447340020_250x250.jpg,https://www.interestprint.com/custom/custom_men_s_flannel_pajama_trousers_model_l76-5221.html
3083,2950,Men's Flannel Pajama Trousers (Model L76),Men's Clothing,24.99,33.99,9.0,26.5,,https://ipimg.interestprint.com/data/product/2950/img/20231109/20231109180232359759_250x250.jpg,https://www.interestprint.com/custom/men_s_flannel_pajama_trousers-2950.html
3084,3985,Custom Small Travel Bag-Black Handle (Model 1749),Bags,24.99,39.99,15.0,37.5,,https://ipimg.interestprint.com/data/product/3985/img/20241117/20241117182622067300_250x250.jpg,https://www.interestprint.com/custom/custom_small_travel_bag_1749-3985.html
3085,145,Shoulders Backpack (Model 1623),Bags,24.99,49.99,25.0,50.0,,https://ipimg.interestprint.com/data/product/145/img/20150602/20150602174433024793_250x250.jpg,https://www.interestprint.com/custom/shoulders_backpack-145.html
3086,1243,PU Leather Tote Bag(Model1709),Bags,24.99,45.99,21.0,45.7,,https://ipimg.interestprint.com/data/product/1243/img/20200727/20200727202907213128_250x250.jpg,https://www.interestprint.com/custom/chic_leather_tote_bag_model1709-1243.html
3087,2590,Men's Alpha Running Shoes (Model 10093),Shoes,24.99,39.99,15.0,37.5,,https://ipimg.interestprint.com/data/product/2590/img/20221110/20221110232921015218_250x250.jpg,https://www.interestprint.com/custom/model_10093-2590.html
3088,664,Men's All Over Print Sweatshirt (Model H18),Men's Clothing,25.0,49.99,24.99,50.0,,https://ipimg.interestprint.com/data/product/664/img/20231011/20231011200821969802_250x250.jpg,https://www.interestprint.com/custom/men_s_all_over_print_crewneck_sweatshirt_model_h18-664.html
3089,4929,"Frame Canvas Print 28"" x 28"" | Ships from USA",U.S. Fulfillment,25.09,51.99,26.9,51.7,,https://ipimg.interestprint.com/data/product/4929/img/20260109/20260109011251450490_250x250.jpg,https://www.interestprint.com/custom/frame_canvas_print_28_x_28-4929.html
3090,1349,Women's Long Sleeve Kimono Robe,Women's Clothing,25.49,69.99,44.5,63.6,,https://ipimg.interestprint.com/data/product/1349/img/20201022/20201022013619456056_250x250.jpg,https://www.interestprint.com/custom/long_sleeve_kimono_robe-1349.html
3091,4548,"Picture Frame Canvas Painting 16""×12"" - Horizontal (Golden) | Ships from USA",U.S. Fulfillment,25.53,49.99,24.46,48.9,,https://ipimg.interestprint.com/data/product/4548/img/20260109/20260109065700056738_250x250.jpg,https://www.interestprint.com/custom/picture_frame_canvas_painting_16_12_horizontal_golden-4548.html
3092,4544,"Picture Frame Canvas Painting 16""×12"" - Horizontal (Black) | Ships from USA",U.S. Fulfillment,25.53,49.99,24.46,48.9,,https://ipimg.interestprint.com/data/product/4544/img/20260109/20260109065024877492_250x250.jpg,https://www.interestprint.com/custom/picture_frame_canvas_painting_16_12_horizontal_black-4544.html
3093,4536,"Picture Frame Canvas Painting 12"" × 16"" - Vertical (Golden) | Ships from USA",U.S. Fulfillment,25.53,49.99,24.46,48.9,,https://ipimg.interestprint.com/data/product/4536/img/20260109/20260109070035142923_250x250.jpg,https://www.interestprint.com/custom/picture_frame_canvas_painting_12_16_vertical_golden-4536.html
3094,4532,"Picture Frame Canvas Painting 12"" × 16"" - Vertical (Black) | Ships from USA",U.S. Fulfillment,25.53,49.99,24.46,48.9,,https://ipimg.interestprint.com/data/product/4532/img/20260109/20260109063322960592_250x250.jpg,https://www.interestprint.com/custom/picture_frame_canvas_painting_12_16_vertical_black-4532.html
3095,1227,Custom Photo Engraved Moon Lamp(12cm),Personalized Product,25.7,49.99,24.29,48.6,,https://ipimg.interestprint.com/data/product/1227/img/20200717/20200717032245837234_250x250.jpg,https://www.interestprint.com/custom/custom_photo_engraved_moon_lamp_small-1227.html
3096,4981,"Frame Canvas Print 36"" x 24""   | Ships from USA",U.S. Fulfillment,25.79,49.99,24.2,48.4,,https://ipimg.interestprint.com/data/product/4981/img/20260109/20260109004955131320_250x250.jpg,https://www.interestprint.com/custom/frame_canvas_print_36_x_24-4981.html
3097,4936,"Frame Canvas Print 24"" x 36"" | Ships from USA",U.S. Fulfillment,25.79,49.99,24.2,48.4,,https://ipimg.interestprint.com/data/product/4936/img/20260109/20260109010252685030_250x250.jpg,https://www.interestprint.com/custom/frame_canvas_print_24_x_36-4936.html
3098,2308,All Over Print High Waist Leggings with Pockets (ModelL56),Mother's Day,25.99,39.99,14.0,35.0,,https://ipimg.interestprint.com/data/product/2308/img/20240217/20240217180007820132_250x250.jpg,https://www.interestprint.com/custom/model_l56-2308.html
3099,2442,Ultra-Soft Micro Fleece Blanket 30*40  | Ships from Australia,Australia Fulfillment,25.99,37.99,12.0,31.6,,https://ipimg.interestprint.com/data/product/2442/img/20260110/20260110223338083797_250x250.jpg,https://www.interestprint.com/custom/ultra_soft_micro_fleece_blanket_30_40_au-2442.html
3100,1141,"Custom Shaped Pillow (24"")",Personalized Product,25.99,35.99,10.0,27.8,,https://ipimg.interestprint.com/data/product/1141/img/20200318/20200318015717440215_250x250.jpg,https://www.interestprint.com/custom/custom_pet_shaped_pillow_24-1141.html
3101,2399,Sleeveless Expansion Dress (ModelD60),Women's Clothing,25.99,39.99,14.0,35.0,,https://ipimg.interestprint.com/data/product/2399/img/20220919/20220919011555472896_250x250.jpg,https://www.interestprint.com/custom/d60-2399.html
3102,1367,Women's High Waist Leggings(ModelL44)(Plus Size),Women's Clothing,25.99,49.99,24.0,48.0,,https://ipimg.interestprint.com/data/product/1367/img/20201123/20201123192404696442_250x250.jpg,https://www.interestprint.com/custom/plus_size_high_waist_leggings_l44-1367.html
3103,3140,Men's Shirt and Shorts Outfit (Model Sets 26),Men's Clothing,25.99,45.99,20.0,43.5,,https://ipimg.interestprint.com/data/product/3140/img/20240402/20240402000819468553_250x250.jpg,https://www.interestprint.com/custom/men_s_shirt_and_shorts_outfit_sets_26-3140.html
3104,5102,"Custom Gaming Mousepad 39""x20""(with Stitched Edges)",Home Decor,25.99,35.99,10.0,27.8,,https://ipimg.interestprint.com/data/product/5102/img/20251229/20251229185634668755_250x250.jpg,https://www.interestprint.com/custom/custom_gaming_mousepad_39_x20_with_stitched_edges-5102.html
3105,2966,1000-Piece Wooden Jigsaw Puzzles (Vertical),Home Decor,25.99,39.99,14.0,35.0,,https://ipimg.interestprint.com/data/product/2966/img/20231218/20231218005714349083_250x250.jpg,https://www.interestprint.com/custom/1000_piece_wooden_jigsaw_puzzles_vertical-2966.html
3106,2967,1000-Piece Wooden Jigsaw Puzzles (Horizontal),Home Decor,25.99,39.99,14.0,35.0,,https://ipimg.interestprint.com/data/product/2967/img/20231218/20231218004119247311_250x250.jpg,https://www.interestprint.com/custom/1000_piece_wooden_jigsaw_puzzles_horizontal-2967.html
3107,3024,All-Over Print Backpack,Bags,25.99,39.99,14.0,35.0,,https://ipimg.interestprint.com/data/product/3024/img/20240313/20240313234302028870_250x250.jpg,https://www.interestprint.com/custom/all_over_print_casual_backpack_large-3024.html
3108,975,Travel Duffel Bags (Model 1679),Bags,25.99,59.99,34.0,56.7,,https://ipimg.interestprint.com/data/product/975/img/20190418/20190418231123570835_250x250.jpg,https://www.interestprint.com/custom/travel_bags_model_1679-975.html
3109,727,All-Over Print Unisex Nylon Backpacks (Model 1673),Bags,25.99,45.99,20.0,43.5,,https://ipimg.interestprint.com/data/product/727/img/20171210/20171210211343772174_250x250.jpg,https://www.interestprint.com/custom/backpacks-727.html
3110,2541,Women's Pull Loop Sneakers (Model 02001),Shoes,25.99,39.99,14.0,35.0,,https://ipimg.interestprint.com/data/product/2541/img/20220905/20220905175401393109_250x250.jpg,https://www.interestprint.com/custom/model_02001-2541.html
3111,2493,Women's Cotton-Padded Shoes (Model 19291),Shoes,25.99,39.99,14.0,35.0,,https://ipimg.interestprint.com/data/product/2493/img/20220815/20220815182435508671_250x250.jpg,https://www.interestprint.com/custom/model_19291-2493.html
3112,3154,"Custom Gift Wrapping Paper 58""x 22.5"" (5 Rolls)",Accessories,25.99,38.99,13.0,33.3,,https://ipimg.interestprint.com/data/product/3154/img/20240411/20240411231201357314_250x250.jpg,https://www.interestprint.com/custom/gift_wrapping_paper_58_x_23_5_rolls-3154.html
3113,2907,Spare Tire Cover with Backup Camera Hole (Large),Accessories,25.99,49.99,24.0,48.0,,https://ipimg.interestprint.com/data/product/2907/img/20240109/20240109170957368387_250x250.jpg,https://www.interestprint.com/custom/spare_tire_cover_with_backup_camera_hole_large-2907.html
3114,1095,"Spare Tire Cover(Large)(17"")",Accessories,25.99,49.99,24.0,48.0,,https://ipimg.interestprint.com/data/product/1095/img/20240109/20240109192906882736_250x250.jpg,https://www.interestprint.com/custom/spare_tire_cover_large-1095.html
3115,1104,"Gift Wrapping Paper 58""x 22.5""(5 Rolls)",Accessories,25.99,59.99,34.0,56.7,,https://ipimg.interestprint.com/data/product/1104/img/20191110/20191110220751244795_250x250.jpg,https://www.interestprint.com/custom/gift_wrapping_paper_58_x_23_5_rolls-1104.html
3116,4434,Split Swimsuit Set (Front Side Printing)(Made in USA),U.S. Fulfillment,26.0,45.99,19.99,43.5,,https://ipimg.interestprint.com/data/product/4434/img/20250618/20250618191919600867_250x250.jpg,https://www.interestprint.com/custom/split_swimsuit_set_front_side_printing-4434.html
3117,674,Women's All Over Print Sweatshirt (Model H18),Women's Clothing,26.0,49.99,23.99,48.0,,https://ipimg.interestprint.com/data/product/674/img/20231011/20231011180106080713_250x250.jpg,https://www.interestprint.com/custom/women_s_all_over_print_crewneck_sweatshirt_model_h18-674.html
3118,2260,Blanket Hoodie for Women,Home Decor,26.0,59.99,33.99,56.7,,https://ipimg.interestprint.com/data/product/2260/img/20211115/20211115224745930353_250x250.jpg,https://www.interestprint.com/custom/blanket_hoodie_for_women-2260.html
3119,4987,"Frame Canvas Print 30"" x 24"" | Ships from USA",U.S. Fulfillment,26.09,53.99,27.9,51.7,,https://ipimg.interestprint.com/data/product/4987/img/20260109/20260109004154859157_250x250.jpg,https://www.interestprint.com/custom/frame_canvas_print_30_x_24-4987.html
3120,4984,"Frame Canvas Print 32"" x 24"" | Ships from USA",U.S. Fulfillment,26.09,54.99,28.9,52.6,,https://ipimg.interestprint.com/data/product/4984/img/20260109/20260109004327846734_250x250.jpg,https://www.interestprint.com/custom/frame_canvas_print_32_x_24-4984.html
3121,4942,"Frame Canvas Print 24"" x 30""  | Ships from USA",U.S. Fulfillment,26.09,53.99,27.9,51.7,,https://ipimg.interestprint.com/data/product/4942/img/20260109/20260109005618738141_250x250.jpg,https://www.interestprint.com/custom/frame_canvas_print_24_x_30-4942.html
3122,4939,"Frame Canvas Print 24"" x 32"" | Ships from USA",U.S. Fulfillment,26.09,54.99,28.9,52.6,,https://ipimg.interestprint.com/data/product/4939/img/20260109/20260109005734017723_250x250.jpg,https://www.interestprint.com/custom/frame_canvas_print_24_x_32-4939.html
3123,4749,Women's Stand Collar Fleece Jacket,Women's Clothing,26.14,59.99,33.85,56.4,,https://ipimg.interestprint.com/data/product/4749/img/20250923/20250923230521388544_250x250.jpg,https://www.interestprint.com/custom/women_s_stand_collar_fleece_jacket-4749.html
3124,5006,7 Pieces Table Runner and Placemats Set | Ships from USA,U.S. Fulfillment,26.35,51.99,25.64,49.3,,https://ipimg.interestprint.com/data/product/5006/img/20260109/20260109033832046906_250x250.jpg,https://www.interestprint.com/custom/7_pieces_table_runner_and_placemats_set-5006.html
3125,5010,2-Piece Kitchen Mat Set | Ships from USA,U.S. Fulfillment,26.55,55.99,29.44,52.6,,https://ipimg.interestprint.com/data/product/5010/img/20260109/20260109033238273578_250x250.jpg,https://www.interestprint.com/custom/2_piece_kitchen_mat_set-5010.html
3126,6009,"Grommet Curtains 42"" x 63"" ( Set of 2 ) | Ships from USA",U.S. Fulfillment,26.59,42.99,16.4,38.1,,https://ipimg.interestprint.com/data/product/6009/img/20260729/20260729135209932145_250x250.jpg,https://www.interestprint.com/custom/grommet_curtains_42_x_63_set_of_2_ships_from_usa-6009.html
3127,4549,"Picture Frame Canvas Painting 18""×12"" - Horizontal (Golden) | Ships from USA",U.S. Fulfillment,26.75,51.99,25.24,48.5,,https://ipimg.interestprint.com/data/product/4549/img/20260109/20260109062458395711_250x250.jpg,https://www.interestprint.com/custom/picture_frame_canvas_painting_18_12_horizontal_golden-4549.html
3128,4545,"Picture Frame Canvas Painting 18""×12"" - Horizontal (Black) | Ships from USA",U.S. Fulfillment,26.75,51.99,25.24,48.5,,https://ipimg.interestprint.com/data/product/4545/img/20260109/20260109065158849478_250x250.jpg,https://www.interestprint.com/custom/picture_frame_canvas_painting_18_12_horizontal_black-4545.html
3129,4537,"Picture Frame Canvas Painting 12"" × 18"" - Vertical (Golden) | Ships from USA",U.S. Fulfillment,26.75,51.99,25.24,48.5,,https://ipimg.interestprint.com/data/product/4537/img/20260109/20260109063853020388_250x250.jpg,https://www.interestprint.com/custom/picture_frame_canvas_painting_12_18_vertical_golden-4537.html
3130,4533,"Picture Frame Canvas Painting 12"" × 18"" - Vertical (Black) | Ships from USA",U.S. Fulfillment,26.75,51.99,25.24,48.5,,https://ipimg.interestprint.com/data/product/4533/img/20260109/20260109063146072715_250x250.jpg,https://www.interestprint.com/custom/picture_frame_canvas_painting_12_18_vertical_black-4533.html
3131,5970,"Sherpa Fleece Blanket 60"" x 80"" | Ships from USA",Christmas Gifts,26.99,46.99,20.0,42.6,,https://ipimg.interestprint.com/data/product/5970/img/20260715/20260715172345659803_250x250.jpg,https://www.interestprint.com/custom/sherpa_fleece_blanket_60_x_80_ships_from_usa-5970.html
3132,4159,Personalized Football,Father's Day,26.99,37.99,11.0,29.0,,https://ipimg.interestprint.com/data/product/4159/img/20250207/20250207230722404009_250x250.jpg,https://www.interestprint.com/custom/custom_personalized_rugby_ball-4159.html
3133,3406,Men's Shirt and Shorts Outfit with Pocket (Model Sets 26),Father's Day,26.99,36.99,10.0,27.0,,https://ipimg.interestprint.com/data/product/3406/img/20240521/20240521023853034841_250x250.jpg,https://www.interestprint.com/custom/men_s_shirt_and_shorts_outfit_with_pocket_sets_26-3406.html
3134,2793,Men's Casual Track Pants (Model L72),Father's Day,26.99,40.99,14.0,34.2,,https://ipimg.interestprint.com/data/product/2793/img/20230703/20230703013333120629_250x250.jpg,https://www.interestprint.com/custom/men_s_casual_trousers_model_l72-2793.html
3135,2441,Ultra-Soft Micro Fleece Blanket 32*48 | Ships from Australia,Australia Fulfillment,26.99,39.99,13.0,32.5,,https://ipimg.interestprint.com/data/product/2441/img/20260110/20260110223700262410_250x250.jpg,https://www.interestprint.com/custom/ultra_soft_micro_fleece_blanket_32_48_au-2441.html
3136,1161,"Custom Shaped Pillow(24"")(Two-Sided Printing)",Personalized Product,26.99,37.99,11.0,29.0,,https://ipimg.interestprint.com/data/product/1161/img/20200410/20200410025731280012_250x250.jpg,https://www.interestprint.com/custom/custom_pet_shaped_pillow_24-1161.html
3137,1411,Women's Long Sleeve Pajama Shirt(Model Sets 02),Women's Clothing,26.99,46.99,20.0,42.6,,https://ipimg.interestprint.com/data/product/1411/img/20210202/20210202001338387774_250x250.jpg,https://www.interestprint.com/custom/women_s_long_sleeve_pajama_shirt_sets_02-1411.html
3138,2331,Men's Short Pajama Set (ModelSets 12),Men's Clothing,26.99,42.99,16.0,37.2,,https://ipimg.interestprint.com/data/product/2331/img/20220321/20220321180312766425_250x250.jpg,https://www.interestprint.com/custom/men_s_short_pajama_set-2331.html
3139,984,Men's All Over Print Bomber Jacket (Model H31),Men's Clothing,26.99,79.99,53.0,66.3,,https://ipimg.interestprint.com/data/product/984/img/20190504/20190504235731513906_250x250.jpg,https://www.interestprint.com/custom/men_s_jacket_model_h31-984.html
3140,36,Custom Handbag(Model 1621),Bags,26.99,48.99,22.0,44.9,,https://ipimg.interestprint.com/data/product/36/img/20150602/20150602174528778965_250x250.jpg,https://www.interestprint.com/custom/barrel_type_handbag-36.html
3141,1357,Large Capacity Duffle Bag(Model1715),Bags,26.99,54.99,28.0,50.9,,https://ipimg.interestprint.com/data/product/1357/img/20201117/20201117003307264676_250x250.jpg,https://www.interestprint.com/custom/large_capacity_duffle_bag_1715-1357.html
3142,2540,Men's Pull Loop Sneakers (Model 02001),Shoes,26.99,42.99,16.0,37.2,,https://ipimg.interestprint.com/data/product/2540/img/20220919/20220919200426899604_250x250.jpg,https://www.interestprint.com/custom/model_02001-2540.html
3143,2477,Women's Slip-On Sneakers (Model 67502),Shoes,26.99,42.99,16.0,37.2,,https://ipimg.interestprint.com/data/product/2477/img/20220728/20220728225616520157_250x250.jpg,https://www.interestprint.com/custom/67502-2477.html
3144,2261,Blanket Hoodie for Men,Home Decor,27.0,69.99,42.99,61.4,,https://ipimg.interestprint.com/data/product/2261/img/20211115/20211115224837253634_250x250.jpg,https://www.interestprint.com/custom/blanket_hoodie_for_men-2261.html
3145,4670,Triptych Decorative Frame (Three Size Options) | Ships from USA,U.S. Fulfillment,27.43,65.99,38.56,58.4,,https://ipimg.interestprint.com/data/product/4670/img/20260109/20260109012909600855_250x250.jpg,https://www.interestprint.com/custom/3_panel_canvas_print_wall_art-4670.html
3146,4756,40 oz Stainless Steel Tumbler with Handle  | Ships from USA,U.S. Fulfillment,27.82,54.99,27.17,49.4,,https://ipimg.interestprint.com/data/product/4756/img/20260430/20260430145110398012_250x250.jpg,https://www.interestprint.com/custom/40_oz_stainless_steel_tumbler_with_handle-4756.html
3147,297,Classic Shoulder Handbag (Model 1653),Bags,27.95,47.95,20.0,41.7,,https://ipimg.interestprint.com/data/product/297/img/20160412/20160412012528674680_250x250.jpg,https://www.interestprint.com/custom/mk-297.html
3148,2440,Ultra-Soft Micro Fleece Blanket 40*50  | Ships from Australia,Australia Fulfillment,27.99,40.99,13.0,31.7,,https://ipimg.interestprint.com/data/product/2440/img/20260110/20260110224050598308_250x250.jpg,https://www.interestprint.com/custom/ultra_soft_micro_fleece_blanket_40_50_au-2440.html
3149,3148,Women's Flannel Hoodie (Model H63),Women's Clothing,27.99,41.99,14.0,33.3,,https://ipimg.interestprint.com/data/product/3148/img/20240402/20240402182718715065_250x250.jpg,https://www.interestprint.com/custom/women_s_flannel_hoodie_h63-3148.html
3150,4959,Men's Crew Neck Pajama Set (Model Sets 31),Men's Clothing,27.99,39.99,12.0,30.0,,https://ipimg.interestprint.com/data/product/4959/img/20251116/20251116190919822483_250x250.jpg,https://www.interestprint.com/custom/men_s_crew_neck_pajama_set_sets_31-4959.html
3151,4043,"Custom Window Curtain 52""x63"" (2-Piece)",Home Decor,27.99,39.99,12.0,30.0,,https://ipimg.interestprint.com/data/product/4043/img/20241208/20241208175322367499_250x250.jpg,https://www.interestprint.com/custom/custom_window_curtain_132x160cm_2_piece-4043.html
3152,281,Rivet Shoulder Handbag (Model 1645),Bags,27.99,47.99,20.0,41.7,,https://ipimg.interestprint.com/data/product/281/img/20160406/20160406224937940234_250x250.jpg,https://www.interestprint.com/custom/rivet_shoulder_handbag_model_45-281.html
3153,3793,Women's High Top Sneakers (Model 20042),Shoes,27.99,57.99,30.0,51.7,,https://ipimg.interestprint.com/data/product/3793/img/20240901/20240901193549911251_250x250.jpg,https://www.interestprint.com/custom/women_s_high_top_sneakers-3793.html
3154,2492,Men's Cotton-Padded Shoes (Model 19291),Shoes,27.99,42.99,15.0,34.9,,https://ipimg.interestprint.com/data/product/2492/img/20220815/20220815025234753667_250x250.jpg,https://www.interestprint.com/custom/model_19291-2492.html
3155,514,Slip-on Canvas Kid's Shoes (Big Kid) (Model 019),Shoes,28.0,49.99,21.99,44.0,,https://ipimg.interestprint.com/data/product/514/img/20170518/20170518181915624582_250x250.jpg,https://www.interestprint.com/custom/slip_on_canvas_kid_s_shoes_model019-514.html
3156,5172,Crystal Velvet Floor Mat 60x90cm | Ships from USA,U.S. Fulfillment,28.16,45.99,17.83,38.8,,https://ipimg.interestprint.com/data/product/5172/img/20260120/20260120180257451386_250x250.jpg,https://www.interestprint.com/custom/crystal_velvet_floor_mat_60x90cm_ships_from_usa-5172.html
3157,3049,Men's Mesh Sneakers,Shoes,28.23,52.99,24.76,46.7,,https://ipimg.interestprint.com/data/product/3049/img/20240402/20240402012326016043_250x250.jpg,https://www.interestprint.com/custom/elastic_running_shoes-3049.html
3158,3050,Women's Mesh Sneakers,Shoes,28.23,52.99,24.76,46.7,,https://ipimg.interestprint.com/data/product/3050/img/20240402/20240402012314073513_250x250.jpg,https://www.interestprint.com/custom/elastic_running_shoes-3050.html
3159,4600,Octagon Metal Wall Sign (2 PCS)  | Ships from USA,U.S. Fulfillment,28.55,45.99,17.44,37.9,,https://ipimg.interestprint.com/data/product/4600/img/20260109/20260109053259791391_250x250.jpg,https://www.interestprint.com/custom/octagon_metal_wall_sign-4600.html
3160,2597,"Polyester Peach Skin Wall Tapestry 60""*80""",Home Decor,28.9,49.99,21.09,42.2,,https://ipimg.interestprint.com/data/product/2597/img/20221110/20221110192141709702_250x250.jpg,https://www.interestprint.com/custom/60_80inch-2597.html
3161,2594,"Polyester Peach Skin Wall Tapestry 80""*60""",Home Decor,28.9,49.99,21.09,42.2,,https://ipimg.interestprint.com/data/product/2594/img/20221110/20221110210654234200_250x250.jpg,https://www.interestprint.com/custom/80_60inch-2594.html
3162,2883,Hooded Onesie Pajamas For Big Kids(Model Sets 22）,Halloween Decor,28.99,44.99,16.0,35.6,,https://ipimg.interestprint.com/data/product/2883/img/20241028/20241028183018762487_250x250.jpg,https://www.interestprint.com/custom/zipper_one_piece_pajamas_for_big_kids-2883.html
3163,5719,"Cotton Linen House Flag 48"" x 72"" (Two Sides) | Ships from USA",U.S. Fulfillment,28.99,56.99,28.0,49.1,,https://ipimg.interestprint.com/data/product/5719/img/20260526/20260526151909773338_250x250.jpg,https://www.interestprint.com/custom/cotton_linen_house_flag_48_x_72_two_sides_ships_from_usa-5719.html
3164,5530,"Double Bed Fitted Sheet 54"" x 75"" x 13"" | Ships from USA",U.S. Fulfillment,28.99,34.79,5.8,16.7,,https://ipimg.interestprint.com/data/product/5530/img/20260421/20260421151528333588_250x250.jpg,https://www.interestprint.com/custom/double_bed_fitted_sheet_54_x_75_x_13_ships_from_usa-5530.html
3165,5336,"Natural Wood Framed Art Print 30"" x 20"" | Ships from USA",U.S. Fulfillment,28.99,49.99,21.0,42.0,,https://ipimg.interestprint.com/data/product/5336/img/20260310/20260310013000944067_250x250.jpg,https://www.interestprint.com/custom/natural_wood_framed_art_print_30_x_20_ships_from_usa-5336.html
3166,5331,"Natural Wood Framed Art Print 20"" x 30"" | Ships from USA",U.S. Fulfillment,28.99,49.99,21.0,42.0,,https://ipimg.interestprint.com/data/product/5331/img/20260310/20260310012624008723_250x250.jpg,https://www.interestprint.com/custom/natural_wood_framed_art_print_20_x_30_ships_from_usa-5331.html
3167,4883,Chair Cover (Pack of 6) | Ships from USA,U.S. Fulfillment,28.99,49.99,21.0,42.0,,https://ipimg.interestprint.com/data/product/4883/img/20260107/20260107224535319163_250x250.jpg,https://www.interestprint.com/custom/chair_cover_pack_of_6-4883.html
3168,4821,Custom Chair Cover (Pack of 4) | Ships from USA,U.S. Fulfillment,28.99,45.99,17.0,37.0,,https://ipimg.interestprint.com/data/product/4821/img/20260107/20260107224719808339_250x250.jpg,https://www.interestprint.com/custom/custom_chair_cover_pack_of_4-4821.html
3169,4812,"Sofa Cushion Cover (50"" x 27.5"" x 8"")(Pack of 4)  | Ships from USA",U.S. Fulfillment,28.99,69.99,41.0,58.6,,https://ipimg.interestprint.com/data/product/4812/img/20260107/20260107225138071778_250x250.jpg,https://www.interestprint.com/custom/sofa_cushion_cover_50_x_27_5_x_8_pack_of_4-4812.html
3170,4787,"20"" Custom Shaped Pillow (Two-Sided Printing)",Personalized Product,28.99,32.99,4.0,12.1,,https://ipimg.interestprint.com/data/product/4787/img/20251016/20251016014002363959_250x250.png,https://www.interestprint.com/custom/custom_shaped_twin_side_print_pillow-4787.html
3171,1477,Women's Padded Hooded Jacket (ModelH46),Women's Clothing,28.99,79.99,51.0,63.8,,https://ipimg.interestprint.com/data/product/1477/img/20210329/20210329222742156079_250x250.jpg,https://www.interestprint.com/custom/women_s_padded_hooded_jacket_h46-1477.html
3172,4949,Women's V-Neck Pajama Set (Model Sets 32),Women's Clothing,28.99,47.99,19.0,39.6,,https://ipimg.interestprint.com/data/product/4949/img/20251110/20251110232315143687_250x250.jpg,https://www.interestprint.com/custom/women_s_v_neck_pajama_set_model_sets_32-4949.html
3173,3728,Blanket Hoodie for Big Kids (Model H67),Home Decor,28.99,38.99,10.0,25.6,,https://ipimg.interestprint.com/data/product/3728/img/20240801/20240801180022167129_250x250.jpg,https://www.interestprint.com/custom/blanket_hoodie_for_big_kids-3728.html
3174,2970,"Custom Gaming Mousepad 47""x23.5""(with Stitched Edges)",Home Decor,28.99,43.99,15.0,34.1,,https://ipimg.interestprint.com/data/product/2970/img/20231220/20231220225958131539_250x250.jpg,https://www.interestprint.com/custom/personalized_rectangle_rubber_mousepad_23_6_47in-2970.html
3175,2495,Men's High Top Sneakers (Model 20042),Shoes,28.99,57.99,29.0,50.0,,https://ipimg.interestprint.com/data/product/2495/img/20220815/20220815024006306201_250x250.jpg,https://www.interestprint.com/custom/men_s_high_top_sneakers_model_20042-2495.html
3176,2476,Men's Slip-On Sneakers (Model 67502),Shoes,28.99,44.99,16.0,35.6,,https://ipimg.interestprint.com/data/product/2476/img/20220728/20220728230129216019_250x250.jpg,https://www.interestprint.com/custom/67502-2476.html
3177,1065,Men's Athletic Shoes(Model 0200),Shoes,28.99,69.99,41.0,58.6,,https://ipimg.interestprint.com/data/product/1065/img/20190801/20190801105054621508_250x250.jpg,https://www.interestprint.com/custom/men_s_athletic_shoes_model_0200-1065.html
3178,1064,Women's Athletic Shoes (Model 0200),Shoes,28.99,69.99,41.0,58.6,,https://ipimg.interestprint.com/data/product/1064/img/20190801/20190801104823419945_250x250.jpg,https://www.interestprint.com/custom/women_s_athletic_shoes_model_0200-1064.html
3179,662,Kid's Sneakers (Little Kid / Big Kid) (Model020),Shoes,29.0,59.99,30.99,51.7,,https://ipimg.interestprint.com/data/product/662/img/20250304/20250304193036604662_250x250.jpg,https://www.interestprint.com/custom/running_kid_s_shoes_model020-662.html
3180,4253,Puzzle Heart Necklace (Sliver),Personalized Product,29.21,49.99,20.78,41.6,,https://ipimg.interestprint.com/data/product/4253/img/20250326/20250326223846909760_250x250.jpg,https://www.interestprint.com/custom/puzzle_heart_necklace_sliver-4253.html
3181,4552,"Custom Picture Frame Canvas Painting 16""×12"" - Horizontal (Golden) | Ships from USA",U.S. Fulfillment,29.25,55.99,26.74,47.8,,https://ipimg.interestprint.com/data/product/4552/img/20260109/20260109061658099686_250x250.jpg,https://www.interestprint.com/custom/custom_picture_frame_canvas_painting_16_12_horizontal_golden-4552.html
3182,4531,"Custom Picture Frame Canvas Painting 16""×12"" - Horizontal (Black) | Ships from USA",U.S. Fulfillment,29.25,55.99,26.74,47.8,,https://ipimg.interestprint.com/data/product/4531/img/20260109/20260109065908871579_250x250.jpg,https://www.interestprint.com/custom/picture_frame_canvas_painting_horizontal_black-4531.html
3183,4541,"Custom Picture Frame Canvas Painting 12""×16"" - Vertical (Golden) | Ships from USA",U.S. Fulfillment,29.25,55.99,26.74,47.8,,https://ipimg.interestprint.com/data/product/4541/img/20260109/20260109064548763056_250x250.jpg,https://www.interestprint.com/custom/custom_picture_frame_canvas_painting_12_16_vertical_golden-4541.html
3184,4538,"Custom Picture Frame Canvas Painting 12""×16"" - Vertical (Black) | Ships from USA",U.S. Fulfillment,29.25,55.99,26.74,47.8,,https://ipimg.interestprint.com/data/product/4538/img/20260109/20260109064027490709_250x250.jpg,https://www.interestprint.com/custom/custom_picture_frame_canvas_painting_12_16_vertical_black-4538.html
3185,4752,Men's Double Breasted Coat,Men's Clothing,29.41,60.99,31.58,51.8,,https://ipimg.interestprint.com/data/product/4752/img/20250923/20250923225956805744_250x250.jpg,https://www.interestprint.com/custom/men_s_double_breasted_coat-4752.html
3186,4818,"Picnic Table Cover (60"" x 30"")(Pack of 4) | Ships from USA",U.S. Fulfillment,29.99,51.99,22.0,42.3,,https://ipimg.interestprint.com/data/product/4818/img/20260109/20260109225934556305_250x250.jpg,https://www.interestprint.com/custom/picnic_table_cover_60_x_30_pack_of_4-4818.html
3187,1228,Custom Photo Engraved Moon Lamp(15cm),Personalized Product,29.99,59.99,30.0,50.0,,https://ipimg.interestprint.com/data/product/1228/img/20200717/20200717031929464536_250x250.jpg,https://www.interestprint.com/custom/custom_photo_engraved_moon_lamp_medium-1228.html
3188,617,Women's All Over Print Full Zip Hoodie (Model H14),Women's Clothing,29.99,49.99,20.0,40.0,,https://ipimg.interestprint.com/data/product/617/img/20180130/20180130173103080862_250x250.png,https://www.interestprint.com/custom/women_s_all_over_print_full_zip_hoodie_model_h14-617.html
3189,3149,Men's Flannel Hoodie (Model H63),Men's Clothing,29.99,45.99,16.0,34.8,,https://ipimg.interestprint.com/data/product/3149/img/20240409/20240409235646646916_250x250.jpg,https://www.interestprint.com/custom/men_s_flannel_hoodie_h63-3149.html
3190,2682,Men's Fleece Hoodie with White Hood Lining (Model H55),Men's Clothing,29.99,44.99,15.0,33.3,,https://ipimg.interestprint.com/data/product/2682/img/20230330/20230330194013347892_250x250.jpg,https://www.interestprint.com/custom/h55-2682.html
3191,1400,Men's Hooded Bomber Jacket(ModelH42),Men's Clothing,29.99,59.99,30.0,50.0,,https://ipimg.interestprint.com/data/product/1400/img/20210204/20210204032121906893_250x250.jpg,https://www.interestprint.com/custom/men_s_bomber_hooded_jacket_modelh42-1400.html
3192,837,Men's Short Sleeve Shirt With Lapel Collar (Model T54),Men's Clothing,29.99,49.99,20.0,40.0,,https://ipimg.interestprint.com/data/product/837/img/20180724/20180724184644556212_250x250.png,https://www.interestprint.com/custom/men_s_v_neck_shirt_model_t54-837.html
3193,4553,"Custom Picture Frame Canvas Painting 18""×12"" - Horizontal (Golden) | Ships from USA",U.S. Fulfillment,30.27,57.99,27.72,47.8,,https://ipimg.interestprint.com/data/product/4553/img/20260109/20260109032803062513_250x250.jpg,https://www.interestprint.com/custom/custom_picture_frame_canvas_painting_18_12_horizontal_golden-4553.html
3194,4550,"Custom Picture Frame Canvas Painting 18""×12"" - Horizontal (Black) | Ships from USA",U.S. Fulfillment,30.27,57.99,27.72,47.8,,https://ipimg.interestprint.com/data/product/4550/img/20260109/20260109062039958482_250x250.jpg,https://www.interestprint.com/custom/custom_picture_frame_canvas_painting_18_12_horizontal_black-4550.html
3195,4542,"Custom Picture Frame Canvas Painting 12""×18"" - Vertical (Golden) | Ships from USA",U.S. Fulfillment,30.27,57.99,27.72,47.8,,https://ipimg.interestprint.com/data/product/4542/img/20260109/20260109064726507092_250x250.jpg,https://www.interestprint.com/custom/custom_picture_frame_canvas_painting_12_18_vertical_golden-4542.html
3196,4539,"Custom Picture Frame Canvas Painting 12""×18"" - Vertical (Black) | Ships from USA",U.S. Fulfillment,30.27,57.99,27.72,47.8,,https://ipimg.interestprint.com/data/product/4539/img/20260109/20260109064221608894_250x250.jpg,https://www.interestprint.com/custom/custom_picture_frame_canvas_painting_12_18_vertical_black-4539.html
3197,6010,"Grommet Curtains 52"" x 63"" ( Set of 2 ) | Ships from USA",U.S. Fulfillment,30.79,52.99,22.2,41.9,,https://ipimg.interestprint.com/data/product/6010/img/20260729/20260729135250598835_250x250.jpg,https://www.interestprint.com/custom/grommet_curtains_52_x_63_set_of_2_ships_from_usa-6010.html
3198,5951,Stair Tread Mats ( 15 Pieces ) | Ships from USA,U.S. Fulfillment,30.99,66.99,36.0,53.7,,https://ipimg.interestprint.com/data/product/5951/img/20260710/20260710163517313302_250x250.jpg,https://www.interestprint.com/custom/stair_tread_mats_15_pieces_ships_from_usa-5951.html
3199,5529,"Double Bed Fitted Sheet 60"" x 80"" x 13"" | Ships from USA",U.S. Fulfillment,30.99,37.19,6.2,16.7,,https://ipimg.interestprint.com/data/product/5529/img/20260421/20260421151420540579_250x250.jpg,https://www.interestprint.com/custom/double_bed_fitted_sheet_60_x_80_x_13_ships_from_usa-5529.html
3200,5347,"Black Framed Art Print 30"" x 20"" | Ships from USA",U.S. Fulfillment,30.99,49.99,19.0,38.0,,https://ipimg.interestprint.com/data/product/5347/img/20260311/20260311011008026126_250x250.jpg,https://www.interestprint.com/custom/black_framed_art_print_30_x_20_ships_from_usa-5347.html
3201,5342,"Black Framed Art Print 20"" x 30"" | Ships from USA",U.S. Fulfillment,30.99,49.99,19.0,38.0,,https://ipimg.interestprint.com/data/product/5342/img/20260311/20260311010644604183_250x250.jpg,https://www.interestprint.com/custom/black_framed_art_print_20_x_30_ships_from_usa-5342.html
3202,3255,Custom Travel Bag-Small (Black Long Patch) (Model 1734),Bags,30.99,46.99,16.0,34.0,,https://ipimg.interestprint.com/data/product/3255/img/20240425/20240425201625096369_250x250.jpg,https://www.interestprint.com/custom/leather_travel_bag_small_long_patch-3255.html
3203,5518,Women's High-Top Outdoor Chunky Sneakers,Shoes,30.99,37.19,6.2,16.7,,https://ipimg.interestprint.com/data/product/5518/img/20260418/20260418140416104769_250x250.jpg,https://www.interestprint.com/custom/women_s_high_top_outdoor_chunky_sneakers-5518.html
3204,5516,Women's Low-Top Outdoor Chunky Sneakers,Shoes,30.99,37.19,6.2,16.7,,https://ipimg.interestprint.com/data/product/5516/img/20260418/20260418141048898571_250x250.jpg,https://www.interestprint.com/custom/women_s_low_top_outdoor_chunky_sneakers-5516.html
3205,1027,Charms with Multiple Pendant Necklace(4 Pendants)(Titanium Steel),Personalized Product,31.13,82.99,51.86,62.5,,https://ipimg.interestprint.com/data/product/1027/img/20190703/20190703032856021805_250x250.jpg,https://www.interestprint.com/custom/charms_with_multiple_pendant_keychain_titanium_steel_4_pendants-1027.html
3206,4184,84x60 Inch Area Rug with Black Binding | Ships from USA,U.S. Fulfillment,31.99,89.99,58.0,64.5,,https://ipimg.interestprint.com/data/product/4184/img/20260110/20260110052718990468_250x250.jpg,https://www.interestprint.com/custom/custom_area_rug_with_black_binding_84x60inch_us02-4184.html
3207,2902,Women's Fleece Full-Zip Hoodie (Model H60),Women's Clothing,31.99,39.99,8.0,20.0,,https://ipimg.interestprint.com/data/product/2902/img/20231011/20231011182016501522_250x250.jpg,https://www.interestprint.com/custom/women_s_fleece_full_zip_hoodie_h60-2902.html
3208,2259,Blanket Hoodie for Little Kids,Home Decor,31.99,49.99,18.0,36.0,,https://ipimg.interestprint.com/data/product/2259/img/20211115/20211115224612766140_250x250.jpg,https://www.interestprint.com/custom/blanket_hoodie_for_kids-2259.html
3209,181,Classic Tote Bag (Model 1644),Bags,31.99,49.99,18.0,36.0,,https://ipimg.interestprint.com/data/product/181/img/20150625/20150625113838220571_250x250.jpg,https://www.interestprint.com/custom/classic_tote_bag-181.html
3210,5519,Men's High-Top Outdoor Chunky Sneakers,Shoes,31.99,38.39,6.4,16.7,,https://ipimg.interestprint.com/data/product/5519/img/20260418/20260418135836637550_250x250.jpg,https://www.interestprint.com/custom/men_s_high_top_outdoor_chunky_sneakers-5519.html
3211,5517,Men's Low-Top Outdoor Chunky Sneakers,Shoes,31.99,38.39,6.4,16.7,,https://ipimg.interestprint.com/data/product/5517/img/20260418/20260418142506918049_250x250.jpg,https://www.interestprint.com/custom/men_s_low_top_outdoor_chunky_sneakers-5517.html
3212,953,Women's Breathable Sneakers (Model 055) (Two Shoes With Different Printing),Shoes,31.99,69.99,38.0,54.3,,https://ipimg.interestprint.com/data/product/953/img/20190328/20190328191140799413_250x250.jpg,https://www.interestprint.com/custom/women_s_breathable_sneakers_model_055-953.html
3213,901,Women's Breathable Sneakers (Model 055),Shoes,31.99,69.99,38.0,54.3,,https://ipimg.interestprint.com/data/product/901/img/20181018/20181018201018205567_250x250.png,https://www.interestprint.com/custom/women_s_sneakers_model_055-901.html
3214,5774,"Grommet Curtains 42"" x 84"" ( Set of 2 ) | Ships from USA",U.S. Fulfillment,32.19,49.99,17.8,35.6,,https://ipimg.interestprint.com/data/product/5774/img/20260605/20260605164801855894_250x250.jpg,https://www.interestprint.com/custom/grommet_curtains_set_of_2_42_x_84_ships_from_usa-5774.html
3215,4946,Men's V-Neck Pajama Set (Model Sets 32),Men's Clothing,32.99,48.99,16.0,32.7,,https://ipimg.interestprint.com/data/product/4946/img/20251111/20251111222142460696_250x250.jpg,https://www.interestprint.com/custom/men_s_v_neck_pajama_set_sets_32-4946.html
3216,3477,Men's Bomber Jacket (Model H65),Men's Clothing,32.99,44.99,12.0,26.7,,https://ipimg.interestprint.com/data/product/3477/img/20240611/20240611022443665271_250x250.jpg,https://www.interestprint.com/custom/men_s_bomber_jacket-3477.html
3217,616,Men's All Over Print Full Zip Hoodie (Model H14),Men's Clothing,32.99,52.99,20.0,37.7,,https://ipimg.interestprint.com/data/product/616/img/20180117/20180117172026507460_250x250.jpg,https://www.interestprint.com/custom/men_s_all_over_print_full_zip_hoodie_model_h14-616.html
3218,3989,Custom Women's Low Top Shoes(Model 1013-6),Shoes,32.99,42.99,10.0,23.3,,https://ipimg.interestprint.com/data/product/3989/img/20241117/20241117214811905805_250x250.jpg,https://www.interestprint.com/custom/custom_low_top_women_s_shoes_1013_6-3989.html
3219,955,Men's Breathable Sneakers (Model 055) (Two Shoes With Different Printing),Shoes,32.99,69.99,37.0,52.9,,https://ipimg.interestprint.com/data/product/955/img/20190327/20190327085951803622_250x250.jpg,https://www.interestprint.com/custom/men_s_breathable_sneakers_model_055-955.html
3220,903,Men's Breathable Sneakers ( Model 055),Shoes,32.99,69.99,37.0,52.9,,https://ipimg.interestprint.com/data/product/903/img/20190108/20190108211752047471_250x250.jpg,https://www.interestprint.com/custom/men_s_sneakers_model_055-903.html
3221,1307,Women's Classic Canvas Low Top Shoe (ModelE001-4),Shoes,32.99,69.99,37.0,52.9,,https://ipimg.interestprint.com/data/product/1307/img/20231023/20231023231322850373_250x250.jpg,https://www.interestprint.com/custom/classic_women_s_canvas_low_top_shoe_modele001_4-1307.html
3222,4669,Triptych Decorative Frame (Two Size Options) | Ships from USA,U.S. Fulfillment,33.98,69.99,36.01,51.5,,https://ipimg.interestprint.com/data/product/4669/img/20260109/20260109012622019486_250x250.jpg,https://www.interestprint.com/custom/3_panel_canvas_print_vertical-4669.html
3223,2885,Men's Fleece Full-Zip Hoodie (Model H60),Men's Clothing,33.99,51.99,18.0,34.6,,https://ipimg.interestprint.com/data/product/2885/img/20231004/20231004183551702227_250x250.jpg,https://www.interestprint.com/custom/men_s_fleece_full_zip_hoodie-2885.html
3224,3990,Custom Men's Low Top Shoes(Model 1013-6),Shoes,33.99,46.99,13.0,27.7,,https://ipimg.interestprint.com/data/product/3990/img/20241118/20241118005503054038_250x250.jpg,https://www.interestprint.com/custom/custom_low_top_men_s_shoes_1013_6-3990.html
3225,528,Vancouver High Top Canvas Women's Shoes (Model1013-1),Shoes,33.99,54.99,21.0,38.2,,https://ipimg.interestprint.com/data/product/528/img/20240217/20240217213326878298_250x250.jpg,https://www.interestprint.com/custom/model1013_1-528.html
3226,1308,Men's Classic Canvas Low Top Shoe(ModelE001-4),Shoes,33.99,69.99,36.0,51.4,,https://ipimg.interestprint.com/data/product/1308/img/20231023/20231023232342144170_250x250.jpg,https://www.interestprint.com/custom/classic_men_s_canvas_low_top_shoe_modele001_4-1308.html
3227,1229,Custom Photo Engraved Moon Lamp(18cm),Personalized Product,34.27,69.99,35.72,51.0,,https://ipimg.interestprint.com/data/product/1229/img/20200717/20200717031302947871_250x250.jpg,https://www.interestprint.com/custom/custom_photo_engraved_moon_lamp_large-1229.html
3228,5461,"Custom Bedding Set 3 PCS ( 54"" × 75"" × 13"" ) | Ships from USA",U.S. Fulfillment,34.99,41.99,7.0,16.7,,https://ipimg.interestprint.com/data/product/5461/img/20260430/20260430130744828347_250x250.jpg,https://www.interestprint.com/custom/full_bedding_set_fitted_sheet_pillowcases_que-5461.html
3229,5348,"Black Framed Art Print 36"" x 24"" | Ships from USA",U.S. Fulfillment,34.99,53.99,19.0,35.2,,https://ipimg.interestprint.com/data/product/5348/img/20260311/20260311011053794834_250x250.jpg,https://www.interestprint.com/custom/black_framed_art_print_36_x_24_ships_from_usa-5348.html
3230,5343,"Black Framed Art Print 24"" x 36"" | Ships from USA",U.S. Fulfillment,34.99,53.99,19.0,35.2,,https://ipimg.interestprint.com/data/product/5343/img/20260311/20260311010720528951_250x250.jpg,https://www.interestprint.com/custom/black_framed_art_print_24_x_36_ships_from_usa-5343.html
3231,3256,Custom Travel Bag-Large (Black Long Patch)(Model 1734),Bags,34.99,52.99,18.0,34.0,,https://ipimg.interestprint.com/data/product/3256/img/20240423/20240423203248414705_250x250.jpg,https://www.interestprint.com/custom/leather_travel_bag_large_long_patch-3256.html
3232,1370,"Personalized Paint By Numbers(20"" x 16"")",Wall Art,34.99,59.99,25.0,41.7,,https://ipimg.interestprint.com/data/product/1370/img/20201222/20201222010837311461_250x250.jpg,https://www.interestprint.com/custom/personalized_paint_with_frame_20_x_16-1370.html
3233,545,Sleeveless Skater Dress (Model D19),Women's Clothing,35.0,55.99,20.99,37.5,,https://ipimg.interestprint.com/data/product/545/img/20220217/20220217235736321088_250x250.jpg,https://www.interestprint.com/custom/sleeveless_skater_dress_model_d19-545.html
3234,456,Area Rug 5' x 3.2',Home Decor,35.0,59.99,24.99,41.7,,https://ipimg.interestprint.com/data/product/456/img/20160928/20160928015919991234_250x250.jpg,https://www.interestprint.com/custom/5_x3_3-456.html
3235,4904,Vintage Wash Hoodie (Front&Back Printing) | Ships from USA,U.S. Fulfillment,35.39,55.99,20.6,36.8,,https://ipimg.interestprint.com/data/product/4904/img/20260109/20260109034256970053_250x250.jpg,https://www.interestprint.com/custom/vintage_wash_hoodie-4904.html
3236,1106,Men's All Over Print Quilted Windbreaker(Model H35),Men's Clothing,35.49,89.99,54.5,60.6,,https://ipimg.interestprint.com/data/product/1106/img/20191110/20191110084633995043_250x250.jpg,https://www.interestprint.com/custom/men_s_all_over_print_quilted_windbreaker_model_h35-1106.html
3237,4751,Women's Hooded Puffer Coat,Women's Clothing,35.55,70.99,35.44,49.9,,https://ipimg.interestprint.com/data/product/4751/img/20250923/20250923230356994392_250x250.jpg,https://www.interestprint.com/custom/women_s_hooded_puffer_coat-4751.html
3238,4601,Octagon Metal Wall Sign(3 PCS)  | Ships from USA,U.S. Fulfillment,35.91,57.99,22.08,38.1,,https://ipimg.interestprint.com/data/product/4601/img/20260109/20260109053025706397_250x250.jpg,https://www.interestprint.com/custom/octagon_metal_wall_sign_3_pcs-4601.html
3239,5007,3-Piece Kitchen Mat Set | Ships from USA,U.S. Fulfillment,35.96,66.99,31.03,46.3,,https://ipimg.interestprint.com/data/product/5007/img/20260109/20260109034042061447_250x250.jpg,https://www.interestprint.com/custom/3_piece_kitchen_mat_set-5007.html
3240,2904,Hooded Onesie Pajamas For Adults (Model Sets 23）,Halloween Decor,35.99,55.99,20.0,35.7,,https://ipimg.interestprint.com/data/product/2904/img/20241215/20241215193813751125_250x250.jpg,https://www.interestprint.com/custom/unisex_zipper_one_piece_pajamas-2904.html
3241,4882,Custom Chair Cover (Pack of 6)  | Ships from USA,U.S. Fulfillment,35.99,55.99,20.0,35.7,,https://ipimg.interestprint.com/data/product/4882/img/20260107/20260107224636112749_250x250.jpg,https://www.interestprint.com/custom/custom_chair_cover_pack_of_6-4882.html
3242,604,Canvas Tote Bag (Model1657) (Set of 4),Bags,35.99,54.99,19.0,34.6,,https://ipimg.interestprint.com/data/product/604/img/20240217/20240217180732670421_250x250.jpg,https://www.interestprint.com/custom/canvas_tote_bag_model1657_set_of_4-604.html
3243,195,Men's Sneakers (Model 020),Shoes,35.99,54.95,18.96,34.5,,https://ipimg.interestprint.com/data/product/195/img/20250105/20250105170652433438_250x250.jpg,https://www.interestprint.com/custom/running_men_s_shoes-195.html
3244,194,Women's Sneakers (Model 020),Shoes,35.99,54.95,18.96,34.5,,https://ipimg.interestprint.com/data/product/194/img/20250105/20250105175947506452_250x250.jpg,https://www.interestprint.com/custom/running_women_s_shoes-194.html
3245,4004,Car Seat Cover Airbag Compatible(Set of Two & Different Printings),Accessories,35.99,69.99,34.0,48.6,,https://ipimg.interestprint.com/data/product/4004/img/20241121/20241121004433590479_250x250.jpg,https://www.interestprint.com/custom/custom_car_seat_cover_airbag_compatible_set_of_2-4004.html
3246,2537,Car Seat Covers(Set of 2) (Each Piece with Different Printing),Accessories,35.99,72.99,37.0,50.7,,https://ipimg.interestprint.com/data/product/2537/img/20220825/20220825204437385623_250x250.jpg,https://www.interestprint.com/custom/car_seat_covers_set_of_2-2537.html
3247,1142,Car Seat Cover Airbag Compatible(Set of 2),Accessories,35.99,69.99,34.0,48.6,,https://ipimg.interestprint.com/data/product/1142/img/20200319/20200319010813996560_250x250.jpg,https://www.interestprint.com/custom/car_seat_cover_airbag_compatible-1142.html
3248,1911,Area Rug with Black Binding 5'x3'3'',Home Decor,36.0,59.99,23.99,40.0,,https://ipimg.interestprint.com/data/product/1911/img/20210516/20210516201757953806_250x250.jpg,https://www.interestprint.com/custom/area_rug_with_black_binding_5_x3_3-1911.html
3249,5775,"Grommet Curtains  52"" x 84"" (Set of 2) | Ships from USA",U.S. Fulfillment,36.49,52.99,16.5,31.1,,https://ipimg.interestprint.com/data/product/5775/img/20260605/20260605164838087877_250x250.jpg,https://www.interestprint.com/custom/grommet_curtains_set_of_2_52_x_84_ships_from_usa-5775.html
3250,4634,"Frame Canvas Painting 24""×20""-Horizontal  | Ships from USA",U.S. Fulfillment,36.78,59.99,23.21,38.7,,https://ipimg.interestprint.com/data/product/4634/img/20260109/20260109013113219104_250x250.jpg,https://www.interestprint.com/custom/frame_canvas_painting_24_20_horizontal-4634.html
3251,4632,"Frame Canvas Painting 20""×24"" -Vertical | Ships from USA",U.S. Fulfillment,36.78,59.99,23.21,38.7,,https://ipimg.interestprint.com/data/product/4632/img/20260109/20260109013329064461_250x250.jpg,https://www.interestprint.com/custom/frame_canvas_painting_20_24_vertical-4632.html
3252,5720,"Cotton Linen House Flag 60"" x 96"" (Two Sides) | Ships from USA",U.S. Fulfillment,36.99,66.99,30.0,44.8,,https://ipimg.interestprint.com/data/product/5720/img/20260526/20260526151826426462_250x250.jpg,https://www.interestprint.com/custom/cotton_linen_house_flag_60_x_96_two_sides_ships_from_usa-5720.html
3253,5398,"Custom Bedding Set 3 PCS ( 60"" × 80"" × 13"" ) | Ships from USA",U.S. Fulfillment,36.99,44.39,7.4,16.7,,https://ipimg.interestprint.com/data/product/5398/img/20260325/20260325141406078512_250x250.jpg,https://www.interestprint.com/custom/custom_bedding_set_fitted_sheet_pillowcases_ships_from_usa-5398.html
3254,1105,Women's All Over Print Bomber Jacket(Model H36),Women's Clothing,36.99,59.99,23.0,38.3,,https://ipimg.interestprint.com/data/product/1105/img/20191110/20191110194805974757_250x250.jpg,https://www.interestprint.com/custom/women_s_all_over_print_bomber_jacket_model_h36-1105.html
3255,4174,Men's Belted Sleep Robe (Model Sets 30),Men's Clothing,36.99,53.99,17.0,31.5,,https://ipimg.interestprint.com/data/product/4174/img/20250217/20250217172323934278_250x250.jpg,https://www.interestprint.com/custom/custom_men_s_belted_sleep_robe_sets_30-4174.html
3256,527,Vancouver High Top Canvas Men's Shoes (Model1013-1),Shoes,36.99,57.99,21.0,36.2,,https://ipimg.interestprint.com/data/product/527/img/20170225/20170225000651117921_250x250.jpg,https://www.interestprint.com/custom/model1013_1-527.html
3257,1187,Custom Fabric Dust Cover(60 PCS Filters Included),Accessories,36.99,79.99,43.0,53.8,,https://ipimg.interestprint.com/data/product/1187/img/20200429/20200429045607790844_250x250.jpg,https://www.interestprint.com/custom/custom_fabric_dust_cover_60_filters_included-1187.html
3258,849,Women's Lace-Up Canvas Shoes (Model E001-2),Shoes,37.99,69.99,32.0,45.7,,https://ipimg.interestprint.com/data/product/849/img/20180911/20180911022818493247_250x250.png,https://www.interestprint.com/custom/e001_2-849.html
3259,859,Men's Basketball Shoes (Model 57502),Shoes,37.99,69.99,32.0,45.7,,https://ipimg.interestprint.com/data/product/859/img/20180911/20180911021915714614_250x250.png,https://www.interestprint.com/custom/men_s_basketball_sneakers_model_57502-859.html
3260,857,Women's Basketball Shoes (Model 57502),Shoes,37.99,69.99,32.0,45.7,,https://ipimg.interestprint.com/data/product/857/img/20180911/20180911022225612177_250x250.png,https://www.interestprint.com/custom/women_s_basketball_shoes_model_57502-857.html
3261,846,Women's Basketball Training Shoes (Model 47502),Shoes,37.99,69.99,32.0,45.7,,https://ipimg.interestprint.com/data/product/846/img/20180911/20180911023015785066_250x250.png,https://www.interestprint.com/custom/women_s_running_sneakers-846.html
3262,774,Women's All Over Print Horizontal Stripes Jacket (Model H21),Women's Clothing,38.0,59.99,21.99,36.7,,https://ipimg.interestprint.com/data/product/774/img/20180128/20180128224505032788_250x250.jpg,https://www.interestprint.com/custom/women_s_jackets-774.html
3263,1029,Charms with Multiple Pendant Necklace(5 Pendants)(Titanium Steel),Personalized Product,38.46,92.99,54.53,58.6,,https://ipimg.interestprint.com/data/product/1029/img/20190703/20190703032428854258_250x250.jpg,https://www.interestprint.com/custom/charms_with_multiple_pendant_keychain_titanium_steel_5_pendants-1029.html
3264,854,Women's High Top Canvas Shoes (Model E001-1),Shoes,38.99,69.99,31.0,44.3,,https://ipimg.interestprint.com/data/product/854/img/20180911/20180911022415378962_250x250.png,https://www.interestprint.com/custom/women_s_high_top_canvas_shoes_model_e001_1-854.html
3265,4546,"Picture Frame Canvas Painting 24""×16"" - Horizontal (Black) | Ships from USA",U.S. Fulfillment,39.44,79.99,40.55,50.7,,https://ipimg.interestprint.com/data/product/4546/img/20260109/20260109065343560468_250x250.jpg,https://www.interestprint.com/custom/picture_frame_canvas_painting_24_16_horizontal_black-4546.html
3266,4534,"Picture Frame Canvas Painting 16"" × 24"" - Vertical (Black) | Ships from USA",U.S. Fulfillment,39.44,79.99,40.55,50.7,,https://ipimg.interestprint.com/data/product/4534/img/20260109/20260109063505367345_250x250.jpg,https://www.interestprint.com/custom/picture_frame_canvas_painting_16_24_vertical_black-4534.html
3267,3008,Men's Ribbed-Stripe Jacket (Model H21),Men's Clothing,39.99,59.99,20.0,33.3,,https://ipimg.interestprint.com/data/product/3008/img/20240228/20240228214505428678_250x250.jpg,https://www.interestprint.com/custom/men_s_striped_trim_bomber_jacket_h21-3008.html
3268,853,Men's High Top Canvas Shoes (Model E001-1),Shoes,39.99,69.99,30.0,42.9,,https://ipimg.interestprint.com/data/product/853/img/20180911/20180911022620899486_250x250.png,https://www.interestprint.com/custom/men_s_high_top_canvas_shoes_model_e001_1-853.html
3269,851,Men's Lace-Up Canvas Shoes (Model E001-2),Shoes,39.99,69.99,30.0,42.9,,https://ipimg.interestprint.com/data/product/851/img/20180911/20180911022659851321_250x250.png,https://www.interestprint.com/custom/men_s_lace_up_low_top_shoes_model_e001_2-851.html
3270,848,Men's Basketball Training Shoes (Model 47502),Shoes,39.99,69.99,30.0,42.9,,https://ipimg.interestprint.com/data/product/848/img/20180911/20180911022857045239_250x250.png,https://www.interestprint.com/custom/47502-848.html
3271,4554,"Custom Picture Frame Canvas Painting 24""×16"" - Horizontal (Golden) | Ships from USA",U.S. Fulfillment,40.7,68.99,28.29,41.0,,https://ipimg.interestprint.com/data/product/4554/img/20260109/20260109061449078332_250x250.jpg,https://www.interestprint.com/custom/custom_picture_frame_canvas_painting_24_16_horizontal_golden-4554.html
3272,4551,"Custom Picture Frame Canvas Painting 24""×16"" - Horizontal (Black) | Ships from USA",U.S. Fulfillment,40.7,68.99,28.29,41.0,,https://ipimg.interestprint.com/data/product/4551/img/20260109/20260109061843344667_250x250.jpg,https://www.interestprint.com/custom/custom_picture_frame_canvas_painting_24_16_horizontal_black-4551.html
3273,4543,"Custom Picture Frame Canvas Painting 16""×24"" - Vertical (Golden) | Ships from USA",U.S. Fulfillment,40.7,68.99,28.29,41.0,,https://ipimg.interestprint.com/data/product/4543/img/20260109/20260109064844910690_250x250.jpg,https://www.interestprint.com/custom/custom_picture_frame_canvas_painting_16_24_vertical_golden-4543.html
3274,4540,"Custom Picture Frame Canvas Painting 16""×24"" - Vertical (Black) | Ships from USA",U.S. Fulfillment,40.7,68.99,28.29,41.0,,https://ipimg.interestprint.com/data/product/4540/img/20260109/20260109064410220777_250x250.jpg,https://www.interestprint.com/custom/custom_picture_frame_canvas_painting_16_24_vertical_black-4540.html
3275,5971,"Sherpa Fleece Blanket 80"" x 90"" | Ships from USA",U.S. Fulfillment,40.99,66.99,26.0,38.8,,https://ipimg.interestprint.com/data/product/5971/img/20260715/20260715172303645060_250x250.jpg,https://www.interestprint.com/custom/sherpa_fleece_blanket_80_x_90_ships_from_usa-5971.html
3276,1040,Men's All Over Print Quilted Bomber Jacket(Model H33),Men's Clothing,42.99,79.99,37.0,46.3,,https://ipimg.interestprint.com/data/product/1040/img/20190703/20190703041116686584_250x250.jpg,https://www.interestprint.com/custom/men_s_all_over_print_jacket_model_h33-1040.html
3277,455,Area Rug 5.2' x 4’,Home Decor,42.99,64.99,22.0,33.9,,https://ipimg.interestprint.com/data/product/455/img/20160928/20160928021553689390_250x250.jpg,https://www.interestprint.com/custom/area_rug_5_3_x4-455.html
3278,5972,"Sherpa Fleece Blanket 90"" x 90"" | Ships from USA",U.S. Fulfillment,43.99,69.99,26.0,37.1,,https://ipimg.interestprint.com/data/product/5972/img/20260715/20260715172220776639_250x250.jpg,https://www.interestprint.com/custom/sherpa_fleece_blanket_90_x_90_ships_from_usa-5972.html
3279,2835,Unisex Blanket Hoodie(Model H59）,Home Decor,43.99,65.99,22.0,33.3,,https://ipimg.interestprint.com/data/product/2835/img/20230821/20230821020730935571_250x250.jpg,https://www.interestprint.com/custom/unisex_blanket_hoodie-2835.html
3280,1912,Area Rug with Black Binding 5'3''x4',Home Decor,43.99,69.99,26.0,37.1,,https://ipimg.interestprint.com/data/product/1912/img/20210516/20210516203435575396_250x250.jpg,https://www.interestprint.com/custom/area_rug_with_black_binding_5_3_x4-1912.html
3281,457,Area Rug 7' x 3.2',Home Decor,44.99,69.99,25.0,35.7,,https://ipimg.interestprint.com/data/product/457/img/20160928/20160928015750163712_250x250.jpg,https://www.interestprint.com/custom/area_rug_7_x_3_3-457.html
3282,1914,Area Rug with Black Binding  7'x3'3'',Home Decor,45.99,75.99,30.0,39.5,,https://ipimg.interestprint.com/data/product/1914/img/20210516/20210516205135775851_250x250.jpg,https://www.interestprint.com/custom/area_rug_with_black_binding_7_x3_3-1914.html
3283,5973,"Sherpa Fleece Blanket 90"" x 108"" | Ships from USA",U.S. Fulfillment,52.99,76.99,24.0,31.2,,https://ipimg.interestprint.com/data/product/5973/img/20260715/20260715172137674670_250x250.jpg,https://www.interestprint.com/custom/sherpa_fleece_blanket_90_x_108_ships_from_usa-5973.html
3284,454,Area Rug 7' x 5',Home Decor,54.99,79.99,25.0,31.3,,https://ipimg.interestprint.com/data/product/454/img/20160928/20160928021122834719_250x250.jpg,https://www.interestprint.com/custom/area_rug_7_x_5-454.html
3285,1913,Area Rug with Black Binding 7'x5',Home Decor,55.99,85.99,30.0,34.9,,https://ipimg.interestprint.com/data/product/1913/img/20210516/20210516204415555219_250x250.jpg,https://www.interestprint.com/custom/area_rug_with_black_binding_7_x5-1913.html
3286,4668,"Triptych Decorative Frame 16"" × 20"" | Ships from USA",U.S. Fulfillment,57.09,89.99,32.9,36.6,,https://ipimg.interestprint.com/data/product/4668/img/20260109/20260109012746416163_250x250.jpg,https://www.interestprint.com/custom/3_panel_canvas_print_16_20-4668.html
3287,453,Area Rug 10' x 3.2',Home Decor,58.99,89.99,31.0,34.4,,https://ipimg.interestprint.com/data/product/453/img/20160928/20160928021239592431_250x250.jpg,https://www.interestprint.com/custom/area_rug_10_x_3_3-453.html
3288,1915,Area Rug with Black Binding  10'x3'3'',Home Decor,59.99,89.99,30.0,33.3,,https://ipimg.interestprint.com/data/product/1915/img/20210516/20210516234033834405_250x250.jpg,https://www.interestprint.com/custom/area_rug_with_black_binding_10_x3_3-1915.html
